image,scen_type,concrete,timestep,cm,selected,dmttcp,err
Image_0_LK_CIR_MER_RAB_FOT_1_591.png,LK_CIR_MER_RAB_FOT,1,591,0,0,3.0667067031445128,
Image_0_LK_CIR_MER_RAB_FOT_1_91.png,LK_CIR_MER_RAB_FOT,1,91,0,0,2.698385886466011,
Image_53_LK_CIR_MER_RAB_FOT_2_341.png,LK_CIR_MER_RAB_FOT,2,341,53,0,nan,
Image_53_LK_CIR_MER_RAB_FOT_2_391.png,LK_CIR_MER_RAB_FOT,2,391,53,0,nan,
Image_53_LK_CIR_MER_RAB_FOT_2_396.png,LK_CIR_MER_RAB_FOT,2,396,53,0,nan,
Image_53_LK_CIR_MER_RAB_FOT_2_421.png,LK_CIR_MER_RAB_FOT,2,421,53,0,nan,
Image_53_LK_CIR_MER_RAB_FOT_2_431.png,LK_CIR_MER_RAB_FOT,2,431,53,0,nan,
Image_0_LK_CIR_MER_RAB_FOT_3_91.png,LK_CIR_MER_RAB_FOT,3,91,0,0,2.9390846029970223,
Image_0_LK_CIR_MER_RAB_FOT_6_1046.png,LK_CIR_MER_RAB_FOT,6,1046,0,0,0.2296344521644169,
Image_0_LK_CIR_MER_RAB_FOT_6_1146.png,LK_CIR_MER_RAB_FOT,6,1146,0,0,4.188914270629366,
Image_0_LK_CIR_MER_RAB_FOT_6_1346.png,LK_CIR_MER_RAB_FOT,6,1346,0,0,nan,
Image_0_LK_CIR_MER_RAB_FOT_7_1296.png,LK_CIR_MER_RAB_FOT,7,1296,0,0,0.5966426204442188,
Image_0_LK_CIR_MER_RAB_FOT_7_1596.png,LK_CIR_MER_RAB_FOT,7,1596,0,0,nan,
Image_0_LK_CIR_MER_RAB_FOT_7_396.png,LK_CIR_MER_RAB_FOT,7,396,0,1,0.007516666927479321,
Image_23_LK_CIR_MER_RAB_FOT_8_171.png,LK_CIR_MER_RAB_FOT,8,171,23,0,nan,
Image_23_LK_CIR_MER_RAB_FOT_8_176.png,LK_CIR_MER_RAB_FOT,8,176,23,0,nan,
Image_23_LK_CIR_MER_RAB_FOT_8_231.png,LK_CIR_MER_RAB_FOT,8,231,23,0,nan,
Image_23_LK_CIR_MER_RAB_FOT_8_271.png,LK_CIR_MER_RAB_FOT,8,271,23,0,nan,
Image_0_LK_CIR_MER_RAB_FOT_9_191.png,LK_CIR_MER_RAB_FOT,9,191,0,0,2.648769101223779,
Image_0_LK_CIR_MER_RAB_FOT_10_191.png,LK_CIR_MER_RAB_FOT,10,191,0,0,1.3062924580775443,
Image_0_LK_CIR_MER_RAB_FOT_10_391.png,LK_CIR_MER_RAB_FOT,10,391,0,0,1.4004536123990918,
Image_0_LK_CIR_MER_RAB_FOT_11_1091.png,LK_CIR_MER_RAB_FOT,11,1091,0,0,nan,
Image_0_LK_CIR_MER_RAB_FOT_11_191.png,LK_CIR_MER_RAB_FOT,11,191,0,0,1.282688770396652,
Image_0_LK_CIR_MER_RAB_FOT_14_291.png,LK_CIR_MER_RAB_FOT,14,291,0,0,3.3952701875040603,
Image_53_LK_CIR_MER_RAB_FOT_15_246.png,LK_CIR_MER_RAB_FOT,15,246,53,0,nan,
Image_53_LK_CIR_MER_RAB_FOT_15_251.png,LK_CIR_MER_RAB_FOT,15,251,53,0,nan,
Image_53_LK_CIR_MER_RAB_FOT_15_266.png,LK_CIR_MER_RAB_FOT,15,266,53,0,nan,
Image_53_LK_CIR_MER_RAB_FOT_15_326.png,LK_CIR_MER_RAB_FOT,15,326,53,0,nan,
Image_53_LK_CIR_MER_RAB_FOT_15_341.png,LK_CIR_MER_RAB_FOT,15,341,53,0,nan,
Image_0_LK_CIR_MER_RAB_FOT_18_91.png,LK_CIR_MER_RAB_FOT,18,91,0,0,4.272070085408578,
Image_0_LK_CIR_MER_RAB_FOT_19_191.png,LK_CIR_MER_RAB_FOT,19,191,0,0,1.0213830918375812,
Image_0_LK_CIR_MER_RAB_FOT_19_291.png,LK_CIR_MER_RAB_FOT,19,291,0,0,0.8645007421961148,
Image_0_LK_CIR_MER_RAB_FOT_19_491.png,LK_CIR_MER_RAB_FOT,19,491,0,0,0.5637098815562439,
Image_0_LK_CIR_MER_RAB_FOT_21_306.png,LK_CIR_MER_RAB_FOT,21,306,0,0,1.7466505235370362,
Image_0_LK_CIR_MER_RAB_FOT_22_611.png,LK_CIR_MER_RAB_FOT,22,611,0,0,1.2914220352122885,
Image_43_LK_CIR_MER_RAB_FOT_23_101.png,LK_CIR_MER_RAB_FOT,23,101,43,0,nan,
Image_43_LK_CIR_MER_RAB_FOT_23_116.png,LK_CIR_MER_RAB_FOT,23,116,43,0,nan,
Image_43_LK_CIR_MER_RAB_FOT_23_121.png,LK_CIR_MER_RAB_FOT,23,121,43,0,nan,
Image_43_LK_CIR_MER_RAB_FOT_23_126.png,LK_CIR_MER_RAB_FOT,23,126,43,0,nan,
Image_43_LK_CIR_MER_RAB_FOT_23_151.png,LK_CIR_MER_RAB_FOT,23,151,43,0,nan,
Image_43_LK_CIR_MER_RAB_FOT_23_161.png,LK_CIR_MER_RAB_FOT,23,161,43,0,nan,
Image_43_LK_CIR_MER_RAB_FOT_23_176.png,LK_CIR_MER_RAB_FOT,23,176,43,0,nan,
Image_43_LK_CIR_MER_RAB_FOT_23_186.png,LK_CIR_MER_RAB_FOT,23,186,43,0,nan,
Image_43_LK_CIR_MER_RAB_FOT_23_241.png,LK_CIR_MER_RAB_FOT,23,241,43,0,nan,
Image_0_LK_CIR_MER_RAB_FOT_24_191.png,LK_CIR_MER_RAB_FOT,24,191,0,0,6.2126994589221205,
Image_11_LK_CIR_MER_RAB_FOT_25_1011.png,LK_CIR_MER_RAB_FOT,25,1011,11,0,nan,
Image_11_LK_CIR_MER_RAB_FOT_25_1031.png,LK_CIR_MER_RAB_FOT,25,1031,11,0,nan,
Image_11_LK_CIR_MER_RAB_FOT_25_1046.png,LK_CIR_MER_RAB_FOT,25,1046,11,0,nan,
Image_11_LK_CIR_MER_RAB_FOT_25_1051.png,LK_CIR_MER_RAB_FOT,25,1051,11,0,nan,
Image_11_LK_CIR_MER_RAB_FOT_25_926.png,LK_CIR_MER_RAB_FOT,25,926,11,0,1.198981562388477,
Image_11_LK_CIR_MER_RAB_FOT_25_941.png,LK_CIR_MER_RAB_FOT,25,941,11,0,0.9618872349079158,
Image_11_LK_CIR_MER_RAB_FOT_25_976.png,LK_CIR_MER_RAB_FOT,25,976,11,0,0.7092524203573123,
Image_11_LK_CIR_MER_RAB_FOT_25_996.png,LK_CIR_MER_RAB_FOT,25,996,11,0,0.641338022983197,
Image_53_LK_CIR_MER_RAB_FOT_26_671.png,LK_CIR_MER_RAB_FOT,26,671,53,0,nan,
Image_53_LK_CIR_MER_RAB_FOT_26_696.png,LK_CIR_MER_RAB_FOT,26,696,53,0,nan,
Image_53_LK_CIR_MER_RAB_FOT_26_711.png,LK_CIR_MER_RAB_FOT,26,711,53,0,nan,
Image_53_LK_CIR_MER_RAB_FOT_26_771.png,LK_CIR_MER_RAB_FOT,26,771,53,0,nan,
Image_53_LK_CIR_MER_RAB_FOT_26_776.png,LK_CIR_MER_RAB_FOT,26,776,53,0,nan,
Image_53_LK_CIR_MER_RAB_FOT_26_811.png,LK_CIR_MER_RAB_FOT,26,811,53,0,nan,
Image_0_LK_CIR_MER_RAB_FOT_27_91.png,LK_CIR_MER_RAB_FOT,27,91,0,0,2.3074616507133756,
Image_23_LK_CIR_MER_RAB_FOT_28_176.png,LK_CIR_MER_RAB_FOT,28,176,23,0,nan,
Image_23_LK_CIR_MER_RAB_FOT_28_211.png,LK_CIR_MER_RAB_FOT,28,211,23,0,nan,
Image_23_LK_CIR_MER_RAB_FOT_28_251.png,LK_CIR_MER_RAB_FOT,28,251,23,0,nan,
Image_23_LK_CIR_MER_RAB_FOT_28_271.png,LK_CIR_MER_RAB_FOT,28,271,23,0,nan,
Image_23_LK_CIR_MER_RAB_FOT_28_286.png,LK_CIR_MER_RAB_FOT,28,286,23,0,nan,
Image_23_LK_CIR_MER_RAB_FOT_28_316.png,LK_CIR_MER_RAB_FOT,28,316,23,0,nan,
Image_23_LK_CIR_MER_RAB_FOT_29_111.png,LK_CIR_MER_RAB_FOT,29,111,23,0,nan,
Image_23_LK_CIR_MER_RAB_FOT_29_176.png,LK_CIR_MER_RAB_FOT,29,176,23,0,nan,
Image_23_LK_CIR_MER_RAB_FOT_29_216.png,LK_CIR_MER_RAB_FOT,29,216,23,0,nan,
Image_23_LK_CIR_MER_RAB_FOT_29_226.png,LK_CIR_MER_RAB_FOT,29,226,23,0,nan,
Image_23_LK_CIR_MER_RAB_FOT_29_231.png,LK_CIR_MER_RAB_FOT,29,231,23,0,nan,
Image_23_LK_CIR_MER_RAB_FOT_29_236.png,LK_CIR_MER_RAB_FOT,29,236,23,0,nan,
Image_51_LK_CIR_MER_RAB_FOT_30_601.png,LK_CIR_MER_RAB_FOT,30,601,51,0,1.080580241944104,
Image_51_LK_CIR_MER_RAB_FOT_30_631.png,LK_CIR_MER_RAB_FOT,30,631,51,0,0.9544200297674356,
Image_51_LK_CIR_MER_RAB_FOT_30_661.png,LK_CIR_MER_RAB_FOT,30,661,51,0,nan,
Image_51_LK_CIR_MER_RAB_FOT_30_721.png,LK_CIR_MER_RAB_FOT,30,721,51,0,nan,
Image_0_LK_CIR_MER_RAB_FOT_31_291.png,LK_CIR_MER_RAB_FOT,31,291,0,0,3.7048447019725166,
Image_0_LK_CIR_MER_RAB_FOT_31_391.png,LK_CIR_MER_RAB_FOT,31,391,0,0,3.4756569506396238,
Image_0_LK_CIR_MER_RAB_FOT_32_286.png,LK_CIR_MER_RAB_FOT,32,286,0,0,1.0892756345025747,
Image_0_LK_CIR_MER_RAB_FOT_32_786.png,LK_CIR_MER_RAB_FOT,32,786,0,0,0.6346987183397546,
Image_0_LK_CIR_MER_RAB_FOT_33_91.png,LK_CIR_MER_RAB_FOT,33,91,0,0,4.812926596670982,
Image_11_LK_CIR_MER_RAB_FOT_34_1011.png,LK_CIR_MER_RAB_FOT,34,1011,11,0,0.6579126504472932,
Image_11_LK_CIR_MER_RAB_FOT_34_1016.png,LK_CIR_MER_RAB_FOT,34,1016,11,0,0.6403562244844702,
Image_11_LK_CIR_MER_RAB_FOT_34_1046.png,LK_CIR_MER_RAB_FOT,34,1046,11,0,nan,
Image_11_LK_CIR_MER_RAB_FOT_34_1061.png,LK_CIR_MER_RAB_FOT,34,1061,11,0,nan,
Image_11_LK_CIR_MER_RAB_FOT_34_1081.png,LK_CIR_MER_RAB_FOT,34,1081,11,0,nan,
Image_11_LK_CIR_MER_RAB_FOT_34_1086.png,LK_CIR_MER_RAB_FOT,34,1086,11,0,nan,
Image_0_LK_CIR_MER_RAB_FOT_35_391.png,LK_CIR_MER_RAB_FOT,35,391,0,0,4.507182107063498,
Image_0_LK_CIR_MER_RAB_FOT_35_91.png,LK_CIR_MER_RAB_FOT,35,91,0,0,5.05909317997826,
Image_13_LK_CIR_MER_RAB_FOT_36_201.png,LK_CIR_MER_RAB_FOT,36,201,13,0,nan,
Image_13_LK_CIR_MER_RAB_FOT_36_216.png,LK_CIR_MER_RAB_FOT,36,216,13,0,nan,
Image_13_LK_CIR_MER_RAB_FOT_36_221.png,LK_CIR_MER_RAB_FOT,36,221,13,0,nan,
Image_13_LK_CIR_MER_RAB_FOT_36_231.png,LK_CIR_MER_RAB_FOT,36,231,13,0,nan,
Image_13_LK_CIR_MER_RAB_FOT_36_271.png,LK_CIR_MER_RAB_FOT,36,271,13,0,nan,
Image_13_LK_CIR_MER_RAB_FOT_36_281.png,LK_CIR_MER_RAB_FOT,36,281,13,0,nan,
Image_51_LK_CIR_MER_RAB_FOT_38_646.png,LK_CIR_MER_RAB_FOT,38,646,51,0,0.9350508826454328,
Image_51_LK_CIR_MER_RAB_FOT_38_651.png,LK_CIR_MER_RAB_FOT,38,651,51,0,0.9339154122298146,
Image_51_LK_CIR_MER_RAB_FOT_38_656.png,LK_CIR_MER_RAB_FOT,38,656,51,0,0.9328257793769745,
Image_51_LK_CIR_MER_RAB_FOT_38_671.png,LK_CIR_MER_RAB_FOT,38,671,51,0,0.9298510752585931,
Image_51_LK_CIR_MER_RAB_FOT_38_721.png,LK_CIR_MER_RAB_FOT,38,721,51,0,nan,
Image_51_LK_CIR_MER_RAB_FOT_38_756.png,LK_CIR_MER_RAB_FOT,38,756,51,0,nan,
Image_51_LK_CIR_MER_RAB_FOT_38_781.png,LK_CIR_MER_RAB_FOT,38,781,51,0,nan,
Image_51_LK_CIR_MER_RAB_FOT_38_786.png,LK_CIR_MER_RAB_FOT,38,786,51,0,nan,
Image_0_LK_CIR_MER_RAB_FOT_41_91.png,LK_CIR_MER_RAB_FOT,41,91,0,0,3.922723032709255,
Image_23_LK_CIR_MER_RAB_FOT_42_146.png,LK_CIR_MER_RAB_FOT,42,146,23,0,nan,
Image_23_LK_CIR_MER_RAB_FOT_42_176.png,LK_CIR_MER_RAB_FOT,42,176,23,1,nan,
Image_23_LK_CIR_MER_RAB_FOT_42_206.png,LK_CIR_MER_RAB_FOT,42,206,23,0,nan,
Image_23_LK_CIR_MER_RAB_FOT_42_231.png,LK_CIR_MER_RAB_FOT,42,231,23,1,nan,
Image_23_LK_CIR_MER_RAB_FOT_42_241.png,LK_CIR_MER_RAB_FOT,42,241,23,1,nan,
Image_23_LK_CIR_MER_RAB_FOT_42_266.png,LK_CIR_MER_RAB_FOT,42,266,23,0,nan,
Image_0_LK_CIR_MER_RAB_FOT_43_491.png,LK_CIR_MER_RAB_FOT,43,491,0,0,2.7559200818712597,
Image_0_LK_CIR_MER_RAB_FOT_43_91.png,LK_CIR_MER_RAB_FOT,43,91,0,0,2.9359714713385383,
Image_53_LK_CIR_MER_RAB_FOT_45_156.png,LK_CIR_MER_RAB_FOT,45,156,53,0,nan,
Image_53_LK_CIR_MER_RAB_FOT_45_161.png,LK_CIR_MER_RAB_FOT,45,161,53,0,nan,
Image_53_LK_CIR_MER_RAB_FOT_45_171.png,LK_CIR_MER_RAB_FOT,45,171,53,0,nan,
Image_53_LK_CIR_MER_RAB_FOT_45_176.png,LK_CIR_MER_RAB_FOT,45,176,53,0,nan,
Image_53_LK_CIR_MER_RAB_FOT_45_236.png,LK_CIR_MER_RAB_FOT,45,236,53,0,nan,
Image_53_LK_CIR_MER_RAB_FOT_45_241.png,LK_CIR_MER_RAB_FOT,45,241,53,0,nan,
Image_53_LK_CIR_MER_RAB_FOT_45_246.png,LK_CIR_MER_RAB_FOT,45,246,53,0,nan,
Image_53_LK_CIR_MER_RAB_FOT_45_251.png,LK_CIR_MER_RAB_FOT,45,251,53,0,nan,
Image_53_LK_CIR_MER_RAB_FOT_45_261.png,LK_CIR_MER_RAB_FOT,45,261,53,0,nan,
Image_53_LK_CIR_MER_RAB_FOT_45_281.png,LK_CIR_MER_RAB_FOT,45,281,53,0,nan,
Image_0_LK_CIR_MER_RAB_FOT_47_1111.png,LK_CIR_MER_RAB_FOT,47,1111,0,0,nan,
Image_0_LK_CIR_MER_RAB_FOT_47_911.png,LK_CIR_MER_RAB_FOT,47,911,0,0,1.245662963855153,
Image_0_LK_CIR_MER_RAB_FOT_48_291.png,LK_CIR_MER_RAB_FOT,48,291,0,0,0.19198873423967555,
Image_0_LK_CIR_MER_RAB_FOT_48_491.png,LK_CIR_MER_RAB_FOT,48,491,0,0,24.18339509845743,
Image_0_LK_CIR_MER_RAB_FOT_48_691.png,LK_CIR_MER_RAB_FOT,48,691,0,0,0.006359050725808668,
Image_0_LK_CIR_MER_RAB_FOT_48_91.png,LK_CIR_MER_RAB_FOT,48,91,0,0,0.6136783506272829,
Image_0_LK_CIR_MER_RAB_FOT_49_391.png,LK_CIR_MER_RAB_FOT,49,391,0,0,3.9720050449613487,
Image_0_LK_CIR_MER_RAB_FOT_50_291.png,LK_CIR_MER_RAB_FOT,50,291,0,0,4.444328646989264,
Image_0_LK_CIR_MER_RAB_FOT_51_491.png,LK_CIR_MER_RAB_FOT,51,491,0,0,11.590142128767482,
Image_0_LK_CIR_MER_RAB_FOT_52_1691.png,LK_CIR_MER_RAB_FOT,52,1691,0,0,nan,
Image_0_LK_CIR_MER_RAB_FOT_52_191.png,LK_CIR_MER_RAB_FOT,52,191,0,0,2.5045354945754172,
Image_33_LK_CIR_MER_RAB_FOT_55_121.png,LK_CIR_MER_RAB_FOT,55,121,33,0,nan,
Image_33_LK_CIR_MER_RAB_FOT_55_131.png,LK_CIR_MER_RAB_FOT,55,131,33,1,nan,
Image_33_LK_CIR_MER_RAB_FOT_55_136.png,LK_CIR_MER_RAB_FOT,55,136,33,0,nan,
Image_33_LK_CIR_MER_RAB_FOT_55_151.png,LK_CIR_MER_RAB_FOT,55,151,33,0,nan,
Image_33_LK_CIR_MER_RAB_FOT_55_156.png,LK_CIR_MER_RAB_FOT,55,156,33,0,nan,
Image_33_LK_CIR_MER_RAB_FOT_55_166.png,LK_CIR_MER_RAB_FOT,55,166,33,0,nan,
Image_33_LK_CIR_MER_RAB_FOT_55_176.png,LK_CIR_MER_RAB_FOT,55,176,33,0,nan,
Image_33_LK_CIR_MER_RAB_FOT_55_186.png,LK_CIR_MER_RAB_FOT,55,186,33,0,nan,
Image_33_LK_CIR_MER_RAB_FOT_55_201.png,LK_CIR_MER_RAB_FOT,55,201,33,0,nan,
Image_33_LK_CIR_MER_RAB_FOT_55_211.png,LK_CIR_MER_RAB_FOT,55,211,33,0,nan,
Image_33_LK_CIR_MER_RAB_FOT_55_216.png,LK_CIR_MER_RAB_FOT,55,216,33,0,nan,
Image_0_LK_CIR_MER_RAB_FOT_56_726.png,LK_CIR_MER_RAB_FOT,56,726,0,0,1.6595809416889866,
Image_0_LK_CIR_MER_RAB_FOT_58_391.png,LK_CIR_MER_RAB_FOT,58,391,0,0,3.0433419040023706,
Image_0_LK_CIR_MER_RAB_FOT_58_491.png,LK_CIR_MER_RAB_FOT,58,491,0,0,3.3158059882013338,
Image_0_LK_CIR_MER_RAB_FOT_59_591.png,LK_CIR_MER_RAB_FOT,59,591,0,0,2.413897168173724,
Image_33_LK_CIR_MER_RAB_FOT_60_301.png,LK_CIR_MER_RAB_FOT,60,301,33,0,nan,
Image_33_LK_CIR_MER_RAB_FOT_60_321.png,LK_CIR_MER_RAB_FOT,60,321,33,1,nan,
Image_33_LK_CIR_MER_RAB_FOT_60_326.png,LK_CIR_MER_RAB_FOT,60,326,33,0,nan,
Image_33_LK_CIR_MER_RAB_FOT_60_331.png,LK_CIR_MER_RAB_FOT,60,331,33,1,nan,
Image_33_LK_CIR_MER_RAB_FOT_60_341.png,LK_CIR_MER_RAB_FOT,60,341,33,0,nan,
Image_33_LK_CIR_MER_RAB_FOT_60_346.png,LK_CIR_MER_RAB_FOT,60,346,33,0,nan,
Image_33_LK_CIR_MER_RAB_FOT_60_351.png,LK_CIR_MER_RAB_FOT,60,351,33,0,nan,
Image_33_LK_CIR_MER_RAB_FOT_60_361.png,LK_CIR_MER_RAB_FOT,60,361,33,0,nan,
Image_33_LK_CIR_MER_RAB_FOT_60_401.png,LK_CIR_MER_RAB_FOT,60,401,33,0,nan,
Image_33_LK_CIR_MER_RAB_FOT_60_411.png,LK_CIR_MER_RAB_FOT,60,411,33,0,nan,
Image_33_LK_CIR_MER_RAB_FOT_60_421.png,LK_CIR_MER_RAB_FOT,60,421,33,0,nan,
Image_43_LK_CIR_MER_RAB_FOT_61_191.png,LK_CIR_MER_RAB_FOT,61,191,43,0,nan,
Image_43_LK_CIR_MER_RAB_FOT_61_206.png,LK_CIR_MER_RAB_FOT,61,206,43,0,nan,
Image_43_LK_CIR_MER_RAB_FOT_61_221.png,LK_CIR_MER_RAB_FOT,61,221,43,0,nan,
Image_0_LK_CIR_MER_RAB_FOT_62_491.png,LK_CIR_MER_RAB_FOT,62,491,0,0,1.4485331933264491,
Image_0_LK_CIR_MER_RAB_FOT_62_591.png,LK_CIR_MER_RAB_FOT,62,591,0,0,1.5574340089110614,
Image_0_LK_CIR_MER_RAB_FOT_62_691.png,LK_CIR_MER_RAB_FOT,62,691,0,0,1.6434425005938145,
Image_23_LK_CIR_MER_RAB_FOT_64_256.png,LK_CIR_MER_RAB_FOT,64,256,23,0,nan,
Image_23_LK_CIR_MER_RAB_FOT_64_266.png,LK_CIR_MER_RAB_FOT,64,266,23,0,nan,
Image_23_LK_CIR_MER_RAB_FOT_64_276.png,LK_CIR_MER_RAB_FOT,64,276,23,0,nan,
Image_11_LK_CIR_MER_RAB_FOT_65_766.png,LK_CIR_MER_RAB_FOT,65,766,11,0,0.4640470498300069,
Image_11_LK_CIR_MER_RAB_FOT_65_796.png,LK_CIR_MER_RAB_FOT,65,796,11,0,nan,
Image_0_LK_CIR_MER_RAB_FOT_66_391.png,LK_CIR_MER_RAB_FOT,66,391,0,0,2.44199382872716,
Image_0_LK_CIR_MER_RAB_FOT_66_591.png,LK_CIR_MER_RAB_FOT,66,591,0,0,3.4634265636040693,
Image_0_LK_CIR_MER_RAB_FOT_68_291.png,LK_CIR_MER_RAB_FOT,68,291,0,0,24.56697309377706,
Image_0_LK_CIR_MER_RAB_FOT_68_391.png,LK_CIR_MER_RAB_FOT,68,391,0,0,2.5850565889666823,
Image_0_LK_CIR_MER_RAB_FOT_68_691.png,LK_CIR_MER_RAB_FOT,68,691,0,0,1.1126181645426036,
Image_0_LK_CIR_MER_RAB_FOT_68_891.png,LK_CIR_MER_RAB_FOT,68,891,0,0,nan,
Image_13_LK_CIR_MER_RAB_FOT_69_281.png,LK_CIR_MER_RAB_FOT,69,281,13,0,nan,
Image_13_LK_CIR_MER_RAB_FOT_69_291.png,LK_CIR_MER_RAB_FOT,69,291,13,0,nan,
Image_0_LK_CIR_MER_RAB_FOT_70_316.png,LK_CIR_MER_RAB_FOT,70,316,0,0,2.331754930609723,
Image_0_LK_CIR_MER_RAB_FOT_71_1436.png,LK_CIR_MER_RAB_FOT,71,1436,0,0,0.013224485586077472,
Image_0_LK_CIR_MER_RAB_FOT_71_536.png,LK_CIR_MER_RAB_FOT,71,536,0,0,0.3867699550489956,
Image_0_LK_CIR_MER_RAB_FOT_71_836.png,LK_CIR_MER_RAB_FOT,71,836,0,0,16.897649712289613,
Image_33_LK_CIR_MER_RAB_FOT_72_321.png,LK_CIR_MER_RAB_FOT,72,321,33,0,nan,
Image_33_LK_CIR_MER_RAB_FOT_72_366.png,LK_CIR_MER_RAB_FOT,72,366,33,0,nan,
Image_33_LK_CIR_MER_RAB_FOT_72_381.png,LK_CIR_MER_RAB_FOT,72,381,33,0,nan,
Image_33_LK_CIR_MER_RAB_FOT_72_436.png,LK_CIR_MER_RAB_FOT,72,436,33,0,nan,
Image_13_LK_CIR_MER_RAB_FOT_73_101.png,LK_CIR_MER_RAB_FOT,73,101,13,0,nan,
Image_13_LK_CIR_MER_RAB_FOT_73_166.png,LK_CIR_MER_RAB_FOT,73,166,13,0,nan,
Image_13_LK_CIR_MER_RAB_FOT_73_91.png,LK_CIR_MER_RAB_FOT,73,91,13,0,nan,
Image_0_LK_CIR_MER_RAB_FOT_75_391.png,LK_CIR_MER_RAB_FOT,75,391,0,0,0.9197370752310745,
Image_0_LK_CIR_MER_RAB_FOT_75_491.png,LK_CIR_MER_RAB_FOT,75,491,0,0,22.878845246946526,
Image_0_LK_CIR_MER_RAB_FOT_77_291.png,LK_CIR_MER_RAB_FOT,77,291,0,0,3.910060140056006,
Image_0_LK_CIR_MER_RAB_FOT_78_391.png,LK_CIR_MER_RAB_FOT,78,391,0,0,3.2607705567280227,
Image_13_LK_CIR_MER_RAB_FOT_79_111.png,LK_CIR_MER_RAB_FOT,79,111,13,0,nan,
Image_13_LK_CIR_MER_RAB_FOT_79_126.png,LK_CIR_MER_RAB_FOT,79,126,13,0,nan,
Image_13_LK_CIR_MER_RAB_FOT_79_156.png,LK_CIR_MER_RAB_FOT,79,156,13,0,nan,
Image_13_LK_CIR_MER_RAB_FOT_79_236.png,LK_CIR_MER_RAB_FOT,79,236,13,0,nan,
Image_13_LK_CIR_MER_RAB_FOT_79_241.png,LK_CIR_MER_RAB_FOT,79,241,13,0,nan,
Image_0_LK_CIR_MER_RAB_FOT_80_1121.png,LK_CIR_MER_RAB_FOT,80,1121,0,0,1.459940672794796,
Image_0_LK_CIR_MER_RAB_FOT_80_1521.png,LK_CIR_MER_RAB_FOT,80,1521,0,0,0.6687993673475829,
Image_0_LK_CIR_MER_RAB_FOT_80_421.png,LK_CIR_MER_RAB_FOT,80,421,0,0,0.0002298622719134613,
Image_0_LK_CIR_MER_RAB_FOT_80_621.png,LK_CIR_MER_RAB_FOT,80,621,0,0,0.0007445296324117834,
Image_0_LK_CIR_MER_RAB_FOT_80_721.png,LK_CIR_MER_RAB_FOT,80,721,0,0,0.002493154017233934,
Image_0_LK_CIR_MER_RAB_FOT_80_821.png,LK_CIR_MER_RAB_FOT,80,821,0,0,0.008426083775576743,
Image_11_LK_CIR_MER_RAB_FOT_81_1006.png,LK_CIR_MER_RAB_FOT,81,1006,11,0,0.9251081725477575,
Image_11_LK_CIR_MER_RAB_FOT_81_1021.png,LK_CIR_MER_RAB_FOT,81,1021,11,0,0.7972140862519265,
Image_11_LK_CIR_MER_RAB_FOT_81_1061.png,LK_CIR_MER_RAB_FOT,81,1061,11,0,nan,
Image_11_LK_CIR_MER_RAB_FOT_81_1066.png,LK_CIR_MER_RAB_FOT,81,1066,11,0,nan,
Image_11_LK_CIR_MER_RAB_FOT_81_1071.png,LK_CIR_MER_RAB_FOT,81,1071,11,0,nan,
Image_11_LK_CIR_MER_RAB_FOT_81_1096.png,LK_CIR_MER_RAB_FOT,81,1096,11,0,nan,
Image_11_LK_CIR_MER_RAB_FOT_81_1101.png,LK_CIR_MER_RAB_FOT,81,1101,11,0,nan,
Image_11_LK_CIR_MER_RAB_FOT_81_1106.png,LK_CIR_MER_RAB_FOT,81,1106,11,0,nan,
Image_11_LK_CIR_MER_RAB_FOT_81_961.png,LK_CIR_MER_RAB_FOT,81,961,11,1,1.9904095561677373,
Image_0_LK_CIR_MER_RAB_FOT_86_1021.png,LK_CIR_MER_RAB_FOT,86,1021,0,0,nan,
Image_0_LK_CIR_MER_RAB_FOT_86_221.png,LK_CIR_MER_RAB_FOT,86,221,0,0,1.0683388568041785,
Image_0_LK_CIR_MER_RAB_FOT_86_821.png,LK_CIR_MER_RAB_FOT,86,821,0,0,0.7334891358608779,
Image_0_LK_CIR_MER_RAB_FOT_87_1471.png,LK_CIR_MER_RAB_FOT,87,1471,0,0,0.4254053320853607,
Image_0_LK_CIR_MER_RAB_FOT_87_471.png,LK_CIR_MER_RAB_FOT,87,471,0,0,0.015577546594379044,
Image_0_LK_CIR_MER_RAB_FOT_88_291.png,LK_CIR_MER_RAB_FOT,88,291,0,0,1.7121778954293345,
Image_0_LK_CIR_MER_RAB_FOT_88_691.png,LK_CIR_MER_RAB_FOT,88,691,0,0,2.772890877376591,
Image_0_LK_CIR_MER_RAB_FOT_89_391.png,LK_CIR_MER_RAB_FOT,89,391,0,1,3.0888543353210682,
Image_0_LK_CIR_MER_RAB_FOT_89_491.png,LK_CIR_MER_RAB_FOT,89,491,0,1,0.6791882626643568,
Image_0_LK_CIR_MER_RAB_FOT_90_291.png,LK_CIR_MER_RAB_FOT,90,291,0,0,2.8320804533120834,
Image_12_LK_CIR_MER_RAB_FOT_91_716.png,LK_CIR_MER_RAB_FOT,91,716,12,0,0.5533688315966134,
Image_12_LK_CIR_MER_RAB_FOT_91_721.png,LK_CIR_MER_RAB_FOT,91,721,12,0,0.5397773715725115,
Image_12_LK_CIR_MER_RAB_FOT_91_841.png,LK_CIR_MER_RAB_FOT,91,841,12,0,nan,
Image_12_LK_CIR_MER_RAB_FOT_91_856.png,LK_CIR_MER_RAB_FOT,91,856,12,0,nan,
Image_13_LK_CIR_MER_RAB_FOT_92_171.png,LK_CIR_MER_RAB_FOT,92,171,13,1,nan,
Image_13_LK_CIR_MER_RAB_FOT_92_186.png,LK_CIR_MER_RAB_FOT,92,186,13,0,nan,
Image_13_LK_CIR_MER_RAB_FOT_92_216.png,LK_CIR_MER_RAB_FOT,92,216,13,0,nan,
Image_13_LK_CIR_MER_RAB_FOT_92_246.png,LK_CIR_MER_RAB_FOT,92,246,13,0,nan,
Image_13_LK_CIR_MER_RAB_FOT_92_256.png,LK_CIR_MER_RAB_FOT,92,256,13,0,nan,
Image_13_LK_CIR_MER_RAB_FOT_92_296.png,LK_CIR_MER_RAB_FOT,92,296,13,0,nan,
Image_13_LK_CIR_MER_RAB_FOT_92_301.png,LK_CIR_MER_RAB_FOT,92,301,13,0,nan,
Image_51_LK_CIR_MER_RAB_FOT_95_421.png,LK_CIR_MER_RAB_FOT,95,421,51,0,nan,
Image_51_LK_CIR_MER_RAB_FOT_95_461.png,LK_CIR_MER_RAB_FOT,95,461,51,0,nan,
Image_51_LK_CIR_MER_RAB_FOT_95_506.png,LK_CIR_MER_RAB_FOT,95,506,51,0,nan,
Image_0_LK_CIR_MER_RAB_FOT_96_191.png,LK_CIR_MER_RAB_FOT,96,191,0,0,3.4348353602315855,
Image_0_LK_CIR_MER_RAB_FOT_96_291.png,LK_CIR_MER_RAB_FOT,96,291,0,0,3.739409510774069,
Image_0_LK_CIR_MER_RAB_FOT_96_91.png,LK_CIR_MER_RAB_FOT,96,91,0,0,3.27814404446481,
Image_43_LK_CIR_MER_RAB_FOT_98_121.png,LK_CIR_MER_RAB_FOT,98,121,43,0,nan,
Image_43_LK_CIR_MER_RAB_FOT_98_186.png,LK_CIR_MER_RAB_FOT,98,186,43,0,nan,
Image_43_LK_CIR_MER_RAB_FOT_98_196.png,LK_CIR_MER_RAB_FOT,98,196,43,0,nan,
Image_43_LK_CIR_MER_RAB_FOT_98_206.png,LK_CIR_MER_RAB_FOT,98,206,43,0,nan,
Image_43_LK_CIR_MER_RAB_FOT_98_256.png,LK_CIR_MER_RAB_FOT,98,256,43,0,nan,
Image_33_LK_CIR_MER_RAB_FOT_99_531.png,LK_CIR_MER_RAB_FOT,99,531,33,0,nan,
Image_33_LK_CIR_MER_RAB_FOT_99_546.png,LK_CIR_MER_RAB_FOT,99,546,33,0,nan,
Image_33_LK_CIR_MER_RAB_FOT_99_581.png,LK_CIR_MER_RAB_FOT,99,581,33,0,nan,
Image_33_LK_CIR_MER_RAB_FOT_99_586.png,LK_CIR_MER_RAB_FOT,99,586,33,0,nan,
Image_33_LK_CIR_MER_RAB_FOT_99_591.png,LK_CIR_MER_RAB_FOT,99,591,33,0,nan,
Image_33_LK_CIR_MER_RAB_FOT_99_616.png,LK_CIR_MER_RAB_FOT,99,616,33,0,nan,
Image_33_LK_CIR_MER_RAB_FOT_99_636.png,LK_CIR_MER_RAB_FOT,99,636,33,0,nan,
Image_53_LK_CIR_MER_RAB_FOT_100_326.png,LK_CIR_MER_RAB_FOT,100,326,53,0,nan,
Image_53_LK_CIR_MER_RAB_FOT_100_331.png,LK_CIR_MER_RAB_FOT,100,331,53,1,nan,
Image_53_LK_CIR_MER_RAB_FOT_100_356.png,LK_CIR_MER_RAB_FOT,100,356,53,0,nan,
Image_53_LK_CIR_MER_RAB_FOT_100_361.png,LK_CIR_MER_RAB_FOT,100,361,53,0,nan,
Image_53_LK_CIR_MER_RAB_FOT_100_371.png,LK_CIR_MER_RAB_FOT,100,371,53,0,nan,
Image_53_LK_CIR_MER_RAB_FOT_100_381.png,LK_CIR_MER_RAB_FOT,100,381,53,0,nan,
Image_53_LK_CIR_MER_RAB_FOT_100_386.png,LK_CIR_MER_RAB_FOT,100,386,53,0,nan,
Image_53_LK_CIR_MER_RAB_FOT_100_416.png,LK_CIR_MER_RAB_FOT,100,416,53,0,nan,
Image_0_LK_CIR_MER_RAB_FOT_102_726.png,LK_CIR_MER_RAB_FOT,102,726,0,0,3.684839848028206,
Image_43_LK_CIR_MER_RAB_FOT_104_156.png,LK_CIR_MER_RAB_FOT,104,156,43,0,nan,
Image_43_LK_CIR_MER_RAB_FOT_104_161.png,LK_CIR_MER_RAB_FOT,104,161,43,0,nan,
Image_43_LK_CIR_MER_RAB_FOT_104_186.png,LK_CIR_MER_RAB_FOT,104,186,43,0,nan,
Image_43_LK_CIR_MER_RAB_FOT_104_211.png,LK_CIR_MER_RAB_FOT,104,211,43,0,nan,
Image_43_LK_CIR_MER_RAB_FOT_104_221.png,LK_CIR_MER_RAB_FOT,104,221,43,0,nan,
Image_43_LK_CIR_MER_RAB_FOT_104_246.png,LK_CIR_MER_RAB_FOT,104,246,43,0,nan,
Image_43_LK_CIR_MER_RAB_FOT_104_256.png,LK_CIR_MER_RAB_FOT,104,256,43,0,nan,
Image_43_LK_CIR_MER_RAB_FOT_104_261.png,LK_CIR_MER_RAB_FOT,104,261,43,0,nan,
Image_43_LK_CIR_MER_RAB_FOT_104_271.png,LK_CIR_MER_RAB_FOT,104,271,43,0,nan,
Image_0_LK_CIR_MER_RAB_FOT_106_906.png,LK_CIR_MER_RAB_FOT,106,906,0,0,0.1953814663187039,
Image_0_LK_CIR_MER_RAB_FOT_108_791.png,LK_CIR_MER_RAB_FOT,108,791,0,0,1.384699564194024,
Image_0_LK_CIR_MER_RAB_FOT_108_891.png,LK_CIR_MER_RAB_FOT,108,891,0,0,1.3706377527665174,
Image_0_LK_CIR_MER_RAB_FOT_109_491.png,LK_CIR_MER_RAB_FOT,109,491,0,0,2.349159065217989,
Image_0_LK_CIR_MER_RAB_FOT_109_91.png,LK_CIR_MER_RAB_FOT,109,91,0,0,2.0501943091499246,
Image_0_LK_CIR_MER_RAB_FOT_110_391.png,LK_CIR_MER_RAB_FOT,110,391,0,0,4.8808007562193,
Image_0_LK_CIR_MER_RAB_FOT_111_291.png,LK_CIR_MER_RAB_FOT,111,291,0,0,3.255304254907856,
Image_0_LK_CIR_MER_RAB_FOT_111_91.png,LK_CIR_MER_RAB_FOT,111,91,0,0,2.9240943559486587,
Image_13_LK_CIR_MER_RAB_FOT_113_491.png,LK_CIR_MER_RAB_FOT,113,491,13,0,nan,
Image_13_LK_CIR_MER_RAB_FOT_113_521.png,LK_CIR_MER_RAB_FOT,113,521,13,0,nan,
Image_13_LK_CIR_MER_RAB_FOT_113_531.png,LK_CIR_MER_RAB_FOT,113,531,13,0,nan,
Image_13_LK_CIR_MER_RAB_FOT_113_546.png,LK_CIR_MER_RAB_FOT,113,546,13,0,nan,
Image_0_LK_CIR_MER_RAB_FOT_115_191.png,LK_CIR_MER_RAB_FOT,115,191,0,0,3.3859481767212936,
Image_33_LK_CIR_MER_RAB_FOT_120_271.png,LK_CIR_MER_RAB_FOT,120,271,33,0,nan,
Image_33_LK_CIR_MER_RAB_FOT_120_301.png,LK_CIR_MER_RAB_FOT,120,301,33,0,nan,
Image_33_LK_CIR_MER_RAB_FOT_120_361.png,LK_CIR_MER_RAB_FOT,120,361,33,0,nan,
Image_33_LK_CIR_MER_RAB_FOT_120_366.png,LK_CIR_MER_RAB_FOT,120,366,33,0,nan,
Image_33_LK_CIR_MER_RAB_FOT_120_371.png,LK_CIR_MER_RAB_FOT,120,371,33,0,nan,
Image_13_LK_CIR_MER_RAB_FOT_121_276.png,LK_CIR_MER_RAB_FOT,121,276,13,0,nan,
Image_13_LK_CIR_MER_RAB_FOT_121_286.png,LK_CIR_MER_RAB_FOT,121,286,13,0,nan,
Image_13_LK_CIR_MER_RAB_FOT_121_326.png,LK_CIR_MER_RAB_FOT,121,326,13,0,nan,
Image_13_LK_CIR_MER_RAB_FOT_121_331.png,LK_CIR_MER_RAB_FOT,121,331,13,1,nan,
Image_13_LK_CIR_MER_RAB_FOT_121_336.png,LK_CIR_MER_RAB_FOT,121,336,13,0,nan,
Image_13_LK_CIR_MER_RAB_FOT_121_351.png,LK_CIR_MER_RAB_FOT,121,351,13,0,nan,
Image_13_LK_CIR_MER_RAB_FOT_121_366.png,LK_CIR_MER_RAB_FOT,121,366,13,0,nan,
Image_13_LK_CIR_MER_RAB_FOT_121_371.png,LK_CIR_MER_RAB_FOT,121,371,13,0,nan,
Image_0_LK_CIR_MER_RAB_FOT_122_291.png,LK_CIR_MER_RAB_FOT,122,291,0,0,2.872007440918405,
Image_0_LK_CIR_MER_RAB_FOT_122_491.png,LK_CIR_MER_RAB_FOT,122,491,0,0,3.3824527101075015,
Image_0_LK_CIR_MER_RAB_FOT_123_911.png,LK_CIR_MER_RAB_FOT,123,911,0,0,1.3032138917542975,
Image_0_LK_CIR_MER_RAB_FOT_124_291.png,LK_CIR_MER_RAB_FOT,124,291,0,0,1.8436548231400145,
Image_0_LK_CIR_MER_RAB_FOT_126_1371.png,LK_CIR_MER_RAB_FOT,126,1371,0,0,0.015129964336850321,
Image_0_LK_CIR_MER_RAB_FOT_126_471.png,LK_CIR_MER_RAB_FOT,126,471,0,0,0.01035063553811355,
Image_0_LK_CIR_MER_RAB_FOT_126_571.png,LK_CIR_MER_RAB_FOT,126,571,0,1,0.012947683991869852,
Image_0_LK_CIR_MER_RAB_FOT_126_871.png,LK_CIR_MER_RAB_FOT,126,871,0,0,0.007137999118693283,
Image_0_LK_CIR_MER_RAB_FOT_127_91.png,LK_CIR_MER_RAB_FOT,127,91,0,0,5.464845870738401,
Image_0_LK_CIR_MER_RAB_FOT_128_1046.png,LK_CIR_MER_RAB_FOT,128,1046,0,0,3.1973982094969857,
Image_33_LK_CIR_MER_RAB_FOT_130_356.png,LK_CIR_MER_RAB_FOT,130,356,33,0,nan,
Image_33_LK_CIR_MER_RAB_FOT_130_381.png,LK_CIR_MER_RAB_FOT,130,381,33,0,nan,
Image_33_LK_CIR_MER_RAB_FOT_130_386.png,LK_CIR_MER_RAB_FOT,130,386,33,1,nan,
Image_33_LK_CIR_MER_RAB_FOT_130_401.png,LK_CIR_MER_RAB_FOT,130,401,33,0,nan,
Image_33_LK_CIR_MER_RAB_FOT_130_456.png,LK_CIR_MER_RAB_FOT,130,456,33,0,nan,
Image_23_LK_CIR_MER_RAB_FOT_133_401.png,LK_CIR_MER_RAB_FOT,133,401,23,0,nan,
Image_23_LK_CIR_MER_RAB_FOT_133_406.png,LK_CIR_MER_RAB_FOT,133,406,23,0,nan,
Image_23_LK_CIR_MER_RAB_FOT_133_416.png,LK_CIR_MER_RAB_FOT,133,416,23,0,nan,
Image_23_LK_CIR_MER_RAB_FOT_133_441.png,LK_CIR_MER_RAB_FOT,133,441,23,0,nan,
Image_23_LK_CIR_MER_RAB_FOT_133_446.png,LK_CIR_MER_RAB_FOT,133,446,23,0,nan,
Image_23_LK_CIR_MER_RAB_FOT_133_451.png,LK_CIR_MER_RAB_FOT,133,451,23,0,nan,
Image_23_LK_CIR_MER_RAB_FOT_133_476.png,LK_CIR_MER_RAB_FOT,133,476,23,1,nan,
Image_23_LK_CIR_MER_RAB_FOT_133_481.png,LK_CIR_MER_RAB_FOT,133,481,23,0,nan,
Image_23_LK_CIR_MER_RAB_FOT_133_501.png,LK_CIR_MER_RAB_FOT,133,501,23,0,nan,
Image_23_LK_CIR_MER_RAB_FOT_133_511.png,LK_CIR_MER_RAB_FOT,133,511,23,0,nan,
Image_23_LK_CIR_MER_RAB_FOT_133_521.png,LK_CIR_MER_RAB_FOT,133,521,23,0,nan,
Image_23_LK_CIR_MER_RAB_FOT_133_531.png,LK_CIR_MER_RAB_FOT,133,531,23,0,nan,
Image_23_LK_CIR_MER_RAB_FOT_133_536.png,LK_CIR_MER_RAB_FOT,133,536,23,0,nan,
Image_23_LK_CIR_MER_RAB_FOT_133_546.png,LK_CIR_MER_RAB_FOT,133,546,23,0,nan,
Image_0_LK_CIR_MER_RAB_FOT_135_321.png,LK_CIR_MER_RAB_FOT,135,321,0,0,5.292540522626609,
Image_33_LK_CIR_MER_RAB_FOT_136_326.png,LK_CIR_MER_RAB_FOT,136,326,33,0,nan,
Image_33_LK_CIR_MER_RAB_FOT_136_341.png,LK_CIR_MER_RAB_FOT,136,341,33,0,nan,
Image_33_LK_CIR_MER_RAB_FOT_136_351.png,LK_CIR_MER_RAB_FOT,136,351,33,0,nan,
Image_33_LK_CIR_MER_RAB_FOT_136_356.png,LK_CIR_MER_RAB_FOT,136,356,33,0,nan,
Image_33_LK_CIR_MER_RAB_FOT_136_396.png,LK_CIR_MER_RAB_FOT,136,396,33,0,nan,
Image_33_LK_CIR_MER_RAB_FOT_136_406.png,LK_CIR_MER_RAB_FOT,136,406,33,0,nan,
Image_0_LK_CIR_MER_RAB_FOT_139_91.png,LK_CIR_MER_RAB_FOT,139,91,0,0,4.130300585387583,
Image_0_LK_CIR_MER_RAB_FOT_142_391.png,LK_CIR_MER_RAB_FOT,142,391,0,0,4.546122626692987,
Image_0_LK_CIR_MER_RAB_FOT_142_891.png,LK_CIR_MER_RAB_FOT,142,891,0,0,0.8495892179359719,
Image_0_LK_CIR_MER_RAB_FOT_142_91.png,LK_CIR_MER_RAB_FOT,142,91,0,0,0.5477130796796321,
Image_53_LK_CIR_MER_RAB_FOT_143_406.png,LK_CIR_MER_RAB_FOT,143,406,53,1,nan,
Image_53_LK_CIR_MER_RAB_FOT_143_416.png,LK_CIR_MER_RAB_FOT,143,416,53,0,nan,
Image_53_LK_CIR_MER_RAB_FOT_143_431.png,LK_CIR_MER_RAB_FOT,143,431,53,0,nan,
Image_53_LK_CIR_MER_RAB_FOT_143_436.png,LK_CIR_MER_RAB_FOT,143,436,53,0,nan,
Image_53_LK_CIR_MER_RAB_FOT_143_451.png,LK_CIR_MER_RAB_FOT,143,451,53,0,nan,
Image_43_LK_CIR_MER_RAB_FOT_145_256.png,LK_CIR_MER_RAB_FOT,145,256,43,0,nan,
Image_43_LK_CIR_MER_RAB_FOT_145_271.png,LK_CIR_MER_RAB_FOT,145,271,43,0,nan,
Image_43_LK_CIR_MER_RAB_FOT_145_291.png,LK_CIR_MER_RAB_FOT,145,291,43,0,nan,
Image_43_LK_CIR_MER_RAB_FOT_145_316.png,LK_CIR_MER_RAB_FOT,145,316,43,0,nan,
Image_43_LK_CIR_MER_RAB_FOT_145_321.png,LK_CIR_MER_RAB_FOT,145,321,43,0,nan,
Image_43_LK_CIR_MER_RAB_FOT_145_331.png,LK_CIR_MER_RAB_FOT,145,331,43,0,nan,
Image_43_LK_CIR_MER_RAB_FOT_145_346.png,LK_CIR_MER_RAB_FOT,145,346,43,0,nan,
Image_43_LK_CIR_MER_RAB_FOT_145_361.png,LK_CIR_MER_RAB_FOT,145,361,43,0,nan,
Image_53_LK_CIR_MER_RAB_FOT_146_276.png,LK_CIR_MER_RAB_FOT,146,276,53,0,nan,
Image_53_LK_CIR_MER_RAB_FOT_146_306.png,LK_CIR_MER_RAB_FOT,146,306,53,0,nan,
Image_53_LK_CIR_MER_RAB_FOT_146_326.png,LK_CIR_MER_RAB_FOT,146,326,53,0,nan,
Image_53_LK_CIR_MER_RAB_FOT_146_341.png,LK_CIR_MER_RAB_FOT,146,341,53,0,nan,
Image_53_LK_CIR_MER_RAB_FOT_146_351.png,LK_CIR_MER_RAB_FOT,146,351,53,0,nan,
Image_53_LK_CIR_MER_RAB_FOT_146_396.png,LK_CIR_MER_RAB_FOT,146,396,53,0,nan,
Image_53_LK_CIR_MER_RAB_FOT_147_446.png,LK_CIR_MER_RAB_FOT,147,446,53,0,nan,
Image_0_LK_CIR_MER_RAB_FOT_148_201.png,LK_CIR_MER_RAB_FOT,148,201,0,0,6.14673037877435,
Image_0_LK_CIR_MER_RAB_FOT_149_251.png,LK_CIR_MER_RAB_FOT,149,251,0,1,1.2655683272274993,
Image_0_LK_CIR_MER_RAB_FOT_149_951.png,LK_CIR_MER_RAB_FOT,149,951,0,0,nan,
Image_0_LK_CIR_MER_RAB_FOT_150_291.png,LK_CIR_MER_RAB_FOT,150,291,0,0,4.093809352242965,
Image_0_LK_CIR_MER_RAB_FOT_153_291.png,LK_CIR_MER_RAB_FOT,153,291,0,0,1.2079686497807915,
Image_0_LK_CIR_MER_RAB_FOT_154_291.png,LK_CIR_MER_RAB_FOT,154,291,0,0,2.157586589152764,
Image_0_LK_CIR_MER_RAB_FOT_154_991.png,LK_CIR_MER_RAB_FOT,154,991,0,0,nan,
Image_11_LK_CIR_MER_RAB_FOT_155_856.png,LK_CIR_MER_RAB_FOT,155,856,11,0,0.8885399660979709,
Image_11_LK_CIR_MER_RAB_FOT_155_941.png,LK_CIR_MER_RAB_FOT,155,941,11,0,nan,
Image_11_LK_CIR_MER_RAB_FOT_155_976.png,LK_CIR_MER_RAB_FOT,155,976,11,0,nan,
Image_11_LK_CIR_MER_RAB_FOT_155_986.png,LK_CIR_MER_RAB_FOT,155,986,11,0,nan,
Image_0_LK_CIR_MER_RAB_FOT_156_491.png,LK_CIR_MER_RAB_FOT,156,491,0,0,3.5846537566653134,
Image_13_LK_CIR_MER_RAB_FOT_158_336.png,LK_CIR_MER_RAB_FOT,158,336,13,0,nan,
Image_13_LK_CIR_MER_RAB_FOT_158_351.png,LK_CIR_MER_RAB_FOT,158,351,13,1,nan,
Image_13_LK_CIR_MER_RAB_FOT_158_366.png,LK_CIR_MER_RAB_FOT,158,366,13,0,nan,
Image_13_LK_CIR_MER_RAB_FOT_158_401.png,LK_CIR_MER_RAB_FOT,158,401,13,0,nan,
Image_33_LK_CIR_MER_RAB_FOT_159_141.png,LK_CIR_MER_RAB_FOT,159,141,33,1,nan,
Image_33_LK_CIR_MER_RAB_FOT_159_161.png,LK_CIR_MER_RAB_FOT,159,161,33,0,nan,
Image_33_LK_CIR_MER_RAB_FOT_159_186.png,LK_CIR_MER_RAB_FOT,159,186,33,0,nan,
Image_33_LK_CIR_MER_RAB_FOT_159_226.png,LK_CIR_MER_RAB_FOT,159,226,33,0,nan,
Image_0_LK_CIR_MER_RAB_FOT_161_291.png,LK_CIR_MER_RAB_FOT,161,291,0,0,3.437923501058413,
Image_0_LK_CIR_MER_RAB_FOT_161_91.png,LK_CIR_MER_RAB_FOT,161,91,0,0,3.667796309169512,
Image_13_LK_CIR_MER_RAB_FOT_162_216.png,LK_CIR_MER_RAB_FOT,162,216,13,1,nan,
Image_13_LK_CIR_MER_RAB_FOT_162_256.png,LK_CIR_MER_RAB_FOT,162,256,13,0,nan,
Image_13_LK_CIR_MER_RAB_FOT_162_261.png,LK_CIR_MER_RAB_FOT,162,261,13,0,nan,
Image_13_LK_CIR_MER_RAB_FOT_162_266.png,LK_CIR_MER_RAB_FOT,162,266,13,0,nan,
Image_13_LK_CIR_MER_RAB_FOT_162_291.png,LK_CIR_MER_RAB_FOT,162,291,13,0,nan,
Image_13_LK_CIR_MER_RAB_FOT_162_316.png,LK_CIR_MER_RAB_FOT,162,316,13,0,nan,
Image_13_LK_CIR_MER_RAB_FOT_162_321.png,LK_CIR_MER_RAB_FOT,162,321,13,0,nan,
Image_13_LK_CIR_MER_RAB_FOT_162_351.png,LK_CIR_MER_RAB_FOT,162,351,13,0,nan,
Image_0_LK_CIR_MER_RAB_FOT_163_556.png,LK_CIR_MER_RAB_FOT,163,556,0,0,3.936409343397044,
Image_0_LK_CIR_MER_RAB_FOT_164_391.png,LK_CIR_MER_RAB_FOT,164,391,0,0,3.4935382908595374,
Image_23_LK_CIR_MER_RAB_FOT_165_746.png,LK_CIR_MER_RAB_FOT,165,746,23,0,nan,
Image_23_LK_CIR_MER_RAB_FOT_165_781.png,LK_CIR_MER_RAB_FOT,165,781,23,0,nan,
Image_23_LK_CIR_MER_RAB_FOT_165_786.png,LK_CIR_MER_RAB_FOT,165,786,23,0,nan,
Image_23_LK_CIR_MER_RAB_FOT_165_811.png,LK_CIR_MER_RAB_FOT,165,811,23,0,nan,
Image_23_LK_CIR_MER_RAB_FOT_165_856.png,LK_CIR_MER_RAB_FOT,165,856,23,0,nan,
Image_23_LK_CIR_MER_RAB_FOT_165_876.png,LK_CIR_MER_RAB_FOT,165,876,23,0,nan,
Image_0_LK_CIR_MER_RAB_FOT_167_306.png,LK_CIR_MER_RAB_FOT,167,306,0,0,2.4797910745201435,
Image_0_LK_CIR_MER_RAB_FOT_167_406.png,LK_CIR_MER_RAB_FOT,167,406,0,0,2.648426283798595,
Image_0_LK_CIR_MER_RAB_FOT_167_806.png,LK_CIR_MER_RAB_FOT,167,806,0,0,2.4523341265997605,
Image_53_LK_CIR_MER_RAB_FOT_168_221.png,LK_CIR_MER_RAB_FOT,168,221,53,0,nan,
Image_53_LK_CIR_MER_RAB_FOT_168_226.png,LK_CIR_MER_RAB_FOT,168,226,53,0,nan,
Image_53_LK_CIR_MER_RAB_FOT_168_236.png,LK_CIR_MER_RAB_FOT,168,236,53,0,nan,
Image_53_LK_CIR_MER_RAB_FOT_168_256.png,LK_CIR_MER_RAB_FOT,168,256,53,0,nan,
Image_53_LK_CIR_MER_RAB_FOT_168_321.png,LK_CIR_MER_RAB_FOT,168,321,53,0,nan,
Image_53_LK_CIR_MER_RAB_FOT_168_331.png,LK_CIR_MER_RAB_FOT,168,331,53,0,nan,
Image_53_LK_CIR_MER_RAB_FOT_168_336.png,LK_CIR_MER_RAB_FOT,168,336,53,0,nan,
Image_53_LK_CIR_MER_RAB_FOT_168_361.png,LK_CIR_MER_RAB_FOT,168,361,53,0,nan,
Image_53_LK_CIR_MER_RAB_FOT_168_366.png,LK_CIR_MER_RAB_FOT,168,366,53,0,nan,
Image_13_LK_CIR_MER_RAB_FOT_169_166.png,LK_CIR_MER_RAB_FOT,169,166,13,0,nan,
Image_43_LK_CIR_MER_RAB_FOT_171_391.png,LK_CIR_MER_RAB_FOT,171,391,43,0,nan,
Image_43_LK_CIR_MER_RAB_FOT_171_396.png,LK_CIR_MER_RAB_FOT,171,396,43,1,nan,
Image_43_LK_CIR_MER_RAB_FOT_171_411.png,LK_CIR_MER_RAB_FOT,171,411,43,0,nan,
Image_43_LK_CIR_MER_RAB_FOT_171_421.png,LK_CIR_MER_RAB_FOT,171,421,43,0,nan,
Image_43_LK_CIR_MER_RAB_FOT_171_426.png,LK_CIR_MER_RAB_FOT,171,426,43,0,nan,
Image_43_LK_CIR_MER_RAB_FOT_171_441.png,LK_CIR_MER_RAB_FOT,171,441,43,0,nan,
Image_43_LK_CIR_MER_RAB_FOT_171_456.png,LK_CIR_MER_RAB_FOT,171,456,43,0,nan,
Image_0_LK_CIR_MER_RAB_FOT_172_1991.png,LK_CIR_MER_RAB_FOT,172,1991,0,0,nan,
Image_0_LK_CIR_MER_RAB_FOT_172_491.png,LK_CIR_MER_RAB_FOT,172,491,0,1,1.8388662947675949,
Image_0_LK_CIR_MER_RAB_FOT_172_891.png,LK_CIR_MER_RAB_FOT,172,891,0,0,nan,
Image_0_LK_CIR_MER_RAB_FOT_172_91.png,LK_CIR_MER_RAB_FOT,172,91,0,0,0.7582678832953853,
Image_53_LK_CIR_MER_RAB_FOT_173_231.png,LK_CIR_MER_RAB_FOT,173,231,53,0,nan,
Image_53_LK_CIR_MER_RAB_FOT_173_256.png,LK_CIR_MER_RAB_FOT,173,256,53,0,nan,
Image_53_LK_CIR_MER_RAB_FOT_173_261.png,LK_CIR_MER_RAB_FOT,173,261,53,0,nan,
Image_53_LK_CIR_MER_RAB_FOT_173_291.png,LK_CIR_MER_RAB_FOT,173,291,53,0,nan,
Image_53_LK_CIR_MER_RAB_FOT_173_296.png,LK_CIR_MER_RAB_FOT,173,296,53,0,nan,
Image_53_LK_CIR_MER_RAB_FOT_173_301.png,LK_CIR_MER_RAB_FOT,173,301,53,0,nan,
Image_53_LK_CIR_MER_RAB_FOT_173_346.png,LK_CIR_MER_RAB_FOT,173,346,53,0,nan,
Image_0_LK_CIR_MER_RAB_FOT_174_291.png,LK_CIR_MER_RAB_FOT,174,291,0,0,2.2982143328364115,
Image_33_LK_CIR_MER_RAB_FOT_175_136.png,LK_CIR_MER_RAB_FOT,175,136,33,0,nan,
Image_33_LK_CIR_MER_RAB_FOT_175_146.png,LK_CIR_MER_RAB_FOT,175,146,33,0,nan,
Image_33_LK_CIR_MER_RAB_FOT_175_151.png,LK_CIR_MER_RAB_FOT,175,151,33,0,nan,
Image_33_LK_CIR_MER_RAB_FOT_175_156.png,LK_CIR_MER_RAB_FOT,175,156,33,0,nan,
Image_33_LK_CIR_MER_RAB_FOT_175_171.png,LK_CIR_MER_RAB_FOT,175,171,33,0,nan,
Image_33_LK_CIR_MER_RAB_FOT_175_196.png,LK_CIR_MER_RAB_FOT,175,196,33,0,nan,
Image_33_LK_CIR_MER_RAB_FOT_175_216.png,LK_CIR_MER_RAB_FOT,175,216,33,0,nan,
Image_33_LK_CIR_MER_RAB_FOT_175_261.png,LK_CIR_MER_RAB_FOT,175,261,33,0,nan,
Image_33_LK_CIR_MER_RAB_FOT_175_271.png,LK_CIR_MER_RAB_FOT,175,271,33,0,nan,
Image_33_LK_CIR_MER_RAB_FOT_175_281.png,LK_CIR_MER_RAB_FOT,175,281,33,0,nan,
Image_0_LK_CIR_MER_RAB_FOT_176_1351.png,LK_CIR_MER_RAB_FOT,176,1351,0,0,nan,
Image_0_LK_CIR_MER_RAB_FOT_177_211.png,LK_CIR_MER_RAB_FOT,177,211,0,0,1.7550830458208253,
Image_0_LK_CIR_MER_RAB_FOT_178_91.png,LK_CIR_MER_RAB_FOT,178,91,0,0,2.0153369568435715,
Image_43_LK_CIR_MER_RAB_FOT_179_216.png,LK_CIR_MER_RAB_FOT,179,216,43,0,nan,
Image_43_LK_CIR_MER_RAB_FOT_179_226.png,LK_CIR_MER_RAB_FOT,179,226,43,0,nan,
Image_43_LK_CIR_MER_RAB_FOT_179_231.png,LK_CIR_MER_RAB_FOT,179,231,43,1,nan,
Image_43_LK_CIR_MER_RAB_FOT_179_311.png,LK_CIR_MER_RAB_FOT,179,311,43,0,nan,
Image_43_LK_CIR_MER_RAB_FOT_179_361.png,LK_CIR_MER_RAB_FOT,179,361,43,0,nan,
Image_23_LK_CIR_MER_RAB_FOT_181_301.png,LK_CIR_MER_RAB_FOT,181,301,23,0,nan,
Image_23_LK_CIR_MER_RAB_FOT_181_321.png,LK_CIR_MER_RAB_FOT,181,321,23,0,nan,
Image_23_LK_CIR_MER_RAB_FOT_181_326.png,LK_CIR_MER_RAB_FOT,181,326,23,0,nan,
Image_23_LK_CIR_MER_RAB_FOT_181_331.png,LK_CIR_MER_RAB_FOT,181,331,23,0,nan,
Image_23_LK_CIR_MER_RAB_FOT_181_356.png,LK_CIR_MER_RAB_FOT,181,356,23,0,nan,
Image_23_LK_CIR_MER_RAB_FOT_181_371.png,LK_CIR_MER_RAB_FOT,181,371,23,0,nan,
Image_23_LK_CIR_MER_RAB_FOT_181_376.png,LK_CIR_MER_RAB_FOT,181,376,23,0,nan,
Image_23_LK_CIR_MER_RAB_FOT_181_391.png,LK_CIR_MER_RAB_FOT,181,391,23,0,nan,
Image_23_LK_CIR_MER_RAB_FOT_181_416.png,LK_CIR_MER_RAB_FOT,181,416,23,0,nan,
Image_51_LK_CIR_MER_RAB_FOT_182_281.png,LK_CIR_MER_RAB_FOT,182,281,51,0,1.1861827889136118,
Image_51_LK_CIR_MER_RAB_FOT_182_286.png,LK_CIR_MER_RAB_FOT,182,286,51,0,1.1699590927958374,
Image_51_LK_CIR_MER_RAB_FOT_182_291.png,LK_CIR_MER_RAB_FOT,182,291,51,0,1.1546400339151464,
Image_51_LK_CIR_MER_RAB_FOT_182_306.png,LK_CIR_MER_RAB_FOT,182,306,51,0,1.1136579262235113,
Image_51_LK_CIR_MER_RAB_FOT_182_346.png,LK_CIR_MER_RAB_FOT,182,346,51,0,nan,
Image_51_LK_CIR_MER_RAB_FOT_182_351.png,LK_CIR_MER_RAB_FOT,182,351,51,0,nan,
Image_51_LK_CIR_MER_RAB_FOT_182_361.png,LK_CIR_MER_RAB_FOT,182,361,51,0,nan,
Image_51_LK_CIR_MER_RAB_FOT_182_396.png,LK_CIR_MER_RAB_FOT,182,396,51,0,nan,
Image_51_LK_CIR_MER_RAB_FOT_182_411.png,LK_CIR_MER_RAB_FOT,182,411,51,0,nan,
Image_51_LK_CIR_MER_RAB_FOT_182_416.png,LK_CIR_MER_RAB_FOT,182,416,51,0,nan,
Image_0_LK_CIR_MER_RAB_FOT_183_111.png,LK_CIR_MER_RAB_FOT,183,111,0,0,3.456735558101691,
Image_23_LK_CIR_MER_RAB_FOT_184_291.png,LK_CIR_MER_RAB_FOT,184,291,23,0,nan,
Image_23_LK_CIR_MER_RAB_FOT_184_296.png,LK_CIR_MER_RAB_FOT,184,296,23,0,nan,
Image_23_LK_CIR_MER_RAB_FOT_184_306.png,LK_CIR_MER_RAB_FOT,184,306,23,0,nan,
Image_23_LK_CIR_MER_RAB_FOT_184_331.png,LK_CIR_MER_RAB_FOT,184,331,23,0,nan,
Image_23_LK_CIR_MER_RAB_FOT_184_376.png,LK_CIR_MER_RAB_FOT,184,376,23,0,nan,
Image_23_LK_CIR_MER_RAB_FOT_184_391.png,LK_CIR_MER_RAB_FOT,184,391,23,0,nan,
Image_0_LK_CIR_MER_RAB_FOT_185_1191.png,LK_CIR_MER_RAB_FOT,185,1191,0,0,0.014022264763017045,
Image_0_LK_CIR_MER_RAB_FOT_185_1291.png,LK_CIR_MER_RAB_FOT,185,1291,0,0,0.47388758099142203,
Image_0_LK_CIR_MER_RAB_FOT_185_1591.png,LK_CIR_MER_RAB_FOT,185,1591,0,0,0.4194556233609245,
Image_0_LK_CIR_MER_RAB_FOT_185_1691.png,LK_CIR_MER_RAB_FOT,185,1691,0,1,nan,
Image_0_LK_CIR_MER_RAB_FOT_185_991.png,LK_CIR_MER_RAB_FOT,185,991,0,0,0.011471060372200803,
Image_0_LK_CIR_MER_RAB_FOT_186_691.png,LK_CIR_MER_RAB_FOT,186,691,0,0,2.4489908659028234,
Image_23_LK_CIR_MER_RAB_FOT_187_151.png,LK_CIR_MER_RAB_FOT,187,151,23,0,nan,
Image_23_LK_CIR_MER_RAB_FOT_187_191.png,LK_CIR_MER_RAB_FOT,187,191,23,0,nan,
Image_23_LK_CIR_MER_RAB_FOT_187_216.png,LK_CIR_MER_RAB_FOT,187,216,23,0,nan,
Image_23_LK_CIR_MER_RAB_FOT_187_266.png,LK_CIR_MER_RAB_FOT,187,266,23,0,nan,
Image_23_LK_CIR_MER_RAB_FOT_187_291.png,LK_CIR_MER_RAB_FOT,187,291,23,0,nan,
Image_0_LK_CIR_MER_RAB_FOT_188_191.png,LK_CIR_MER_RAB_FOT,188,191,0,0,4.050370771630002,
Image_0_LK_CIR_MER_RAB_FOT_188_291.png,LK_CIR_MER_RAB_FOT,188,291,0,0,3.6376560587581452,
Image_0_LK_CIR_MER_RAB_FOT_188_391.png,LK_CIR_MER_RAB_FOT,188,391,0,0,3.3413938436804207,
Image_53_LK_CIR_MER_RAB_FOT_189_151.png,LK_CIR_MER_RAB_FOT,189,151,53,0,nan,
Image_53_LK_CIR_MER_RAB_FOT_189_171.png,LK_CIR_MER_RAB_FOT,189,171,53,0,nan,
Image_53_LK_CIR_MER_RAB_FOT_189_191.png,LK_CIR_MER_RAB_FOT,189,191,53,0,nan,
Image_53_LK_CIR_MER_RAB_FOT_189_211.png,LK_CIR_MER_RAB_FOT,189,211,53,0,nan,
Image_53_LK_CIR_MER_RAB_FOT_189_226.png,LK_CIR_MER_RAB_FOT,189,226,53,0,nan,
Image_53_LK_CIR_MER_RAB_FOT_189_241.png,LK_CIR_MER_RAB_FOT,189,241,53,0,nan,
Image_53_LK_CIR_MER_RAB_FOT_189_256.png,LK_CIR_MER_RAB_FOT,189,256,53,0,nan,
Image_53_LK_CIR_MER_RAB_FOT_189_261.png,LK_CIR_MER_RAB_FOT,189,261,53,0,nan,
Image_53_LK_CIR_MER_RAB_FOT_189_276.png,LK_CIR_MER_RAB_FOT,189,276,53,0,nan,
Image_53_LK_CIR_MER_RAB_FOT_189_286.png,LK_CIR_MER_RAB_FOT,189,286,53,0,nan,
Image_0_LK_CIR_MER_RAB_FOT_190_291.png,LK_CIR_MER_RAB_FOT,190,291,0,0,2.1589625761259903,
Image_11_LK_CIR_MER_RAB_FOT_191_1016.png,LK_CIR_MER_RAB_FOT,191,1016,11,0,0.7217756655802685,
Image_11_LK_CIR_MER_RAB_FOT_191_1066.png,LK_CIR_MER_RAB_FOT,191,1066,11,0,nan,
Image_11_LK_CIR_MER_RAB_FOT_191_1086.png,LK_CIR_MER_RAB_FOT,191,1086,11,0,nan,
Image_11_LK_CIR_MER_RAB_FOT_191_1101.png,LK_CIR_MER_RAB_FOT,191,1101,11,0,nan,
Image_11_LK_CIR_MER_RAB_FOT_191_976.png,LK_CIR_MER_RAB_FOT,191,976,11,0,1.1555049206228905,
Image_0_LK_CIR_MER_RAB_FOT_192_391.png,LK_CIR_MER_RAB_FOT,192,391,0,0,3.7577541900590314,
Image_0_LK_CIR_MER_RAB_FOT_194_491.png,LK_CIR_MER_RAB_FOT,194,491,0,0,24.38475301024312,
Image_0_LK_CIR_MER_RAB_FOT_194_691.png,LK_CIR_MER_RAB_FOT,194,691,0,1,1.440625890863957,
Image_12_LK_CIR_MER_RAB_FOT_195_176.png,LK_CIR_MER_RAB_FOT,195,176,12,0,nan,
Image_12_LK_CIR_MER_RAB_FOT_195_191.png,LK_CIR_MER_RAB_FOT,195,191,12,0,nan,
Image_12_LK_CIR_MER_RAB_FOT_195_201.png,LK_CIR_MER_RAB_FOT,195,201,12,0,nan,
Image_12_LK_CIR_MER_RAB_FOT_195_221.png,LK_CIR_MER_RAB_FOT,195,221,12,0,nan,
Image_12_LK_CIR_MER_RAB_FOT_195_236.png,LK_CIR_MER_RAB_FOT,195,236,12,0,nan,
Image_12_LK_CIR_MER_RAB_FOT_195_241.png,LK_CIR_MER_RAB_FOT,195,241,12,0,nan,
Image_12_LK_CIR_MER_RAB_FOT_195_256.png,LK_CIR_MER_RAB_FOT,195,256,12,0,nan,
Image_12_LK_CIR_MER_RAB_FOT_195_286.png,LK_CIR_MER_RAB_FOT,195,286,12,0,nan,
Image_12_LK_CIR_MER_RAB_FOT_195_291.png,LK_CIR_MER_RAB_FOT,195,291,12,0,nan,
Image_0_LK_CIR_MER_RAB_FOT_197_291.png,LK_CIR_MER_RAB_FOT,197,291,0,0,3.056255951662857,
Image_0_LK_CIR_MER_RAB_FOT_198_291.png,LK_CIR_MER_RAB_FOT,198,291,0,0,1.394211052481967,
Image_0_LK_CIR_MER_RAB_FOT_198_491.png,LK_CIR_MER_RAB_FOT,198,491,0,0,2.062001867876504,
Image_0_LK_CIR_MER_RAB_FOT_199_1061.png,LK_CIR_MER_RAB_FOT,199,1061,0,0,0.9995586848310098,
Image_0_LK_CIR_MER_RAB_FOT_200_1591.png,LK_CIR_MER_RAB_FOT,200,1591,0,0,nan,
Image_0_LK_CIR_MER_RAB_FOT_200_191.png,LK_CIR_MER_RAB_FOT,200,191,0,0,1.2746166240432177,
Image_0_LK_CIR_MER_RAB_FOT_201_91.png,LK_CIR_MER_RAB_FOT,201,91,0,0,0.9654320330165997,
Image_0_LK_CIR_MER_RAB_FOT_201_991.png,LK_CIR_MER_RAB_FOT,201,991,0,0,nan,
Image_0_LK_CIR_MER_RAB_FOT_204_391.png,LK_CIR_MER_RAB_FOT,204,391,0,0,2.1408932469852933,
Image_0_LK_CIR_MER_RAB_FOT_204_591.png,LK_CIR_MER_RAB_FOT,204,591,0,0,3.0375265470925643,
Image_0_LK_CIR_MER_RAB_FOT_205_91.png,LK_CIR_MER_RAB_FOT,205,91,0,0,3.1804367158493014,
Image_0_LK_CIR_MER_RAB_FOT_206_996.png,LK_CIR_MER_RAB_FOT,206,996,0,0,nan,
Image_13_LK_CIR_MER_RAB_FOT_207_266.png,LK_CIR_MER_RAB_FOT,207,266,13,0,nan,
Image_13_LK_CIR_MER_RAB_FOT_207_291.png,LK_CIR_MER_RAB_FOT,207,291,13,0,nan,
Image_13_LK_CIR_MER_RAB_FOT_207_296.png,LK_CIR_MER_RAB_FOT,207,296,13,0,nan,
Image_13_LK_CIR_MER_RAB_FOT_207_351.png,LK_CIR_MER_RAB_FOT,207,351,13,0,nan,
Image_0_LK_CIR_MER_RAB_FOT_208_391.png,LK_CIR_MER_RAB_FOT,208,391,0,0,2.1405567133005072,
Image_0_LK_CIR_MER_RAB_FOT_208_491.png,LK_CIR_MER_RAB_FOT,208,491,0,0,0.6747838621901434,
Image_0_LK_CIR_MER_RAB_FOT_208_991.png,LK_CIR_MER_RAB_FOT,208,991,0,0,nan,
Image_0_LK_CIR_MER_RAB_FOT_209_291.png,LK_CIR_MER_RAB_FOT,209,291,0,0,3.3990684500573884,
Image_13_LK_CIR_MER_RAB_FOT_210_306.png,LK_CIR_MER_RAB_FOT,210,306,13,0,nan,
Image_13_LK_CIR_MER_RAB_FOT_210_316.png,LK_CIR_MER_RAB_FOT,210,316,13,0,nan,
Image_13_LK_CIR_MER_RAB_FOT_210_331.png,LK_CIR_MER_RAB_FOT,210,331,13,0,nan,
Image_13_LK_CIR_MER_RAB_FOT_210_336.png,LK_CIR_MER_RAB_FOT,210,336,13,0,nan,
Image_13_LK_CIR_MER_RAB_FOT_210_356.png,LK_CIR_MER_RAB_FOT,210,356,13,0,nan,
Image_13_LK_CIR_MER_RAB_FOT_210_366.png,LK_CIR_MER_RAB_FOT,210,366,13,0,nan,
Image_13_LK_CIR_MER_RAB_FOT_210_371.png,LK_CIR_MER_RAB_FOT,210,371,13,0,nan,
Image_13_LK_CIR_MER_RAB_FOT_210_391.png,LK_CIR_MER_RAB_FOT,210,391,13,0,nan,
Image_13_LK_CIR_MER_RAB_FOT_210_401.png,LK_CIR_MER_RAB_FOT,210,401,13,0,nan,
Image_0_LK_CIR_MER_RAB_FOT_211_451.png,LK_CIR_MER_RAB_FOT,211,451,0,0,3.395608180443664,
Image_0_LK_CIR_MER_RAB_FOT_211_551.png,LK_CIR_MER_RAB_FOT,211,551,0,0,3.4100600849042904,
Image_43_LK_CIR_MER_RAB_FOT_212_131.png,LK_CIR_MER_RAB_FOT,212,131,43,0,nan,
Image_43_LK_CIR_MER_RAB_FOT_212_141.png,LK_CIR_MER_RAB_FOT,212,141,43,0,nan,
Image_43_LK_CIR_MER_RAB_FOT_212_166.png,LK_CIR_MER_RAB_FOT,212,166,43,0,nan,
Image_43_LK_CIR_MER_RAB_FOT_212_196.png,LK_CIR_MER_RAB_FOT,212,196,43,0,nan,
Image_43_LK_CIR_MER_RAB_FOT_212_206.png,LK_CIR_MER_RAB_FOT,212,206,43,0,nan,
Image_43_LK_CIR_MER_RAB_FOT_212_236.png,LK_CIR_MER_RAB_FOT,212,236,43,0,nan,
Image_43_LK_CIR_MER_RAB_FOT_212_246.png,LK_CIR_MER_RAB_FOT,212,246,43,0,nan,
Image_43_LK_CIR_MER_RAB_FOT_212_251.png,LK_CIR_MER_RAB_FOT,212,251,43,0,nan,
Image_43_LK_CIR_MER_RAB_FOT_212_276.png,LK_CIR_MER_RAB_FOT,212,276,43,0,nan,
Image_0_LK_CIR_MER_RAB_FOT_213_191.png,LK_CIR_MER_RAB_FOT,213,191,0,0,22.075887987836452,
Image_0_LK_CIR_MER_RAB_FOT_213_491.png,LK_CIR_MER_RAB_FOT,213,491,0,0,0.0069818733459965365,
Image_0_LK_CIR_MER_RAB_FOT_213_691.png,LK_CIR_MER_RAB_FOT,213,691,0,0,0.6870272952331706,
Image_0_LK_CIR_MER_RAB_FOT_213_891.png,LK_CIR_MER_RAB_FOT,213,891,0,0,0.5622163765347474,
Image_43_LK_CIR_MER_RAB_FOT_215_301.png,LK_CIR_MER_RAB_FOT,215,301,43,0,nan,
Image_43_LK_CIR_MER_RAB_FOT_215_306.png,LK_CIR_MER_RAB_FOT,215,306,43,0,nan,
Image_43_LK_CIR_MER_RAB_FOT_215_311.png,LK_CIR_MER_RAB_FOT,215,311,43,0,nan,
Image_43_LK_CIR_MER_RAB_FOT_215_336.png,LK_CIR_MER_RAB_FOT,215,336,43,0,nan,
Image_43_LK_CIR_MER_RAB_FOT_215_421.png,LK_CIR_MER_RAB_FOT,215,421,43,0,nan,
Image_43_LK_CIR_MER_RAB_FOT_215_426.png,LK_CIR_MER_RAB_FOT,215,426,43,0,nan,
Image_0_LK_CIR_MER_RAB_FOT_216_291.png,LK_CIR_MER_RAB_FOT,216,291,0,0,5.340690710918296,
Image_0_LK_CIR_MER_RAB_FOT_217_191.png,LK_CIR_MER_RAB_FOT,217,191,0,0,4.419881991354935,
Image_0_LK_CIR_MER_RAB_FOT_219_1021.png,LK_CIR_MER_RAB_FOT,219,1021,0,0,nan,
Image_0_LK_CIR_MER_RAB_FOT_219_821.png,LK_CIR_MER_RAB_FOT,219,821,0,0,0.42982596308676246,
Image_0_LK_CIR_MER_RAB_FOT_221_691.png,LK_CIR_MER_RAB_FOT,221,691,0,0,0.5101564966817085,
Image_0_LK_CIR_MER_RAB_FOT_221_91.png,LK_CIR_MER_RAB_FOT,221,91,0,0,3.787573961259965,
Image_0_LK_CIR_MER_RAB_FOT_221_991.png,LK_CIR_MER_RAB_FOT,221,991,0,1,nan,
Image_0_LK_CIR_MER_RAB_FOT_223_191.png,LK_CIR_MER_RAB_FOT,223,191,0,0,3.6231928967792406,
Image_53_LK_CIR_MER_RAB_FOT_224_266.png,LK_CIR_MER_RAB_FOT,224,266,53,0,nan,
Image_53_LK_CIR_MER_RAB_FOT_224_271.png,LK_CIR_MER_RAB_FOT,224,271,53,0,nan,
Image_53_LK_CIR_MER_RAB_FOT_224_306.png,LK_CIR_MER_RAB_FOT,224,306,53,0,nan,
Image_53_LK_CIR_MER_RAB_FOT_224_336.png,LK_CIR_MER_RAB_FOT,224,336,53,0,nan,
Image_0_LK_CIR_MER_RAB_FOT_225_391.png,LK_CIR_MER_RAB_FOT,225,391,0,0,3.8118732420086068,
Image_53_LK_CIR_MER_RAB_FOT_228_171.png,LK_CIR_MER_RAB_FOT,228,171,53,0,nan,
Image_53_LK_CIR_MER_RAB_FOT_228_176.png,LK_CIR_MER_RAB_FOT,228,176,53,0,nan,
Image_53_LK_CIR_MER_RAB_FOT_228_236.png,LK_CIR_MER_RAB_FOT,228,236,53,0,nan,
Image_53_LK_CIR_MER_RAB_FOT_228_256.png,LK_CIR_MER_RAB_FOT,228,256,53,0,nan,
Image_53_LK_CIR_MER_RAB_FOT_228_281.png,LK_CIR_MER_RAB_FOT,228,281,53,0,nan,
Image_53_LK_CIR_MER_RAB_FOT_228_286.png,LK_CIR_MER_RAB_FOT,228,286,53,0,nan,
Image_53_LK_CIR_MER_RAB_FOT_228_291.png,LK_CIR_MER_RAB_FOT,228,291,53,0,nan,
Image_53_LK_CIR_MER_RAB_FOT_228_296.png,LK_CIR_MER_RAB_FOT,228,296,53,0,nan,
Image_53_LK_CIR_MER_RAB_FOT_228_311.png,LK_CIR_MER_RAB_FOT,228,311,53,0,nan,
Image_0_LK_CIR_MER_RAB_FOT_229_686.png,LK_CIR_MER_RAB_FOT,229,686,0,0,1.569457983872618,
Image_0_LK_CIR_MER_RAB_FOT_231_236.png,LK_CIR_MER_RAB_FOT,231,236,0,0,3.322932150391778,
Image_0_LK_CIR_MER_RAB_FOT_231_336.png,LK_CIR_MER_RAB_FOT,231,336,0,0,3.405964140820501,
Image_0_LK_CIR_MER_RAB_FOT_232_91.png,LK_CIR_MER_RAB_FOT,232,91,0,0,0.014129073099012679,
Image_13_LK_CIR_MER_RAB_FOT_233_166.png,LK_CIR_MER_RAB_FOT,233,166,13,0,nan,
Image_13_LK_CIR_MER_RAB_FOT_233_186.png,LK_CIR_MER_RAB_FOT,233,186,13,0,nan,
Image_13_LK_CIR_MER_RAB_FOT_233_251.png,LK_CIR_MER_RAB_FOT,233,251,13,1,nan,
Image_13_LK_CIR_MER_RAB_FOT_233_256.png,LK_CIR_MER_RAB_FOT,233,256,13,0,nan,
Image_53_LK_CIR_MER_RAB_FOT_235_216.png,LK_CIR_MER_RAB_FOT,235,216,53,0,nan,
Image_53_LK_CIR_MER_RAB_FOT_235_226.png,LK_CIR_MER_RAB_FOT,235,226,53,0,nan,
Image_53_LK_CIR_MER_RAB_FOT_235_296.png,LK_CIR_MER_RAB_FOT,235,296,53,0,nan,
Image_53_LK_CIR_MER_RAB_FOT_235_316.png,LK_CIR_MER_RAB_FOT,235,316,53,0,nan,
Image_53_LK_CIR_MER_RAB_FOT_235_331.png,LK_CIR_MER_RAB_FOT,235,331,53,0,nan,
Image_53_LK_CIR_MER_RAB_FOT_236_271.png,LK_CIR_MER_RAB_FOT,236,271,53,0,nan,
Image_53_LK_CIR_MER_RAB_FOT_236_286.png,LK_CIR_MER_RAB_FOT,236,286,53,0,nan,
Image_53_LK_CIR_MER_RAB_FOT_236_311.png,LK_CIR_MER_RAB_FOT,236,311,53,0,nan,
Image_53_LK_CIR_MER_RAB_FOT_236_336.png,LK_CIR_MER_RAB_FOT,236,336,53,0,nan,
Image_53_LK_CIR_MER_RAB_FOT_236_341.png,LK_CIR_MER_RAB_FOT,236,341,53,0,nan,
Image_13_LK_CIR_MER_RAB_FOT_240_306.png,LK_CIR_MER_RAB_FOT,240,306,13,0,nan,
Image_13_LK_CIR_MER_RAB_FOT_240_326.png,LK_CIR_MER_RAB_FOT,240,326,13,0,nan,
Image_13_LK_CIR_MER_RAB_FOT_240_331.png,LK_CIR_MER_RAB_FOT,240,331,13,0,nan,
Image_13_LK_CIR_MER_RAB_FOT_240_341.png,LK_CIR_MER_RAB_FOT,240,341,13,0,nan,
Image_13_LK_CIR_MER_RAB_FOT_240_351.png,LK_CIR_MER_RAB_FOT,240,351,13,0,nan,
Image_13_LK_CIR_MER_RAB_FOT_240_356.png,LK_CIR_MER_RAB_FOT,240,356,13,0,nan,
Image_13_LK_CIR_MER_RAB_FOT_240_366.png,LK_CIR_MER_RAB_FOT,240,366,13,0,nan,
Image_0_LK_CIR_MER_RAB_FOT_241_91.png,LK_CIR_MER_RAB_FOT,241,91,0,0,3.9322561299317704,
Image_0_LK_CIR_MER_RAB_FOT_242_791.png,LK_CIR_MER_RAB_FOT,242,791,0,0,1.1565856795518181,
Image_0_LK_CIR_MER_RAB_FOT_242_891.png,LK_CIR_MER_RAB_FOT,242,891,0,0,nan,
Image_0_LK_CIR_MER_RAB_FOT_242_91.png,LK_CIR_MER_RAB_FOT,242,91,0,0,0.4256795952282082,
Image_0_LK_CIR_MER_RAB_FOT_243_91.png,LK_CIR_MER_RAB_FOT,243,91,0,0,2.810573206406543,
Image_13_LK_CIR_MER_RAB_FOT_246_261.png,LK_CIR_MER_RAB_FOT,246,261,13,0,nan,
Image_13_LK_CIR_MER_RAB_FOT_246_306.png,LK_CIR_MER_RAB_FOT,246,306,13,0,nan,
Image_13_LK_CIR_MER_RAB_FOT_246_321.png,LK_CIR_MER_RAB_FOT,246,321,13,0,nan,
Image_0_LK_CIR_MER_RAB_FOT_247_91.png,LK_CIR_MER_RAB_FOT,247,91,0,0,3.393678694745506,
Image_0_LK_CIR_MER_RAB_FOT_252_491.png,LK_CIR_MER_RAB_FOT,252,491,0,0,2.5488022157339967,
Image_0_LK_CIR_MER_RAB_FOT_252_891.png,LK_CIR_MER_RAB_FOT,252,891,0,0,nan,
Image_0_LK_CIR_MER_RAB_FOT_253_391.png,LK_CIR_MER_RAB_FOT,253,391,0,0,1.9150014497498233,
Image_0_LK_CIR_MER_RAB_FOT_253_691.png,LK_CIR_MER_RAB_FOT,253,691,0,0,2.866790280821359,
Image_0_LK_CIR_MER_RAB_FOT_253_91.png,LK_CIR_MER_RAB_FOT,253,91,0,0,1.5075264616593453,
Image_33_LK_CIR_MER_RAB_FOT_254_106.png,LK_CIR_MER_RAB_FOT,254,106,33,0,nan,
Image_33_LK_CIR_MER_RAB_FOT_254_111.png,LK_CIR_MER_RAB_FOT,254,111,33,0,nan,
Image_33_LK_CIR_MER_RAB_FOT_254_116.png,LK_CIR_MER_RAB_FOT,254,116,33,0,nan,
Image_33_LK_CIR_MER_RAB_FOT_254_121.png,LK_CIR_MER_RAB_FOT,254,121,33,0,nan,
Image_33_LK_CIR_MER_RAB_FOT_254_151.png,LK_CIR_MER_RAB_FOT,254,151,33,0,nan,
Image_33_LK_CIR_MER_RAB_FOT_254_156.png,LK_CIR_MER_RAB_FOT,254,156,33,0,nan,
Image_33_LK_CIR_MER_RAB_FOT_254_191.png,LK_CIR_MER_RAB_FOT,254,191,33,0,nan,
Image_33_LK_CIR_MER_RAB_FOT_254_206.png,LK_CIR_MER_RAB_FOT,254,206,33,0,nan,
Image_33_LK_CIR_MER_RAB_FOT_254_211.png,LK_CIR_MER_RAB_FOT,254,211,33,0,nan,
Image_33_LK_CIR_MER_RAB_FOT_254_91.png,LK_CIR_MER_RAB_FOT,254,91,33,0,nan,
Image_33_LK_CIR_MER_RAB_FOT_254_96.png,LK_CIR_MER_RAB_FOT,254,96,33,0,nan,
Image_0_LK_CIR_MER_RAB_FOT_256_191.png,LK_CIR_MER_RAB_FOT,256,191,0,0,0.32854212687008566,
Image_0_LK_CIR_MER_RAB_FOT_256_391.png,LK_CIR_MER_RAB_FOT,256,391,0,1,14.836035368253155,
Image_0_LK_CIR_MER_RAB_FOT_256_591.png,LK_CIR_MER_RAB_FOT,256,591,0,0,0.002464600731267641,
Image_0_LK_CIR_MER_RAB_FOT_256_91.png,LK_CIR_MER_RAB_FOT,256,91,0,0,0.5191054212029074,
Image_0_LK_CIR_MER_RAB_FOT_260_91.png,LK_CIR_MER_RAB_FOT,260,91,0,0,4.804559272832006,
Image_0_LK_CIR_MER_RAB_FOT_261_91.png,LK_CIR_MER_RAB_FOT,261,91,0,0,4.634688080423807,
Image_12_LK_CIR_MER_RAB_FOT_262_1016.png,LK_CIR_MER_RAB_FOT,262,1016,12,0,0.8463353907051108,
Image_12_LK_CIR_MER_RAB_FOT_262_1036.png,LK_CIR_MER_RAB_FOT,262,1036,12,0,1.0277782186611613,
Image_12_LK_CIR_MER_RAB_FOT_262_1051.png,LK_CIR_MER_RAB_FOT,262,1051,12,0,0.8961333080168757,
Image_12_LK_CIR_MER_RAB_FOT_262_1071.png,LK_CIR_MER_RAB_FOT,262,1071,12,0,0.7202254538085162,
Image_12_LK_CIR_MER_RAB_FOT_262_1141.png,LK_CIR_MER_RAB_FOT,262,1141,12,0,nan,
Image_12_LK_CIR_MER_RAB_FOT_262_1156.png,LK_CIR_MER_RAB_FOT,262,1156,12,0,nan,
Image_12_LK_CIR_MER_RAB_FOT_262_1161.png,LK_CIR_MER_RAB_FOT,262,1161,12,0,nan,
Image_0_LK_CIR_MER_RAB_FOT_264_661.png,LK_CIR_MER_RAB_FOT,264,661,0,1,1.4957567541204742,
Image_13_LK_CIR_MER_RAB_FOT_266_136.png,LK_CIR_MER_RAB_FOT,266,136,13,0,nan,
Image_13_LK_CIR_MER_RAB_FOT_266_156.png,LK_CIR_MER_RAB_FOT,266,156,13,0,nan,
Image_13_LK_CIR_MER_RAB_FOT_266_166.png,LK_CIR_MER_RAB_FOT,266,166,13,0,nan,
Image_13_LK_CIR_MER_RAB_FOT_266_176.png,LK_CIR_MER_RAB_FOT,266,176,13,1,nan,
Image_13_LK_CIR_MER_RAB_FOT_266_221.png,LK_CIR_MER_RAB_FOT,266,221,13,0,nan,
Image_13_LK_CIR_MER_RAB_FOT_266_246.png,LK_CIR_MER_RAB_FOT,266,246,13,0,nan,
Image_13_LK_CIR_MER_RAB_FOT_266_261.png,LK_CIR_MER_RAB_FOT,266,261,13,0,nan,
Image_13_LK_CIR_MER_RAB_FOT_266_266.png,LK_CIR_MER_RAB_FOT,266,266,13,0,nan,
Image_0_LK_CIR_MER_RAB_FOT_267_456.png,LK_CIR_MER_RAB_FOT,267,456,0,0,0.8948447758253026,
Image_0_LK_CIR_MER_RAB_FOT_268_491.png,LK_CIR_MER_RAB_FOT,268,491,0,0,5.346757604192195,
Image_0_LK_CIR_MER_RAB_FOT_268_91.png,LK_CIR_MER_RAB_FOT,268,91,0,0,4.514894052778038,
Image_13_LK_CIR_MER_RAB_FOT_269_146.png,LK_CIR_MER_RAB_FOT,269,146,13,0,nan,
Image_13_LK_CIR_MER_RAB_FOT_269_151.png,LK_CIR_MER_RAB_FOT,269,151,13,0,nan,
Image_13_LK_CIR_MER_RAB_FOT_269_181.png,LK_CIR_MER_RAB_FOT,269,181,13,0,nan,
Image_13_LK_CIR_MER_RAB_FOT_269_201.png,LK_CIR_MER_RAB_FOT,269,201,13,0,nan,
Image_13_LK_CIR_MER_RAB_FOT_269_206.png,LK_CIR_MER_RAB_FOT,269,206,13,0,nan,
Image_13_LK_CIR_MER_RAB_FOT_269_246.png,LK_CIR_MER_RAB_FOT,269,246,13,0,nan,
Image_0_LK_CIR_MER_RAB_FOT_270_291.png,LK_CIR_MER_RAB_FOT,270,291,0,0,1.4392551351118894,
Image_0_LK_CIR_MER_RAB_FOT_272_361.png,LK_CIR_MER_RAB_FOT,272,361,0,0,2.4898820091441167,
Image_0_LK_CIR_MER_RAB_FOT_273_91.png,LK_CIR_MER_RAB_FOT,273,91,0,0,5.836505679989834,
Image_0_LK_CIR_MER_RAB_FOT_274_591.png,LK_CIR_MER_RAB_FOT,274,591,0,0,0.9502308004564957,
Image_0_LK_CIR_MER_RAB_FOT_274_691.png,LK_CIR_MER_RAB_FOT,274,691,0,0,0.9618183192565966,
Image_0_LK_CIR_MER_RAB_FOT_274_91.png,LK_CIR_MER_RAB_FOT,274,91,0,0,1.745708840601347,
Image_0_LK_CIR_MER_RAB_FOT_275_291.png,LK_CIR_MER_RAB_FOT,275,291,0,0,2.308888561969516,
Image_0_LK_CIR_MER_RAB_FOT_276_1691.png,LK_CIR_MER_RAB_FOT,276,1691,0,0,nan,
Image_0_LK_CIR_MER_RAB_FOT_276_91.png,LK_CIR_MER_RAB_FOT,276,91,0,0,0.23234544078493924,
Image_33_LK_CIR_MER_RAB_FOT_277_181.png,LK_CIR_MER_RAB_FOT,277,181,33,0,nan,
Image_33_LK_CIR_MER_RAB_FOT_277_231.png,LK_CIR_MER_RAB_FOT,277,231,33,0,nan,
Image_33_LK_CIR_MER_RAB_FOT_277_241.png,LK_CIR_MER_RAB_FOT,277,241,33,0,nan,
Image_33_LK_CIR_MER_RAB_FOT_277_246.png,LK_CIR_MER_RAB_FOT,277,246,33,0,nan,
Image_0_LK_CIR_MER_RAB_FOT_278_291.png,LK_CIR_MER_RAB_FOT,278,291,0,0,2.15880281282565,
Image_0_LK_CIR_MER_RAB_FOT_278_391.png,LK_CIR_MER_RAB_FOT,278,391,0,0,2.271683150042926,
Image_0_LK_CIR_MER_RAB_FOT_278_591.png,LK_CIR_MER_RAB_FOT,278,591,0,0,3.221139135789586,
Image_0_LK_CIR_MER_RAB_FOT_280_391.png,LK_CIR_MER_RAB_FOT,280,391,0,0,5.116578025056998,
Image_0_LK_CIR_MER_RAB_FOT_284_591.png,LK_CIR_MER_RAB_FOT,284,591,0,0,1.712860753043566,
Image_0_LK_CIR_MER_RAB_FOT_285_791.png,LK_CIR_MER_RAB_FOT,285,791,0,0,2.896311307188979,
Image_0_LK_CIR_MER_RAB_FOT_286_291.png,LK_CIR_MER_RAB_FOT,286,291,0,0,1.6290311700480737,
Image_0_LK_CIR_MER_RAB_FOT_288_1026.png,LK_CIR_MER_RAB_FOT,288,1026,0,0,nan,
Image_12_LK_CIR_MER_RAB_FOT_289_116.png,LK_CIR_MER_RAB_FOT,289,116,12,0,nan,
Image_12_LK_CIR_MER_RAB_FOT_289_121.png,LK_CIR_MER_RAB_FOT,289,121,12,0,nan,
Image_12_LK_CIR_MER_RAB_FOT_289_131.png,LK_CIR_MER_RAB_FOT,289,131,12,0,nan,
Image_12_LK_CIR_MER_RAB_FOT_289_191.png,LK_CIR_MER_RAB_FOT,289,191,12,0,nan,
Image_12_LK_CIR_MER_RAB_FOT_289_196.png,LK_CIR_MER_RAB_FOT,289,196,12,0,nan,
Image_12_LK_CIR_MER_RAB_FOT_289_201.png,LK_CIR_MER_RAB_FOT,289,201,12,0,nan,
Image_12_LK_CIR_MER_RAB_FOT_289_91.png,LK_CIR_MER_RAB_FOT,289,91,12,0,nan,
Image_0_LK_CIR_MER_RAB_FOT_290_1161.png,LK_CIR_MER_RAB_FOT,290,1161,0,0,0.632773807190175,
Image_0_LK_CIR_MER_RAB_FOT_290_461.png,LK_CIR_MER_RAB_FOT,290,461,0,0,0.003620943500759033,
Image_0_LK_CIR_MER_RAB_FOT_290_661.png,LK_CIR_MER_RAB_FOT,290,661,0,0,0.008648226512431911,
Image_0_LK_CIR_MER_RAB_FOT_292_1966.png,LK_CIR_MER_RAB_FOT,292,1966,0,0,nan,
Image_0_LK_CIR_MER_RAB_FOT_293_1841.png,LK_CIR_MER_RAB_FOT,293,1841,0,0,nan,
Image_0_LK_CIR_MER_RAB_FOT_295_491.png,LK_CIR_MER_RAB_FOT,295,491,0,0,3.739059339721941,
Image_0_LK_CIR_MER_RAB_FOT_297_401.png,LK_CIR_MER_RAB_FOT,297,401,0,0,2.089180624919264,
Image_0_LK_CIR_MER_RAB_FOT_297_601.png,LK_CIR_MER_RAB_FOT,297,601,0,1,2.169964681279337,
Image_0_LK_CIR_MER_RAB_FOT_299_391.png,LK_CIR_MER_RAB_FOT,299,391,0,0,3.13328817669142,
Image_0_LK_CIR_MER_RAB_FOT_300_391.png,LK_CIR_MER_RAB_FOT,300,391,0,0,3.5274140002502596,
Image_0_LK_CIR_MER_RAB_FOT_301_791.png,LK_CIR_MER_RAB_FOT,301,791,0,0,1.910342809221842,
Image_0_LK_CIR_MER_RAB_FOT_303_586.png,LK_CIR_MER_RAB_FOT,303,586,0,0,3.469418408848407,
Image_0_LK_CIR_MER_RAB_FOT_304_151.png,LK_CIR_MER_RAB_FOT,304,151,0,0,3.185123080257151,
Image_0_LK_CIR_MER_RAB_FOT_306_191.png,LK_CIR_MER_RAB_FOT,306,191,0,0,4.703541956658684,
Image_0_LK_CIR_MER_RAB_FOT_307_511.png,LK_CIR_MER_RAB_FOT,307,511,0,0,3.6211088915585092,
Image_0_LK_CIR_MER_RAB_FOT_311_191.png,LK_CIR_MER_RAB_FOT,311,191,0,0,1.8105294264535092,
Image_0_LK_CIR_MER_RAB_FOT_311_91.png,LK_CIR_MER_RAB_FOT,311,91,0,0,1.4341523363869628,
Image_0_LK_CIR_MER_RAB_FOT_312_1191.png,LK_CIR_MER_RAB_FOT,312,1191,0,0,1.3155381971514297,
Image_0_LK_CIR_MER_RAB_FOT_312_491.png,LK_CIR_MER_RAB_FOT,312,491,0,0,3.829903935861903,
Image_0_LK_CIR_MER_RAB_FOT_312_991.png,LK_CIR_MER_RAB_FOT,312,991,0,0,0.7029697908477761,
Image_0_LK_CIR_MER_RAB_FOT_313_191.png,LK_CIR_MER_RAB_FOT,313,191,0,0,4.238697871078299,
Image_11_LK_CIR_MER_RAB_FOT_315_1206.png,LK_CIR_MER_RAB_FOT,315,1206,11,0,1.293389431904094,
Image_11_LK_CIR_MER_RAB_FOT_315_1211.png,LK_CIR_MER_RAB_FOT,315,1211,11,0,1.1876527948326703,
Image_11_LK_CIR_MER_RAB_FOT_315_1226.png,LK_CIR_MER_RAB_FOT,315,1226,11,0,0.9460737011817816,
Image_11_LK_CIR_MER_RAB_FOT_315_1231.png,LK_CIR_MER_RAB_FOT,315,1231,11,0,0.8745068177550488,
Image_11_LK_CIR_MER_RAB_FOT_315_1291.png,LK_CIR_MER_RAB_FOT,315,1291,11,0,nan,
Image_53_LK_CIR_MER_RAB_FOT_316_221.png,LK_CIR_MER_RAB_FOT,316,221,53,1,nan,
Image_53_LK_CIR_MER_RAB_FOT_316_226.png,LK_CIR_MER_RAB_FOT,316,226,53,0,nan,
Image_53_LK_CIR_MER_RAB_FOT_316_241.png,LK_CIR_MER_RAB_FOT,316,241,53,0,nan,
Image_53_LK_CIR_MER_RAB_FOT_316_266.png,LK_CIR_MER_RAB_FOT,316,266,53,0,nan,
Image_53_LK_CIR_MER_RAB_FOT_316_276.png,LK_CIR_MER_RAB_FOT,316,276,53,0,nan,
Image_53_LK_CIR_MER_RAB_FOT_316_321.png,LK_CIR_MER_RAB_FOT,316,321,53,0,nan,
Image_0_LK_CIR_MER_RAB_FOT_317_291.png,LK_CIR_MER_RAB_FOT,317,291,0,1,1.9947457257829921,
Image_0_LK_CIR_MER_RAB_FOT_318_1006.png,LK_CIR_MER_RAB_FOT,318,1006,0,0,0.9335071921722153,
Image_0_LK_CIR_MER_RAB_FOT_319_91.png,LK_CIR_MER_RAB_FOT,319,91,0,0,2.6401487566309756,
Image_0_LK_CIR_MER_RAB_FOT_321_491.png,LK_CIR_MER_RAB_FOT,321,491,0,0,1.832818838064794,
Image_0_LK_CIR_MER_RAB_FOT_321_591.png,LK_CIR_MER_RAB_FOT,321,591,0,0,2.086562491617557,
Image_23_LK_CIR_MER_RAB_FOT_322_146.png,LK_CIR_MER_RAB_FOT,322,146,23,0,nan,
Image_23_LK_CIR_MER_RAB_FOT_322_151.png,LK_CIR_MER_RAB_FOT,322,151,23,0,nan,
Image_23_LK_CIR_MER_RAB_FOT_322_156.png,LK_CIR_MER_RAB_FOT,322,156,23,0,nan,
Image_23_LK_CIR_MER_RAB_FOT_322_171.png,LK_CIR_MER_RAB_FOT,322,171,23,1,nan,
Image_23_LK_CIR_MER_RAB_FOT_322_196.png,LK_CIR_MER_RAB_FOT,322,196,23,0,nan,
Image_23_LK_CIR_MER_RAB_FOT_322_201.png,LK_CIR_MER_RAB_FOT,322,201,23,0,nan,
Image_23_LK_CIR_MER_RAB_FOT_322_231.png,LK_CIR_MER_RAB_FOT,322,231,23,0,nan,
Image_23_LK_CIR_MER_RAB_FOT_322_271.png,LK_CIR_MER_RAB_FOT,322,271,23,0,nan,
Image_23_LK_CIR_MER_RAB_FOT_323_121.png,LK_CIR_MER_RAB_FOT,323,121,23,0,nan,
Image_23_LK_CIR_MER_RAB_FOT_323_166.png,LK_CIR_MER_RAB_FOT,323,166,23,1,nan,
Image_23_LK_CIR_MER_RAB_FOT_323_171.png,LK_CIR_MER_RAB_FOT,323,171,23,0,nan,
Image_23_LK_CIR_MER_RAB_FOT_323_186.png,LK_CIR_MER_RAB_FOT,323,186,23,0,nan,
Image_23_LK_CIR_MER_RAB_FOT_323_191.png,LK_CIR_MER_RAB_FOT,323,191,23,0,nan,
Image_23_LK_CIR_MER_RAB_FOT_323_246.png,LK_CIR_MER_RAB_FOT,323,246,23,1,nan,
Image_23_LK_CIR_MER_RAB_FOT_323_256.png,LK_CIR_MER_RAB_FOT,323,256,23,1,nan,
Image_0_LK_CIR_MER_RAB_FOT_324_91.png,LK_CIR_MER_RAB_FOT,324,91,0,0,3.4556613008635217,
Image_0_LK_CIR_MER_RAB_FOT_325_391.png,LK_CIR_MER_RAB_FOT,325,391,0,0,3.857579851284513,
Image_0_LK_CIR_MER_RAB_FOT_328_491.png,LK_CIR_MER_RAB_FOT,328,491,0,0,0.45745029330629716,
Image_0_LK_CIR_MER_RAB_FOT_328_791.png,LK_CIR_MER_RAB_FOT,328,791,0,0,0.6392123610358611,
Image_0_LK_CIR_MER_RAB_FOT_330_391.png,LK_CIR_MER_RAB_FOT,330,391,0,0,22.9834239416919,
Image_0_LK_CIR_MER_RAB_FOT_330_991.png,LK_CIR_MER_RAB_FOT,330,991,0,0,0.5158707178651939,
Image_0_LK_CIR_MER_RAB_FOT_331_291.png,LK_CIR_MER_RAB_FOT,331,291,0,0,2.0466965370441,
Image_13_LK_CIR_MER_RAB_FOT_332_121.png,LK_CIR_MER_RAB_FOT,332,121,13,0,nan,
Image_13_LK_CIR_MER_RAB_FOT_332_166.png,LK_CIR_MER_RAB_FOT,332,166,13,0,nan,
Image_13_LK_CIR_MER_RAB_FOT_332_181.png,LK_CIR_MER_RAB_FOT,332,181,13,1,nan,
Image_13_LK_CIR_MER_RAB_FOT_332_191.png,LK_CIR_MER_RAB_FOT,332,191,13,1,nan,
Image_13_LK_CIR_MER_RAB_FOT_332_206.png,LK_CIR_MER_RAB_FOT,332,206,13,1,nan,
Image_13_LK_CIR_MER_RAB_FOT_332_216.png,LK_CIR_MER_RAB_FOT,332,216,13,0,nan,
Image_13_LK_CIR_MER_RAB_FOT_332_236.png,LK_CIR_MER_RAB_FOT,332,236,13,0,nan,
Image_0_LK_CIR_MER_RAB_FOT_334_291.png,LK_CIR_MER_RAB_FOT,334,291,0,0,1.645323866471906,
Image_0_LK_CIR_MER_RAB_FOT_334_391.png,LK_CIR_MER_RAB_FOT,334,391,0,0,1.5487249777666254,
Image_11_LK_CIR_MER_RAB_FOT_335_1146.png,LK_CIR_MER_RAB_FOT,335,1146,11,0,1.6312131180310236,
Image_11_LK_CIR_MER_RAB_FOT_335_1196.png,LK_CIR_MER_RAB_FOT,335,1196,11,0,nan,
Image_11_LK_CIR_MER_RAB_FOT_335_1231.png,LK_CIR_MER_RAB_FOT,335,1231,11,0,nan,
Image_11_LK_CIR_MER_RAB_FOT_335_1256.png,LK_CIR_MER_RAB_FOT,335,1256,11,0,nan,
Image_0_LK_CIR_MER_RAB_FOT_336_391.png,LK_CIR_MER_RAB_FOT,336,391,0,0,1.0965129518084624,
Image_0_LK_CIR_MER_RAB_FOT_336_591.png,LK_CIR_MER_RAB_FOT,336,591,0,1,0.39963777967958247,
Image_0_LK_CIR_MER_RAB_FOT_336_991.png,LK_CIR_MER_RAB_FOT,336,991,0,0,3.303461442435764,
Image_43_LK_CIR_MER_RAB_FOT_338_661.png,LK_CIR_MER_RAB_FOT,338,661,43,0,nan,
Image_43_LK_CIR_MER_RAB_FOT_338_666.png,LK_CIR_MER_RAB_FOT,338,666,43,0,nan,
Image_43_LK_CIR_MER_RAB_FOT_338_671.png,LK_CIR_MER_RAB_FOT,338,671,43,0,nan,
Image_43_LK_CIR_MER_RAB_FOT_338_691.png,LK_CIR_MER_RAB_FOT,338,691,43,0,nan,
Image_43_LK_CIR_MER_RAB_FOT_338_696.png,LK_CIR_MER_RAB_FOT,338,696,43,0,nan,
Image_43_LK_CIR_MER_RAB_FOT_338_781.png,LK_CIR_MER_RAB_FOT,338,781,43,0,nan,
Image_0_LK_CIR_MER_RAB_FOT_339_111.png,LK_CIR_MER_RAB_FOT,339,111,0,0,0.0021726529234040726,
Image_0_LK_CIR_MER_RAB_FOT_339_1511.png,LK_CIR_MER_RAB_FOT,339,1511,0,0,nan,
Image_0_LK_CIR_MER_RAB_FOT_339_311.png,LK_CIR_MER_RAB_FOT,339,311,0,0,0.0029131168500526883,
Image_0_LK_CIR_MER_RAB_FOT_339_511.png,LK_CIR_MER_RAB_FOT,339,511,0,0,2.255022876715005,
Image_11_LK_CIR_MER_RAB_FOT_340_1001.png,LK_CIR_MER_RAB_FOT,340,1001,11,0,0.7902026638177193,
Image_11_LK_CIR_MER_RAB_FOT_340_1046.png,LK_CIR_MER_RAB_FOT,340,1046,11,0,nan,
Image_11_LK_CIR_MER_RAB_FOT_340_1056.png,LK_CIR_MER_RAB_FOT,340,1056,11,0,nan,
Image_11_LK_CIR_MER_RAB_FOT_340_1091.png,LK_CIR_MER_RAB_FOT,340,1091,11,0,nan,
Image_11_LK_CIR_MER_RAB_FOT_340_946.png,LK_CIR_MER_RAB_FOT,340,946,11,0,2.0879764822796196,
Image_11_LK_CIR_MER_RAB_FOT_340_951.png,LK_CIR_MER_RAB_FOT,340,951,11,0,1.8488717287936767,
Image_11_LK_CIR_MER_RAB_FOT_340_971.png,LK_CIR_MER_RAB_FOT,340,971,11,0,1.2189502119464999,
Image_11_LK_CIR_MER_RAB_FOT_340_986.png,LK_CIR_MER_RAB_FOT,340,986,11,0,0.94843491437596,
Image_11_LK_CIR_MER_RAB_FOT_340_996.png,LK_CIR_MER_RAB_FOT,340,996,11,0,0.8365769049979612,
Image_0_LK_CIR_MER_RAB_FOT_341_91.png,LK_CIR_MER_RAB_FOT,341,91,0,0,1.0039998579524028,
Image_0_LK_CIR_MER_RAB_FOT_342_1691.png,LK_CIR_MER_RAB_FOT,342,1691,0,0,nan,
Image_0_LK_CIR_MER_RAB_FOT_342_191.png,LK_CIR_MER_RAB_FOT,342,191,0,1,0.0006505789375479409,
Image_0_LK_CIR_MER_RAB_FOT_342_291.png,LK_CIR_MER_RAB_FOT,342,291,0,0,1.7254779111828364,
Image_0_LK_CIR_MER_RAB_FOT_342_791.png,LK_CIR_MER_RAB_FOT,342,791,0,0,2.1764636742022754,
Image_0_LK_CIR_MER_RAB_FOT_343_281.png,LK_CIR_MER_RAB_FOT,343,281,0,0,1.9455092243898426,
Image_0_LK_CIR_MER_RAB_FOT_344_91.png,LK_CIR_MER_RAB_FOT,344,91,0,0,1.6143718829868825,
Image_11_LK_CIR_MER_RAB_FOT_347_1106.png,LK_CIR_MER_RAB_FOT,347,1106,11,0,1.2716767661906054,
Image_11_LK_CIR_MER_RAB_FOT_347_1131.png,LK_CIR_MER_RAB_FOT,347,1131,11,0,nan,
Image_11_LK_CIR_MER_RAB_FOT_347_1136.png,LK_CIR_MER_RAB_FOT,347,1136,11,0,nan,
Image_11_LK_CIR_MER_RAB_FOT_347_1141.png,LK_CIR_MER_RAB_FOT,347,1141,11,0,nan,
Image_11_LK_CIR_MER_RAB_FOT_347_1151.png,LK_CIR_MER_RAB_FOT,347,1151,11,0,nan,
Image_11_LK_CIR_MER_RAB_FOT_347_1166.png,LK_CIR_MER_RAB_FOT,347,1166,11,0,nan,
Image_11_LK_CIR_MER_RAB_FOT_347_1191.png,LK_CIR_MER_RAB_FOT,347,1191,11,0,nan,
Image_0_LK_CIR_MER_RAB_FOT_348_291.png,LK_CIR_MER_RAB_FOT,348,291,0,0,4.221432447352442,
Image_53_LK_CIR_MER_RAB_FOT_349_166.png,LK_CIR_MER_RAB_FOT,349,166,53,0,nan,
Image_53_LK_CIR_MER_RAB_FOT_349_201.png,LK_CIR_MER_RAB_FOT,349,201,53,0,nan,
Image_53_LK_CIR_MER_RAB_FOT_349_226.png,LK_CIR_MER_RAB_FOT,349,226,53,0,nan,
Image_53_LK_CIR_MER_RAB_FOT_349_241.png,LK_CIR_MER_RAB_FOT,349,241,53,0,nan,
Image_53_LK_CIR_MER_RAB_FOT_349_251.png,LK_CIR_MER_RAB_FOT,349,251,53,0,nan,
Image_53_LK_CIR_MER_RAB_FOT_349_261.png,LK_CIR_MER_RAB_FOT,349,261,53,0,nan,
Image_53_LK_CIR_MER_RAB_FOT_349_296.png,LK_CIR_MER_RAB_FOT,349,296,53,0,nan,
Image_0_LK_CIR_MER_RAB_FOT_351_1491.png,LK_CIR_MER_RAB_FOT,351,1491,0,0,nan,
Image_0_LK_CIR_MER_RAB_FOT_351_191.png,LK_CIR_MER_RAB_FOT,351,191,0,0,0.007533408352661475,
Image_53_LK_CIR_MER_RAB_FOT_352_131.png,LK_CIR_MER_RAB_FOT,352,131,53,0,nan,
Image_53_LK_CIR_MER_RAB_FOT_352_186.png,LK_CIR_MER_RAB_FOT,352,186,53,0,nan,
Image_53_LK_CIR_MER_RAB_FOT_352_196.png,LK_CIR_MER_RAB_FOT,352,196,53,0,nan,
Image_0_LK_CIR_MER_RAB_FOT_354_391.png,LK_CIR_MER_RAB_FOT,354,391,0,0,2.2766077968344662,
Image_0_LK_CIR_MER_RAB_FOT_355_451.png,LK_CIR_MER_RAB_FOT,355,451,0,0,1.044251433058557,
Image_0_LK_CIR_MER_RAB_FOT_355_751.png,LK_CIR_MER_RAB_FOT,355,751,0,0,19.552384656073542,
Image_11_LK_CIR_MER_RAB_FOT_357_1256.png,LK_CIR_MER_RAB_FOT,357,1256,11,0,2.321971492142005,
Image_11_LK_CIR_MER_RAB_FOT_357_1306.png,LK_CIR_MER_RAB_FOT,357,1306,11,0,0.986033505990686,
Image_11_LK_CIR_MER_RAB_FOT_357_1326.png,LK_CIR_MER_RAB_FOT,357,1326,11,0,nan,
Image_11_LK_CIR_MER_RAB_FOT_357_1341.png,LK_CIR_MER_RAB_FOT,357,1341,11,0,nan,
Image_11_LK_CIR_MER_RAB_FOT_357_1356.png,LK_CIR_MER_RAB_FOT,357,1356,11,0,nan,
Image_11_LK_CIR_MER_RAB_FOT_357_1366.png,LK_CIR_MER_RAB_FOT,357,1366,11,0,nan,
Image_0_LK_CIR_MER_RAB_FOT_358_391.png,LK_CIR_MER_RAB_FOT,358,391,0,0,1.8744359270221236,
Image_0_LK_CIR_MER_RAB_FOT_359_191.png,LK_CIR_MER_RAB_FOT,359,191,0,0,4.3800192412173775,
Image_0_LK_CIR_MER_RAB_FOT_361_91.png,LK_CIR_MER_RAB_FOT,361,91,0,0,5.541475123648097,
Image_0_LK_CIR_MER_RAB_FOT_367_391.png,LK_CIR_MER_RAB_FOT,367,391,0,0,1.750207899179942,
Image_0_LK_CIR_MER_RAB_FOT_367_91.png,LK_CIR_MER_RAB_FOT,367,91,0,0,1.5190854509318674,
Image_13_LK_CIR_MER_RAB_FOT_368_141.png,LK_CIR_MER_RAB_FOT,368,141,13,0,nan,
Image_13_LK_CIR_MER_RAB_FOT_368_156.png,LK_CIR_MER_RAB_FOT,368,156,13,0,nan,
Image_13_LK_CIR_MER_RAB_FOT_368_171.png,LK_CIR_MER_RAB_FOT,368,171,13,0,nan,
Image_13_LK_CIR_MER_RAB_FOT_368_176.png,LK_CIR_MER_RAB_FOT,368,176,13,1,nan,
Image_13_LK_CIR_MER_RAB_FOT_368_211.png,LK_CIR_MER_RAB_FOT,368,211,13,0,nan,
Image_13_LK_CIR_MER_RAB_FOT_368_216.png,LK_CIR_MER_RAB_FOT,368,216,13,0,nan,
Image_13_LK_CIR_MER_RAB_FOT_368_231.png,LK_CIR_MER_RAB_FOT,368,231,13,0,nan,
Image_13_LK_CIR_MER_RAB_FOT_368_276.png,LK_CIR_MER_RAB_FOT,368,276,13,0,nan,
Image_33_LK_CIR_MER_RAB_FOT_369_271.png,LK_CIR_MER_RAB_FOT,369,271,33,0,nan,
Image_33_LK_CIR_MER_RAB_FOT_369_311.png,LK_CIR_MER_RAB_FOT,369,311,33,1,nan,
Image_33_LK_CIR_MER_RAB_FOT_369_316.png,LK_CIR_MER_RAB_FOT,369,316,33,0,nan,
Image_33_LK_CIR_MER_RAB_FOT_369_341.png,LK_CIR_MER_RAB_FOT,369,341,33,0,nan,
Image_33_LK_CIR_MER_RAB_FOT_369_351.png,LK_CIR_MER_RAB_FOT,369,351,33,0,nan,
Image_33_LK_CIR_MER_RAB_FOT_369_376.png,LK_CIR_MER_RAB_FOT,369,376,33,0,nan,
Image_33_LK_CIR_MER_RAB_FOT_369_381.png,LK_CIR_MER_RAB_FOT,369,381,33,0,nan,
Image_0_LK_CIR_MER_RAB_FOT_370_1226.png,LK_CIR_MER_RAB_FOT,370,1226,0,0,nan,
Image_0_LK_CIR_MER_RAB_FOT_370_326.png,LK_CIR_MER_RAB_FOT,370,326,0,0,0.01416867565427804,
Image_0_LK_CIR_MER_RAB_FOT_370_826.png,LK_CIR_MER_RAB_FOT,370,826,0,0,1.4964230614258958,
Image_0_LK_CIR_MER_RAB_FOT_371_91.png,LK_CIR_MER_RAB_FOT,371,91,0,0,4.998738212372325,
Image_13_LK_CIR_MER_RAB_FOT_372_321.png,LK_CIR_MER_RAB_FOT,372,321,13,0,nan,
Image_13_LK_CIR_MER_RAB_FOT_372_326.png,LK_CIR_MER_RAB_FOT,372,326,13,0,nan,
Image_13_LK_CIR_MER_RAB_FOT_372_361.png,LK_CIR_MER_RAB_FOT,372,361,13,1,nan,
Image_13_LK_CIR_MER_RAB_FOT_372_366.png,LK_CIR_MER_RAB_FOT,372,366,13,0,nan,
Image_13_LK_CIR_MER_RAB_FOT_372_371.png,LK_CIR_MER_RAB_FOT,372,371,13,0,nan,
Image_13_LK_CIR_MER_RAB_FOT_372_396.png,LK_CIR_MER_RAB_FOT,372,396,13,0,nan,
Image_0_LK_CIR_MER_RAB_FOT_373_291.png,LK_CIR_MER_RAB_FOT,373,291,0,1,2.6192225237344755,
Image_0_LK_CIR_MER_RAB_FOT_373_391.png,LK_CIR_MER_RAB_FOT,373,391,0,0,2.686393703751741,
Image_0_LK_CIR_MER_RAB_FOT_373_91.png,LK_CIR_MER_RAB_FOT,373,91,0,0,2.337773522451596,
Image_0_LK_CIR_MER_RAB_FOT_375_281.png,LK_CIR_MER_RAB_FOT,375,281,0,0,2.991666872190393,
Image_0_LK_CIR_MER_RAB_FOT_375_681.png,LK_CIR_MER_RAB_FOT,375,681,0,0,3.282315333282571,
Image_0_LK_CIR_MER_RAB_FOT_377_1216.png,LK_CIR_MER_RAB_FOT,377,1216,0,0,nan,
Image_33_LK_CIR_MER_RAB_FOT_378_106.png,LK_CIR_MER_RAB_FOT,378,106,33,0,nan,
Image_33_LK_CIR_MER_RAB_FOT_378_111.png,LK_CIR_MER_RAB_FOT,378,111,33,0,nan,
Image_33_LK_CIR_MER_RAB_FOT_378_151.png,LK_CIR_MER_RAB_FOT,378,151,33,0,nan,
Image_33_LK_CIR_MER_RAB_FOT_378_176.png,LK_CIR_MER_RAB_FOT,378,176,33,0,nan,
Image_0_LK_CIR_MER_RAB_FOT_380_191.png,LK_CIR_MER_RAB_FOT,380,191,0,0,3.9368312659436318,
Image_33_LK_CIR_MER_RAB_FOT_381_241.png,LK_CIR_MER_RAB_FOT,381,241,33,0,nan,
Image_33_LK_CIR_MER_RAB_FOT_381_256.png,LK_CIR_MER_RAB_FOT,381,256,33,0,nan,
Image_33_LK_CIR_MER_RAB_FOT_381_281.png,LK_CIR_MER_RAB_FOT,381,281,33,0,nan,
Image_33_LK_CIR_MER_RAB_FOT_381_301.png,LK_CIR_MER_RAB_FOT,381,301,33,0,nan,
Image_33_LK_CIR_MER_RAB_FOT_381_306.png,LK_CIR_MER_RAB_FOT,381,306,33,0,nan,
Image_33_LK_CIR_MER_RAB_FOT_381_326.png,LK_CIR_MER_RAB_FOT,381,326,33,0,nan,
Image_33_LK_CIR_MER_RAB_FOT_381_346.png,LK_CIR_MER_RAB_FOT,381,346,33,0,nan,
Image_33_LK_CIR_MER_RAB_FOT_381_361.png,LK_CIR_MER_RAB_FOT,381,361,33,0,nan,
Image_33_LK_CIR_MER_RAB_FOT_381_366.png,LK_CIR_MER_RAB_FOT,381,366,33,0,nan,
Image_33_LK_CIR_MER_RAB_FOT_381_371.png,LK_CIR_MER_RAB_FOT,381,371,33,0,nan,
Image_23_LK_CIR_MER_RAB_FOT_383_116.png,LK_CIR_MER_RAB_FOT,383,116,23,0,nan,
Image_23_LK_CIR_MER_RAB_FOT_383_121.png,LK_CIR_MER_RAB_FOT,383,121,23,0,nan,
Image_23_LK_CIR_MER_RAB_FOT_383_151.png,LK_CIR_MER_RAB_FOT,383,151,23,0,nan,
Image_23_LK_CIR_MER_RAB_FOT_383_156.png,LK_CIR_MER_RAB_FOT,383,156,23,0,nan,
Image_23_LK_CIR_MER_RAB_FOT_383_161.png,LK_CIR_MER_RAB_FOT,383,161,23,0,nan,
Image_23_LK_CIR_MER_RAB_FOT_383_171.png,LK_CIR_MER_RAB_FOT,383,171,23,0,nan,
Image_23_LK_CIR_MER_RAB_FOT_383_216.png,LK_CIR_MER_RAB_FOT,383,216,23,0,nan,
Image_23_LK_CIR_MER_RAB_FOT_383_221.png,LK_CIR_MER_RAB_FOT,383,221,23,0,nan,
Image_23_LK_CIR_MER_RAB_FOT_383_241.png,LK_CIR_MER_RAB_FOT,383,241,23,0,nan,
Image_0_LK_CIR_MER_RAB_FOT_384_311.png,LK_CIR_MER_RAB_FOT,384,311,0,0,4.758562915262635,
Image_43_LK_CIR_MER_RAB_FOT_387_291.png,LK_CIR_MER_RAB_FOT,387,291,43,1,nan,
Image_43_LK_CIR_MER_RAB_FOT_387_296.png,LK_CIR_MER_RAB_FOT,387,296,43,0,nan,
Image_43_LK_CIR_MER_RAB_FOT_387_301.png,LK_CIR_MER_RAB_FOT,387,301,43,1,nan,
Image_43_LK_CIR_MER_RAB_FOT_387_331.png,LK_CIR_MER_RAB_FOT,387,331,43,0,nan,
Image_43_LK_CIR_MER_RAB_FOT_387_336.png,LK_CIR_MER_RAB_FOT,387,336,43,0,nan,
Image_43_LK_CIR_MER_RAB_FOT_387_371.png,LK_CIR_MER_RAB_FOT,387,371,43,0,nan,
Image_43_LK_CIR_MER_RAB_FOT_387_431.png,LK_CIR_MER_RAB_FOT,387,431,43,0,nan,
Image_23_LK_CIR_MER_RAB_FOT_391_196.png,LK_CIR_MER_RAB_FOT,391,196,23,1,nan,
Image_23_LK_CIR_MER_RAB_FOT_391_201.png,LK_CIR_MER_RAB_FOT,391,201,23,0,nan,
Image_23_LK_CIR_MER_RAB_FOT_391_241.png,LK_CIR_MER_RAB_FOT,391,241,23,0,nan,
Image_23_LK_CIR_MER_RAB_FOT_391_256.png,LK_CIR_MER_RAB_FOT,391,256,23,0,nan,
Image_23_LK_CIR_MER_RAB_FOT_391_271.png,LK_CIR_MER_RAB_FOT,391,271,23,0,nan,
Image_23_LK_CIR_MER_RAB_FOT_391_286.png,LK_CIR_MER_RAB_FOT,391,286,23,0,nan,
Image_23_LK_CIR_MER_RAB_FOT_391_291.png,LK_CIR_MER_RAB_FOT,391,291,23,0,nan,
Image_23_LK_CIR_MER_RAB_FOT_391_301.png,LK_CIR_MER_RAB_FOT,391,301,23,0,nan,
Image_43_LK_CIR_MER_RAB_FOT_392_186.png,LK_CIR_MER_RAB_FOT,392,186,43,0,nan,
Image_43_LK_CIR_MER_RAB_FOT_392_206.png,LK_CIR_MER_RAB_FOT,392,206,43,0,nan,
Image_43_LK_CIR_MER_RAB_FOT_392_216.png,LK_CIR_MER_RAB_FOT,392,216,43,0,nan,
Image_43_LK_CIR_MER_RAB_FOT_392_221.png,LK_CIR_MER_RAB_FOT,392,221,43,0,nan,
Image_43_LK_CIR_MER_RAB_FOT_392_241.png,LK_CIR_MER_RAB_FOT,392,241,43,0,nan,
Image_43_LK_CIR_MER_RAB_FOT_392_251.png,LK_CIR_MER_RAB_FOT,392,251,43,0,nan,
Image_43_LK_CIR_MER_RAB_FOT_392_281.png,LK_CIR_MER_RAB_FOT,392,281,43,0,nan,
Image_43_LK_CIR_MER_RAB_FOT_392_296.png,LK_CIR_MER_RAB_FOT,392,296,43,0,nan,
Image_43_LK_CIR_MER_RAB_FOT_392_311.png,LK_CIR_MER_RAB_FOT,392,311,43,0,nan,
Image_0_LK_CIR_MER_RAB_FOT_393_291.png,LK_CIR_MER_RAB_FOT,393,291,0,0,1.586774137189354,
Image_0_LK_CIR_MER_RAB_FOT_393_91.png,LK_CIR_MER_RAB_FOT,393,91,0,0,1.3776893663543741,
Image_0_LK_CIR_MER_RAB_FOT_397_91.png,LK_CIR_MER_RAB_FOT,397,91,0,0,2.5625277770373573,
Image_43_LK_CIR_MER_RAB_FOT_398_681.png,LK_CIR_MER_RAB_FOT,398,681,43,0,nan,
Image_43_LK_CIR_MER_RAB_FOT_398_706.png,LK_CIR_MER_RAB_FOT,398,706,43,0,nan,
Image_43_LK_CIR_MER_RAB_FOT_398_716.png,LK_CIR_MER_RAB_FOT,398,716,43,0,nan,
Image_43_LK_CIR_MER_RAB_FOT_398_766.png,LK_CIR_MER_RAB_FOT,398,766,43,0,nan,
Image_43_LK_CIR_MER_RAB_FOT_398_781.png,LK_CIR_MER_RAB_FOT,398,781,43,0,nan,
Image_43_LK_CIR_MER_RAB_FOT_398_786.png,LK_CIR_MER_RAB_FOT,398,786,43,0,nan,
Image_0_LK_CIR_MER_RAB_FOT_402_191.png,LK_CIR_MER_RAB_FOT,402,191,0,0,4.564368587456791,
Image_0_LK_CIR_MER_RAB_FOT_402_491.png,LK_CIR_MER_RAB_FOT,402,491,0,0,5.247477309811044,
Image_0_LK_CIR_MER_RAB_FOT_403_1571.png,LK_CIR_MER_RAB_FOT,403,1571,0,0,nan,
Image_0_LK_CIR_MER_RAB_FOT_406_391.png,LK_CIR_MER_RAB_FOT,406,391,0,0,2.0884052827866477,
Image_33_LK_CIR_MER_RAB_FOT_408_226.png,LK_CIR_MER_RAB_FOT,408,226,33,0,nan,
Image_33_LK_CIR_MER_RAB_FOT_408_231.png,LK_CIR_MER_RAB_FOT,408,231,33,0,nan,
Image_33_LK_CIR_MER_RAB_FOT_408_246.png,LK_CIR_MER_RAB_FOT,408,246,33,0,nan,
Image_33_LK_CIR_MER_RAB_FOT_408_296.png,LK_CIR_MER_RAB_FOT,408,296,33,0,nan,
Image_33_LK_CIR_MER_RAB_FOT_408_311.png,LK_CIR_MER_RAB_FOT,408,311,33,0,nan,
Image_53_LK_CIR_MER_RAB_FOT_409_246.png,LK_CIR_MER_RAB_FOT,409,246,53,0,nan,
Image_53_LK_CIR_MER_RAB_FOT_409_266.png,LK_CIR_MER_RAB_FOT,409,266,53,0,nan,
Image_53_LK_CIR_MER_RAB_FOT_409_271.png,LK_CIR_MER_RAB_FOT,409,271,53,0,nan,
Image_53_LK_CIR_MER_RAB_FOT_409_276.png,LK_CIR_MER_RAB_FOT,409,276,53,0,nan,
Image_53_LK_CIR_MER_RAB_FOT_409_286.png,LK_CIR_MER_RAB_FOT,409,286,53,0,nan,
Image_53_LK_CIR_MER_RAB_FOT_409_341.png,LK_CIR_MER_RAB_FOT,409,341,53,0,nan,
Image_23_LK_CIR_MER_RAB_FOT_410_411.png,LK_CIR_MER_RAB_FOT,410,411,23,0,nan,
Image_23_LK_CIR_MER_RAB_FOT_410_416.png,LK_CIR_MER_RAB_FOT,410,416,23,0,nan,
Image_23_LK_CIR_MER_RAB_FOT_410_426.png,LK_CIR_MER_RAB_FOT,410,426,23,0,nan,
Image_23_LK_CIR_MER_RAB_FOT_410_446.png,LK_CIR_MER_RAB_FOT,410,446,23,0,nan,
Image_23_LK_CIR_MER_RAB_FOT_410_476.png,LK_CIR_MER_RAB_FOT,410,476,23,0,nan,
Image_23_LK_CIR_MER_RAB_FOT_410_501.png,LK_CIR_MER_RAB_FOT,410,501,23,0,nan,
Image_0_LK_CIR_MER_RAB_FOT_411_291.png,LK_CIR_MER_RAB_FOT,411,291,0,0,2.4802322534251595,
Image_0_LK_CIR_MER_RAB_FOT_413_1091.png,LK_CIR_MER_RAB_FOT,413,1091,0,0,2.0746332247860635,
Image_0_LK_CIR_MER_RAB_FOT_413_491.png,LK_CIR_MER_RAB_FOT,413,491,0,0,1.4779548608326492,
Image_0_LK_CIR_MER_RAB_FOT_414_191.png,LK_CIR_MER_RAB_FOT,414,191,0,0,3.7634717392657455,
Image_0_LK_CIR_MER_RAB_FOT_414_391.png,LK_CIR_MER_RAB_FOT,414,391,0,0,3.889233024721876,
Image_0_LK_CIR_MER_RAB_FOT_414_91.png,LK_CIR_MER_RAB_FOT,414,91,0,0,3.504618072610424,
Image_11_LK_CIR_MER_RAB_FOT_415_851.png,LK_CIR_MER_RAB_FOT,415,851,11,0,0.7786812627903773,
Image_11_LK_CIR_MER_RAB_FOT_415_871.png,LK_CIR_MER_RAB_FOT,415,871,11,0,0.6186604537806417,
Image_11_LK_CIR_MER_RAB_FOT_415_886.png,LK_CIR_MER_RAB_FOT,415,886,11,0,0.53822201409296,
Image_11_LK_CIR_MER_RAB_FOT_415_891.png,LK_CIR_MER_RAB_FOT,415,891,11,0,0.5173370775381538,
Image_11_LK_CIR_MER_RAB_FOT_415_901.png,LK_CIR_MER_RAB_FOT,415,901,11,0,0.4829020091176489,
Image_11_LK_CIR_MER_RAB_FOT_415_916.png,LK_CIR_MER_RAB_FOT,415,916,11,0,0.4465406223131605,
Image_11_LK_CIR_MER_RAB_FOT_415_946.png,LK_CIR_MER_RAB_FOT,415,946,11,0,nan,
Image_11_LK_CIR_MER_RAB_FOT_415_951.png,LK_CIR_MER_RAB_FOT,415,951,11,0,nan,
Image_11_LK_CIR_MER_RAB_FOT_415_971.png,LK_CIR_MER_RAB_FOT,415,971,11,0,nan,
Image_11_LK_CIR_MER_RAB_FOT_415_976.png,LK_CIR_MER_RAB_FOT,415,976,11,0,nan,
Image_53_LK_CIR_MER_RAB_FOT_416_251.png,LK_CIR_MER_RAB_FOT,416,251,53,0,nan,
Image_53_LK_CIR_MER_RAB_FOT_416_261.png,LK_CIR_MER_RAB_FOT,416,261,53,0,nan,
Image_53_LK_CIR_MER_RAB_FOT_416_271.png,LK_CIR_MER_RAB_FOT,416,271,53,0,nan,
Image_53_LK_CIR_MER_RAB_FOT_416_276.png,LK_CIR_MER_RAB_FOT,416,276,53,0,nan,
Image_53_LK_CIR_MER_RAB_FOT_416_291.png,LK_CIR_MER_RAB_FOT,416,291,53,0,nan,
Image_53_LK_CIR_MER_RAB_FOT_416_306.png,LK_CIR_MER_RAB_FOT,416,306,53,0,nan,
Image_53_LK_CIR_MER_RAB_FOT_416_311.png,LK_CIR_MER_RAB_FOT,416,311,53,0,nan,
Image_53_LK_CIR_MER_RAB_FOT_416_341.png,LK_CIR_MER_RAB_FOT,416,341,53,0,nan,
Image_53_LK_CIR_MER_RAB_FOT_416_371.png,LK_CIR_MER_RAB_FOT,416,371,53,0,nan,
Image_53_LK_CIR_MER_RAB_FOT_416_396.png,LK_CIR_MER_RAB_FOT,416,396,53,0,nan,
Image_0_LK_CIR_MER_RAB_FOT_417_191.png,LK_CIR_MER_RAB_FOT,417,191,0,0,2.1368058628200712,
Image_0_LK_CIR_MER_RAB_FOT_418_1201.png,LK_CIR_MER_RAB_FOT,418,1201,0,0,nan,
Image_0_LK_CIR_MER_RAB_FOT_418_1301.png,LK_CIR_MER_RAB_FOT,418,1301,0,0,nan,
Image_0_LK_CIR_MER_RAB_FOT_419_391.png,LK_CIR_MER_RAB_FOT,419,391,0,0,2.726629367919784,
Image_23_LK_CIR_MER_RAB_FOT_420_126.png,LK_CIR_MER_RAB_FOT,420,126,23,0,nan,
Image_23_LK_CIR_MER_RAB_FOT_420_171.png,LK_CIR_MER_RAB_FOT,420,171,23,0,nan,
Image_23_LK_CIR_MER_RAB_FOT_420_191.png,LK_CIR_MER_RAB_FOT,420,191,23,0,nan,
Image_23_LK_CIR_MER_RAB_FOT_420_206.png,LK_CIR_MER_RAB_FOT,420,206,23,0,nan,
Image_23_LK_CIR_MER_RAB_FOT_420_236.png,LK_CIR_MER_RAB_FOT,420,236,23,0,nan,
Image_23_LK_CIR_MER_RAB_FOT_420_241.png,LK_CIR_MER_RAB_FOT,420,241,23,0,nan,
Image_23_LK_CIR_MER_RAB_FOT_420_251.png,LK_CIR_MER_RAB_FOT,420,251,23,0,nan,
Image_0_LK_CIR_MER_RAB_FOT_421_1991.png,LK_CIR_MER_RAB_FOT,421,1991,0,0,nan,
Image_0_LK_CIR_MER_RAB_FOT_421_291.png,LK_CIR_MER_RAB_FOT,421,291,0,0,2.340183468058658,
Image_13_LK_CIR_MER_RAB_FOT_422_471.png,LK_CIR_MER_RAB_FOT,422,471,13,0,nan,
Image_13_LK_CIR_MER_RAB_FOT_422_496.png,LK_CIR_MER_RAB_FOT,422,496,13,0,nan,
Image_13_LK_CIR_MER_RAB_FOT_422_506.png,LK_CIR_MER_RAB_FOT,422,506,13,0,nan,
Image_0_LK_CIR_MER_RAB_FOT_423_391.png,LK_CIR_MER_RAB_FOT,423,391,0,0,4.075935234379348,
Image_0_LK_CIR_MER_RAB_FOT_425_1091.png,LK_CIR_MER_RAB_FOT,425,1091,0,0,0.011686036918604481,
Image_0_LK_CIR_MER_RAB_FOT_425_191.png,LK_CIR_MER_RAB_FOT,425,191,0,0,0.00171649359899817,
Image_0_LK_CIR_MER_RAB_FOT_425_291.png,LK_CIR_MER_RAB_FOT,425,291,0,0,0.007572122389596814,
Image_0_LK_CIR_MER_RAB_FOT_426_316.png,LK_CIR_MER_RAB_FOT,426,316,0,0,2.90215402626313,
Image_33_LK_CIR_MER_RAB_FOT_427_296.png,LK_CIR_MER_RAB_FOT,427,296,33,0,nan,
Image_33_LK_CIR_MER_RAB_FOT_427_301.png,LK_CIR_MER_RAB_FOT,427,301,33,0,nan,
Image_33_LK_CIR_MER_RAB_FOT_427_311.png,LK_CIR_MER_RAB_FOT,427,311,33,0,nan,
Image_33_LK_CIR_MER_RAB_FOT_427_321.png,LK_CIR_MER_RAB_FOT,427,321,33,0,nan,
Image_33_LK_CIR_MER_RAB_FOT_427_346.png,LK_CIR_MER_RAB_FOT,427,346,33,0,nan,
Image_0_LK_CIR_MER_RAB_FOT_428_591.png,LK_CIR_MER_RAB_FOT,428,591,0,0,0.004590951463280479,
Image_0_LK_CIR_MER_RAB_FOT_428_891.png,LK_CIR_MER_RAB_FOT,428,891,0,0,0.5500309246814774,
Image_0_LK_CIR_MER_RAB_FOT_428_91.png,LK_CIR_MER_RAB_FOT,428,91,0,0,1.0875081543236877,
Image_0_LK_CIR_MER_RAB_FOT_428_991.png,LK_CIR_MER_RAB_FOT,428,991,0,0,nan,
Image_0_LK_CIR_MER_RAB_FOT_429_291.png,LK_CIR_MER_RAB_FOT,429,291,0,0,2.817897532426826,
Image_0_LK_CIR_MER_RAB_FOT_432_191.png,LK_CIR_MER_RAB_FOT,432,191,0,0,2.5904638303603376,
Image_11_LK_CIR_MER_RAB_FOT_433_671.png,LK_CIR_MER_RAB_FOT,433,671,11,0,0.7429702099130908,
Image_11_LK_CIR_MER_RAB_FOT_433_676.png,LK_CIR_MER_RAB_FOT,433,676,11,0,0.7142498611059291,
Image_11_LK_CIR_MER_RAB_FOT_433_681.png,LK_CIR_MER_RAB_FOT,433,681,11,0,0.6890276924425696,
Image_11_LK_CIR_MER_RAB_FOT_433_726.png,LK_CIR_MER_RAB_FOT,433,726,11,0,nan,
Image_11_LK_CIR_MER_RAB_FOT_433_746.png,LK_CIR_MER_RAB_FOT,433,746,11,0,nan,
Image_11_LK_CIR_MER_RAB_FOT_433_756.png,LK_CIR_MER_RAB_FOT,433,756,11,0,nan,
Image_0_LK_CIR_MER_RAB_FOT_435_291.png,LK_CIR_MER_RAB_FOT,435,291,0,0,3.856926909696155,
Image_43_LK_CIR_MER_RAB_FOT_436_216.png,LK_CIR_MER_RAB_FOT,436,216,43,0,nan,
Image_43_LK_CIR_MER_RAB_FOT_436_241.png,LK_CIR_MER_RAB_FOT,436,241,43,0,nan,
Image_43_LK_CIR_MER_RAB_FOT_436_286.png,LK_CIR_MER_RAB_FOT,436,286,43,0,nan,
Image_43_LK_CIR_MER_RAB_FOT_436_316.png,LK_CIR_MER_RAB_FOT,436,316,43,0,nan,
Image_43_LK_CIR_MER_RAB_FOT_436_321.png,LK_CIR_MER_RAB_FOT,436,321,43,0,nan,
Image_43_LK_CIR_MER_RAB_FOT_436_331.png,LK_CIR_MER_RAB_FOT,436,331,43,0,nan,
Image_43_LK_CIR_MER_RAB_FOT_436_351.png,LK_CIR_MER_RAB_FOT,436,351,43,0,nan,
Image_0_LK_CIR_MER_RAB_FOT_437_691.png,LK_CIR_MER_RAB_FOT,437,691,0,1,0.7716519936616386,
Image_0_LK_CIR_MER_RAB_FOT_437_891.png,LK_CIR_MER_RAB_FOT,437,891,0,0,nan,
Image_0_LK_CIR_MER_RAB_FOT_437_91.png,LK_CIR_MER_RAB_FOT,437,91,0,0,0.7524090625475055,
Image_0_LK_CIR_MER_RAB_FOT_438_291.png,LK_CIR_MER_RAB_FOT,438,291,0,0,1.4612947936580065,
Image_53_LK_CIR_MER_RAB_FOT_439_166.png,LK_CIR_MER_RAB_FOT,439,166,53,0,nan,
Image_53_LK_CIR_MER_RAB_FOT_439_181.png,LK_CIR_MER_RAB_FOT,439,181,53,1,nan,
Image_53_LK_CIR_MER_RAB_FOT_439_226.png,LK_CIR_MER_RAB_FOT,439,226,53,0,nan,
Image_53_LK_CIR_MER_RAB_FOT_439_241.png,LK_CIR_MER_RAB_FOT,439,241,53,0,nan,
Image_53_LK_CIR_MER_RAB_FOT_439_261.png,LK_CIR_MER_RAB_FOT,439,261,53,0,nan,
Image_53_LK_CIR_MER_RAB_FOT_439_281.png,LK_CIR_MER_RAB_FOT,439,281,53,0,nan,
Image_53_LK_CIR_MER_RAB_FOT_439_286.png,LK_CIR_MER_RAB_FOT,439,286,53,0,nan,
Image_0_LK_CIR_MER_RAB_FOT_440_191.png,LK_CIR_MER_RAB_FOT,440,191,0,0,4.05079913981897,
Image_0_LK_CIR_MER_RAB_FOT_441_91.png,LK_CIR_MER_RAB_FOT,441,91,0,0,5.5930037627048215,
Image_13_LK_CIR_MER_RAB_FOT_442_181.png,LK_CIR_MER_RAB_FOT,442,181,13,0,nan,
Image_13_LK_CIR_MER_RAB_FOT_442_186.png,LK_CIR_MER_RAB_FOT,442,186,13,0,nan,
Image_13_LK_CIR_MER_RAB_FOT_442_216.png,LK_CIR_MER_RAB_FOT,442,216,13,1,nan,
Image_13_LK_CIR_MER_RAB_FOT_442_281.png,LK_CIR_MER_RAB_FOT,442,281,13,0,nan,
Image_0_LK_CIR_MER_RAB_FOT_443_191.png,LK_CIR_MER_RAB_FOT,443,191,0,0,2.542363067269104,
Image_0_LK_CIR_MER_RAB_FOT_443_91.png,LK_CIR_MER_RAB_FOT,443,91,0,0,1.9473920677397047,
Image_0_LK_CIR_MER_RAB_FOT_445_491.png,LK_CIR_MER_RAB_FOT,445,491,0,0,5.006550391635457,
Image_0_LK_CIR_MER_RAB_FOT_445_91.png,LK_CIR_MER_RAB_FOT,445,91,0,0,4.609926178562272,
Image_0_LK_CIR_MER_RAB_FOT_446_91.png,LK_CIR_MER_RAB_FOT,446,91,0,0,0.002466711007726552,
Image_23_LK_CIR_MER_RAB_FOT_447_181.png,LK_CIR_MER_RAB_FOT,447,181,23,0,nan,
Image_23_LK_CIR_MER_RAB_FOT_447_186.png,LK_CIR_MER_RAB_FOT,447,186,23,0,nan,
Image_23_LK_CIR_MER_RAB_FOT_447_191.png,LK_CIR_MER_RAB_FOT,447,191,23,0,nan,
Image_23_LK_CIR_MER_RAB_FOT_447_211.png,LK_CIR_MER_RAB_FOT,447,211,23,0,nan,
Image_23_LK_CIR_MER_RAB_FOT_447_261.png,LK_CIR_MER_RAB_FOT,447,261,23,0,nan,
Image_0_LK_CIR_MER_RAB_FOT_448_391.png,LK_CIR_MER_RAB_FOT,448,391,0,0,2.55562201683901,
Image_0_LK_CIR_MER_RAB_FOT_448_491.png,LK_CIR_MER_RAB_FOT,448,491,0,0,2.9835652794794445,
Image_0_LK_CIR_MER_RAB_FOT_450_1191.png,LK_CIR_MER_RAB_FOT,450,1191,0,0,nan,
Image_0_LK_CIR_MER_RAB_FOT_450_491.png,LK_CIR_MER_RAB_FOT,450,491,0,0,0.002853565358456045,
Image_0_LK_CIR_MER_RAB_FOT_450_591.png,LK_CIR_MER_RAB_FOT,450,591,0,0,0.7856550341334319,
Image_0_LK_CIR_MER_RAB_FOT_450_91.png,LK_CIR_MER_RAB_FOT,450,91,0,0,0.28080217750451286,
Image_12_LK_CIR_MER_RAB_FOT_452_201.png,LK_CIR_MER_RAB_FOT,452,201,12,0,nan,
Image_12_LK_CIR_MER_RAB_FOT_452_216.png,LK_CIR_MER_RAB_FOT,452,216,12,0,nan,
Image_12_LK_CIR_MER_RAB_FOT_452_236.png,LK_CIR_MER_RAB_FOT,452,236,12,0,nan,
Image_12_LK_CIR_MER_RAB_FOT_452_261.png,LK_CIR_MER_RAB_FOT,452,261,12,0,nan,
Image_12_LK_CIR_MER_RAB_FOT_452_276.png,LK_CIR_MER_RAB_FOT,452,276,12,0,nan,
Image_12_LK_CIR_MER_RAB_FOT_452_286.png,LK_CIR_MER_RAB_FOT,452,286,12,0,nan,
Image_0_LK_CIR_MER_RAB_FOT_453_491.png,LK_CIR_MER_RAB_FOT,453,491,0,0,nan,
Image_0_LK_CIR_MER_RAB_FOT_453_591.png,LK_CIR_MER_RAB_FOT,453,591,0,0,nan,
Image_0_LK_CIR_MER_RAB_FOT_456_191.png,LK_CIR_MER_RAB_FOT,456,191,0,0,0.8696129164874549,
Image_0_LK_CIR_MER_RAB_FOT_456_291.png,LK_CIR_MER_RAB_FOT,456,291,0,0,1.3565183699006766,
Image_0_LK_CIR_MER_RAB_FOT_457_91.png,LK_CIR_MER_RAB_FOT,457,91,0,0,2.490665064870341,
Image_53_LK_CIR_MER_RAB_FOT_459_341.png,LK_CIR_MER_RAB_FOT,459,341,53,0,nan,
Image_53_LK_CIR_MER_RAB_FOT_459_361.png,LK_CIR_MER_RAB_FOT,459,361,53,0,nan,
Image_53_LK_CIR_MER_RAB_FOT_459_376.png,LK_CIR_MER_RAB_FOT,459,376,53,0,nan,
Image_53_LK_CIR_MER_RAB_FOT_459_386.png,LK_CIR_MER_RAB_FOT,459,386,53,0,nan,
Image_53_LK_CIR_MER_RAB_FOT_459_391.png,LK_CIR_MER_RAB_FOT,459,391,53,0,nan,
Image_53_LK_CIR_MER_RAB_FOT_459_401.png,LK_CIR_MER_RAB_FOT,459,401,53,0,nan,
Image_53_LK_CIR_MER_RAB_FOT_459_411.png,LK_CIR_MER_RAB_FOT,459,411,53,0,nan,
Image_53_LK_CIR_MER_RAB_FOT_459_421.png,LK_CIR_MER_RAB_FOT,459,421,53,0,nan,
Image_53_LK_CIR_MER_RAB_FOT_459_436.png,LK_CIR_MER_RAB_FOT,459,436,53,0,nan,
Image_53_LK_CIR_MER_RAB_FOT_459_451.png,LK_CIR_MER_RAB_FOT,459,451,53,0,nan,
Image_53_LK_CIR_MER_RAB_FOT_459_456.png,LK_CIR_MER_RAB_FOT,459,456,53,0,nan,
Image_53_LK_CIR_MER_RAB_FOT_459_466.png,LK_CIR_MER_RAB_FOT,459,466,53,0,nan,
Image_0_LK_CIR_MER_RAB_FOT_461_391.png,LK_CIR_MER_RAB_FOT,461,391,0,0,3.696294190415305,
Image_0_LK_CIR_MER_RAB_FOT_462_191.png,LK_CIR_MER_RAB_FOT,462,191,0,0,1.8961500797517636,
Image_0_LK_CIR_MER_RAB_FOT_464_191.png,LK_CIR_MER_RAB_FOT,464,191,0,0,2.0415993604542066,
Image_0_LK_CIR_MER_RAB_FOT_464_291.png,LK_CIR_MER_RAB_FOT,464,291,0,0,3.8776289781460704,
Image_23_LK_CIR_MER_RAB_FOT_470_221.png,LK_CIR_MER_RAB_FOT,470,221,23,1,nan,
Image_23_LK_CIR_MER_RAB_FOT_470_236.png,LK_CIR_MER_RAB_FOT,470,236,23,0,nan,
Image_23_LK_CIR_MER_RAB_FOT_470_246.png,LK_CIR_MER_RAB_FOT,470,246,23,0,nan,
Image_23_LK_CIR_MER_RAB_FOT_470_261.png,LK_CIR_MER_RAB_FOT,470,261,23,0,nan,
Image_23_LK_CIR_MER_RAB_FOT_470_271.png,LK_CIR_MER_RAB_FOT,470,271,23,0,nan,
Image_23_LK_CIR_MER_RAB_FOT_470_286.png,LK_CIR_MER_RAB_FOT,470,286,23,0,nan,
Image_23_LK_CIR_MER_RAB_FOT_470_291.png,LK_CIR_MER_RAB_FOT,470,291,23,1,nan,
Image_23_LK_CIR_MER_RAB_FOT_470_311.png,LK_CIR_MER_RAB_FOT,470,311,23,0,nan,
Image_23_LK_CIR_MER_RAB_FOT_470_346.png,LK_CIR_MER_RAB_FOT,470,346,23,0,nan,
Image_0_LK_CIR_MER_RAB_FOT_472_391.png,LK_CIR_MER_RAB_FOT,472,391,0,0,3.2750183510180992,
Image_53_LK_CIR_MER_RAB_FOT_473_361.png,LK_CIR_MER_RAB_FOT,473,361,53,0,nan,
Image_53_LK_CIR_MER_RAB_FOT_473_416.png,LK_CIR_MER_RAB_FOT,473,416,53,0,nan,
Image_53_LK_CIR_MER_RAB_FOT_473_431.png,LK_CIR_MER_RAB_FOT,473,431,53,0,nan,
Image_53_LK_CIR_MER_RAB_FOT_473_441.png,LK_CIR_MER_RAB_FOT,473,441,53,0,nan,
Image_53_LK_CIR_MER_RAB_FOT_473_451.png,LK_CIR_MER_RAB_FOT,473,451,53,0,nan,
Image_53_LK_CIR_MER_RAB_FOT_473_491.png,LK_CIR_MER_RAB_FOT,473,491,53,0,nan,
Image_23_LK_CIR_MER_RAB_FOT_475_606.png,LK_CIR_MER_RAB_FOT,475,606,23,0,nan,
Image_23_LK_CIR_MER_RAB_FOT_475_611.png,LK_CIR_MER_RAB_FOT,475,611,23,0,nan,
Image_23_LK_CIR_MER_RAB_FOT_475_616.png,LK_CIR_MER_RAB_FOT,475,616,23,0,nan,
Image_23_LK_CIR_MER_RAB_FOT_475_646.png,LK_CIR_MER_RAB_FOT,475,646,23,0,nan,
Image_23_LK_CIR_MER_RAB_FOT_475_676.png,LK_CIR_MER_RAB_FOT,475,676,23,0,nan,
Image_23_LK_CIR_MER_RAB_FOT_475_691.png,LK_CIR_MER_RAB_FOT,475,691,23,0,nan,
Image_23_LK_CIR_MER_RAB_FOT_475_701.png,LK_CIR_MER_RAB_FOT,475,701,23,0,nan,
Image_23_LK_CIR_MER_RAB_FOT_475_731.png,LK_CIR_MER_RAB_FOT,475,731,23,0,nan,
Image_53_LK_CIR_MER_RAB_FOT_477_186.png,LK_CIR_MER_RAB_FOT,477,186,53,0,nan,
Image_53_LK_CIR_MER_RAB_FOT_477_216.png,LK_CIR_MER_RAB_FOT,477,216,53,0,nan,
Image_53_LK_CIR_MER_RAB_FOT_477_226.png,LK_CIR_MER_RAB_FOT,477,226,53,0,nan,
Image_53_LK_CIR_MER_RAB_FOT_477_286.png,LK_CIR_MER_RAB_FOT,477,286,53,0,nan,
Image_12_LK_CIR_MER_RAB_FOT_478_256.png,LK_CIR_MER_RAB_FOT,478,256,12,0,nan,
Image_12_LK_CIR_MER_RAB_FOT_478_261.png,LK_CIR_MER_RAB_FOT,478,261,12,0,nan,
Image_12_LK_CIR_MER_RAB_FOT_478_281.png,LK_CIR_MER_RAB_FOT,478,281,12,0,nan,
Image_12_LK_CIR_MER_RAB_FOT_478_286.png,LK_CIR_MER_RAB_FOT,478,286,12,0,nan,
Image_12_LK_CIR_MER_RAB_FOT_478_326.png,LK_CIR_MER_RAB_FOT,478,326,12,0,nan,
Image_12_LK_CIR_MER_RAB_FOT_478_331.png,LK_CIR_MER_RAB_FOT,478,331,12,0,nan,
Image_12_LK_CIR_MER_RAB_FOT_478_336.png,LK_CIR_MER_RAB_FOT,478,336,12,0,nan,
Image_12_LK_CIR_MER_RAB_FOT_478_361.png,LK_CIR_MER_RAB_FOT,478,361,12,0,nan,
Image_12_LK_CIR_MER_RAB_FOT_478_376.png,LK_CIR_MER_RAB_FOT,478,376,12,0,nan,
Image_53_LK_CIR_MER_RAB_FOT_479_281.png,LK_CIR_MER_RAB_FOT,479,281,53,0,nan,
Image_53_LK_CIR_MER_RAB_FOT_479_341.png,LK_CIR_MER_RAB_FOT,479,341,53,0,nan,
Image_53_LK_CIR_MER_RAB_FOT_479_376.png,LK_CIR_MER_RAB_FOT,479,376,53,0,nan,
Image_53_LK_CIR_MER_RAB_FOT_479_381.png,LK_CIR_MER_RAB_FOT,479,381,53,0,nan,
Image_53_LK_CIR_MER_RAB_FOT_479_401.png,LK_CIR_MER_RAB_FOT,479,401,53,0,nan,
Image_13_LK_CIR_MER_RAB_FOT_481_116.png,LK_CIR_MER_RAB_FOT,481,116,13,0,nan,
Image_13_LK_CIR_MER_RAB_FOT_481_136.png,LK_CIR_MER_RAB_FOT,481,136,13,0,nan,
Image_13_LK_CIR_MER_RAB_FOT_481_176.png,LK_CIR_MER_RAB_FOT,481,176,13,0,nan,
Image_13_LK_CIR_MER_RAB_FOT_481_191.png,LK_CIR_MER_RAB_FOT,481,191,13,1,nan,
Image_13_LK_CIR_MER_RAB_FOT_481_206.png,LK_CIR_MER_RAB_FOT,481,206,13,0,nan,
Image_11_LK_CIR_MER_RAB_FOT_483_1011.png,LK_CIR_MER_RAB_FOT,483,1011,11,0,nan,
Image_11_LK_CIR_MER_RAB_FOT_483_866.png,LK_CIR_MER_RAB_FOT,483,866,11,0,1.990293312519694,
Image_11_LK_CIR_MER_RAB_FOT_483_926.png,LK_CIR_MER_RAB_FOT,483,926,11,0,nan,
Image_11_LK_CIR_MER_RAB_FOT_483_946.png,LK_CIR_MER_RAB_FOT,483,946,11,0,nan,
Image_11_LK_CIR_MER_RAB_FOT_483_961.png,LK_CIR_MER_RAB_FOT,483,961,11,0,nan,
Image_11_LK_CIR_MER_RAB_FOT_483_971.png,LK_CIR_MER_RAB_FOT,483,971,11,0,nan,
Image_11_LK_CIR_MER_RAB_FOT_483_991.png,LK_CIR_MER_RAB_FOT,483,991,11,0,nan,
Image_23_LK_CIR_MER_RAB_FOT_485_231.png,LK_CIR_MER_RAB_FOT,485,231,23,0,nan,
Image_23_LK_CIR_MER_RAB_FOT_485_246.png,LK_CIR_MER_RAB_FOT,485,246,23,0,nan,
Image_23_LK_CIR_MER_RAB_FOT_485_251.png,LK_CIR_MER_RAB_FOT,485,251,23,0,nan,
Image_23_LK_CIR_MER_RAB_FOT_485_276.png,LK_CIR_MER_RAB_FOT,485,276,23,0,nan,
Image_23_LK_CIR_MER_RAB_FOT_485_301.png,LK_CIR_MER_RAB_FOT,485,301,23,1,nan,
Image_23_LK_CIR_MER_RAB_FOT_485_306.png,LK_CIR_MER_RAB_FOT,485,306,23,0,nan,
Image_23_LK_CIR_MER_RAB_FOT_485_351.png,LK_CIR_MER_RAB_FOT,485,351,23,1,nan,
Image_23_LK_CIR_MER_RAB_FOT_485_366.png,LK_CIR_MER_RAB_FOT,485,366,23,0,nan,
Image_0_LK_CIR_MER_RAB_FOT_487_491.png,LK_CIR_MER_RAB_FOT,487,491,0,0,3.1637390007206023,
Image_0_LK_CIR_MER_RAB_FOT_488_391.png,LK_CIR_MER_RAB_FOT,488,391,0,0,5.222497858621658,
Image_53_LK_CIR_MER_RAB_FOT_490_211.png,LK_CIR_MER_RAB_FOT,490,211,53,0,nan,
Image_53_LK_CIR_MER_RAB_FOT_490_221.png,LK_CIR_MER_RAB_FOT,490,221,53,0,nan,
Image_53_LK_CIR_MER_RAB_FOT_490_251.png,LK_CIR_MER_RAB_FOT,490,251,53,0,nan,
Image_53_LK_CIR_MER_RAB_FOT_490_266.png,LK_CIR_MER_RAB_FOT,490,266,53,0,nan,
Image_53_LK_CIR_MER_RAB_FOT_490_281.png,LK_CIR_MER_RAB_FOT,490,281,53,0,nan,
Image_53_LK_CIR_MER_RAB_FOT_490_291.png,LK_CIR_MER_RAB_FOT,490,291,53,0,nan,
Image_53_LK_CIR_MER_RAB_FOT_490_301.png,LK_CIR_MER_RAB_FOT,490,301,53,0,nan,
Image_13_LK_CIR_MER_RAB_FOT_491_341.png,LK_CIR_MER_RAB_FOT,491,341,13,0,nan,
Image_13_LK_CIR_MER_RAB_FOT_491_376.png,LK_CIR_MER_RAB_FOT,491,376,13,0,nan,
Image_13_LK_CIR_MER_RAB_FOT_491_411.png,LK_CIR_MER_RAB_FOT,491,411,13,0,nan,
Image_13_LK_CIR_MER_RAB_FOT_491_441.png,LK_CIR_MER_RAB_FOT,491,441,13,0,nan,
Image_13_LK_CIR_MER_RAB_FOT_491_466.png,LK_CIR_MER_RAB_FOT,491,466,13,0,nan,
Image_0_LK_CIR_MER_RAB_FOT_493_491.png,LK_CIR_MER_RAB_FOT,493,491,0,1,1.1658763143527904,
Image_0_LK_CIR_MER_RAB_FOT_494_91.png,LK_CIR_MER_RAB_FOT,494,91,0,0,5.036290238285122,
Image_0_LK_CIR_MER_RAB_FOT_495_491.png,LK_CIR_MER_RAB_FOT,495,491,0,1,2.2499750318482317,
Image_0_LK_CIR_MER_RAB_FOT_495_991.png,LK_CIR_MER_RAB_FOT,495,991,0,0,nan,
Image_0_LK_CIR_MER_RAB_FOT_496_1691.png,LK_CIR_MER_RAB_FOT,496,1691,0,0,nan,
Image_0_LK_CIR_MER_RAB_FOT_496_291.png,LK_CIR_MER_RAB_FOT,496,291,0,0,1.2356537028631722,
Image_11_LK_CIR_MER_RAB_FOT_497_866.png,LK_CIR_MER_RAB_FOT,497,866,11,0,1.7500366619426548,
Image_11_LK_CIR_MER_RAB_FOT_497_986.png,LK_CIR_MER_RAB_FOT,497,986,11,0,nan,
Image_11_LK_CIR_MER_RAB_FOT_497_991.png,LK_CIR_MER_RAB_FOT,497,991,11,0,nan,
Image_23_LK_CIR_MER_RAB_FOT_503_156.png,LK_CIR_MER_RAB_FOT,503,156,23,0,nan,
Image_23_LK_CIR_MER_RAB_FOT_503_226.png,LK_CIR_MER_RAB_FOT,503,226,23,0,nan,
Image_23_LK_CIR_MER_RAB_FOT_503_266.png,LK_CIR_MER_RAB_FOT,503,266,23,0,nan,
Image_23_LK_CIR_MER_RAB_FOT_503_281.png,LK_CIR_MER_RAB_FOT,503,281,23,0,nan,
Image_0_LK_CIR_MER_RAB_FOT_504_1726.png,LK_CIR_MER_RAB_FOT,504,1726,0,0,nan,
Image_0_LK_CIR_MER_RAB_FOT_504_526.png,LK_CIR_MER_RAB_FOT,504,526,0,0,0.0014280966308781728,
Image_0_LK_CIR_MER_RAB_FOT_504_926.png,LK_CIR_MER_RAB_FOT,504,926,0,0,1.1160294151282362,
Image_0_LK_CIR_MER_RAB_FOT_506_1126.png,LK_CIR_MER_RAB_FOT,506,1126,0,0,0.6062132808225043,
Image_0_LK_CIR_MER_RAB_FOT_506_326.png,LK_CIR_MER_RAB_FOT,506,326,0,0,1.3888789804294372,
Image_0_LK_CIR_MER_RAB_FOT_506_826.png,LK_CIR_MER_RAB_FOT,506,826,0,0,0.5587070354906691,
Image_0_LK_CIR_MER_RAB_FOT_506_926.png,LK_CIR_MER_RAB_FOT,506,926,0,0,0.6128213478042994,
Image_0_LK_CIR_MER_RAB_FOT_507_1021.png,LK_CIR_MER_RAB_FOT,507,1021,0,0,0.005145533538807978,
Image_0_LK_CIR_MER_RAB_FOT_507_1521.png,LK_CIR_MER_RAB_FOT,507,1521,0,0,0.4252528465124929,
Image_0_LK_CIR_MER_RAB_FOT_507_1721.png,LK_CIR_MER_RAB_FOT,507,1721,0,0,nan,
Image_0_LK_CIR_MER_RAB_FOT_507_1821.png,LK_CIR_MER_RAB_FOT,507,1821,0,0,nan,
Image_0_LK_CIR_MER_RAB_FOT_507_721.png,LK_CIR_MER_RAB_FOT,507,721,0,0,0.0048438508150954185,
Image_0_LK_CIR_MER_RAB_FOT_508_1891.png,LK_CIR_MER_RAB_FOT,508,1891,0,0,nan,
Image_0_LK_CIR_MER_RAB_FOT_508_791.png,LK_CIR_MER_RAB_FOT,508,791,0,0,1.5886792003529964,
Image_0_LK_CIR_MER_RAB_FOT_508_891.png,LK_CIR_MER_RAB_FOT,508,891,0,0,nan,
Image_0_LK_CIR_MER_RAB_FOT_508_91.png,LK_CIR_MER_RAB_FOT,508,91,0,0,0.7696495564419372,
Image_13_LK_CIR_MER_RAB_FOT_509_316.png,LK_CIR_MER_RAB_FOT,509,316,13,0,nan,
Image_13_LK_CIR_MER_RAB_FOT_509_331.png,LK_CIR_MER_RAB_FOT,509,331,13,1,nan,
Image_13_LK_CIR_MER_RAB_FOT_509_401.png,LK_CIR_MER_RAB_FOT,509,401,13,0,nan,
Image_13_LK_CIR_MER_RAB_FOT_509_411.png,LK_CIR_MER_RAB_FOT,509,411,13,0,nan,
Image_13_LK_CIR_MER_RAB_FOT_509_436.png,LK_CIR_MER_RAB_FOT,509,436,13,0,nan,
Image_13_LK_CIR_MER_RAB_FOT_509_446.png,LK_CIR_MER_RAB_FOT,509,446,13,0,nan,
Image_0_LK_CIR_MER_RAB_FOT_510_91.png,LK_CIR_MER_RAB_FOT,510,91,0,0,2.13252448613396,
Image_0_LK_CIR_MER_RAB_FOT_511_191.png,LK_CIR_MER_RAB_FOT,511,191,0,0,4.4688499356412965,
Image_11_LK_CIR_MER_RAB_FOT_513_856.png,LK_CIR_MER_RAB_FOT,513,856,11,0,1.9241322118729878,
Image_11_LK_CIR_MER_RAB_FOT_513_881.png,LK_CIR_MER_RAB_FOT,513,881,11,0,1.2108903387092047,
Image_11_LK_CIR_MER_RAB_FOT_513_886.png,LK_CIR_MER_RAB_FOT,513,886,11,0,1.127386279001035,
Image_11_LK_CIR_MER_RAB_FOT_513_906.png,LK_CIR_MER_RAB_FOT,513,906,11,0,0.8982136827020359,
Image_11_LK_CIR_MER_RAB_FOT_513_921.png,LK_CIR_MER_RAB_FOT,513,921,11,0,0.8102434190893004,
Image_11_LK_CIR_MER_RAB_FOT_513_936.png,LK_CIR_MER_RAB_FOT,513,936,11,0,nan,
Image_11_LK_CIR_MER_RAB_FOT_513_941.png,LK_CIR_MER_RAB_FOT,513,941,11,0,nan,
Image_11_LK_CIR_MER_RAB_FOT_513_966.png,LK_CIR_MER_RAB_FOT,513,966,11,0,nan,
Image_11_LK_CIR_MER_RAB_FOT_513_971.png,LK_CIR_MER_RAB_FOT,513,971,11,0,nan,
Image_11_LK_CIR_MER_RAB_FOT_513_991.png,LK_CIR_MER_RAB_FOT,513,991,11,0,nan,
Image_0_LK_CIR_MER_RAB_FOT_514_301.png,LK_CIR_MER_RAB_FOT,514,301,0,0,5.255312226474579,
Image_13_LK_CIR_MER_RAB_FOT_515_576.png,LK_CIR_MER_RAB_FOT,515,576,13,1,nan,
Image_13_LK_CIR_MER_RAB_FOT_515_631.png,LK_CIR_MER_RAB_FOT,515,631,13,0,nan,
Image_13_LK_CIR_MER_RAB_FOT_515_676.png,LK_CIR_MER_RAB_FOT,515,676,13,0,nan,
Image_13_LK_CIR_MER_RAB_FOT_515_681.png,LK_CIR_MER_RAB_FOT,515,681,13,0,nan,
Image_0_LK_CIR_MER_RAB_FOT_516_491.png,LK_CIR_MER_RAB_FOT,516,491,0,0,4.620941808030523,
Image_0_LK_CIR_MER_RAB_FOT_516_91.png,LK_CIR_MER_RAB_FOT,516,91,0,0,3.740485048431756,
Image_0_LK_CIR_MER_RAB_FOT_520_291.png,LK_CIR_MER_RAB_FOT,520,291,0,0,2.490603020733349,
Image_0_LK_CIR_MER_RAB_FOT_523_91.png,LK_CIR_MER_RAB_FOT,523,91,0,0,4.25953003559753,
Image_33_LK_CIR_MER_RAB_FOT_527_321.png,LK_CIR_MER_RAB_FOT,527,321,33,0,nan,
Image_33_LK_CIR_MER_RAB_FOT_527_331.png,LK_CIR_MER_RAB_FOT,527,331,33,0,nan,
Image_33_LK_CIR_MER_RAB_FOT_527_366.png,LK_CIR_MER_RAB_FOT,527,366,33,0,nan,
Image_33_LK_CIR_MER_RAB_FOT_527_391.png,LK_CIR_MER_RAB_FOT,527,391,33,0,nan,
Image_33_LK_CIR_MER_RAB_FOT_527_401.png,LK_CIR_MER_RAB_FOT,527,401,33,0,nan,
Image_33_LK_CIR_MER_RAB_FOT_527_416.png,LK_CIR_MER_RAB_FOT,527,416,33,0,nan,
Image_0_LK_CIR_MER_RAB_FOT_528_91.png,LK_CIR_MER_RAB_FOT,528,91,0,0,4.7669740324788465,
Image_0_LK_CIR_MER_RAB_FOT_531_166.png,LK_CIR_MER_RAB_FOT,531,166,0,0,2.142484181292474,
Image_0_LK_CIR_MER_RAB_FOT_532_391.png,LK_CIR_MER_RAB_FOT,532,391,0,0,3.401891952027227,
Image_53_LK_CIR_MER_RAB_FOT_533_196.png,LK_CIR_MER_RAB_FOT,533,196,53,0,nan,
Image_53_LK_CIR_MER_RAB_FOT_533_296.png,LK_CIR_MER_RAB_FOT,533,296,53,0,nan,
Image_53_LK_CIR_MER_RAB_FOT_533_321.png,LK_CIR_MER_RAB_FOT,533,321,53,0,nan,
Image_53_LK_CIR_MER_RAB_FOT_533_326.png,LK_CIR_MER_RAB_FOT,533,326,53,0,nan,
Image_0_LK_CIR_MER_RAB_FOT_534_891.png,LK_CIR_MER_RAB_FOT,534,891,0,0,nan,
Image_0_LK_CIR_MER_RAB_FOT_535_91.png,LK_CIR_MER_RAB_FOT,535,91,0,0,3.549673769615502,
Image_0_LK_CIR_MER_RAB_FOT_538_1516.png,LK_CIR_MER_RAB_FOT,538,1516,0,0,nan,
Image_33_LK_CIR_MER_RAB_FOT_541_261.png,LK_CIR_MER_RAB_FOT,541,261,33,0,nan,
Image_33_LK_CIR_MER_RAB_FOT_541_326.png,LK_CIR_MER_RAB_FOT,541,326,33,0,nan,
Image_33_LK_CIR_MER_RAB_FOT_541_356.png,LK_CIR_MER_RAB_FOT,541,356,33,0,nan,
Image_33_LK_CIR_MER_RAB_FOT_541_381.png,LK_CIR_MER_RAB_FOT,541,381,33,0,nan,
Image_33_LK_CIR_MER_RAB_FOT_541_406.png,LK_CIR_MER_RAB_FOT,541,406,33,0,nan,
Image_0_LK_CIR_MER_RAB_FOT_543_426.png,LK_CIR_MER_RAB_FOT,543,426,0,0,0.17587326679646154,
Image_0_LK_CIR_MER_RAB_FOT_543_826.png,LK_CIR_MER_RAB_FOT,543,826,0,0,0.008404965214415583,
Image_11_LK_CIR_MER_RAB_FOT_544_731.png,LK_CIR_MER_RAB_FOT,544,731,11,0,0.8177161661548926,
Image_11_LK_CIR_MER_RAB_FOT_544_771.png,LK_CIR_MER_RAB_FOT,544,771,11,0,0.5893651796929555,
Image_11_LK_CIR_MER_RAB_FOT_544_786.png,LK_CIR_MER_RAB_FOT,544,786,11,0,0.5465978211204575,
Image_11_LK_CIR_MER_RAB_FOT_544_796.png,LK_CIR_MER_RAB_FOT,544,796,11,0,nan,
Image_11_LK_CIR_MER_RAB_FOT_544_801.png,LK_CIR_MER_RAB_FOT,544,801,11,0,nan,
Image_11_LK_CIR_MER_RAB_FOT_544_811.png,LK_CIR_MER_RAB_FOT,544,811,11,0,nan,
Image_11_LK_CIR_MER_RAB_FOT_544_836.png,LK_CIR_MER_RAB_FOT,544,836,11,0,nan,
Image_11_LK_CIR_MER_RAB_FOT_544_851.png,LK_CIR_MER_RAB_FOT,544,851,11,0,nan,
Image_0_LK_CIR_MER_RAB_FOT_545_291.png,LK_CIR_MER_RAB_FOT,545,291,0,0,3.701468678743292,
Image_0_LK_CIR_MER_RAB_FOT_545_391.png,LK_CIR_MER_RAB_FOT,545,391,0,0,3.955878420740312,
Image_0_LK_CIR_MER_RAB_FOT_546_291.png,LK_CIR_MER_RAB_FOT,546,291,0,0,4.330554807662217,
Image_0_LK_CIR_MER_RAB_FOT_548_1976.png,LK_CIR_MER_RAB_FOT,548,1976,0,0,nan,
Image_33_LK_CIR_MER_RAB_FOT_549_176.png,LK_CIR_MER_RAB_FOT,549,176,33,0,nan,
Image_33_LK_CIR_MER_RAB_FOT_549_236.png,LK_CIR_MER_RAB_FOT,549,236,33,0,nan,
Image_0_LK_CIR_MER_RAB_FOT_551_491.png,LK_CIR_MER_RAB_FOT,551,491,0,0,25.752077657690606,
Image_43_LK_CIR_MER_RAB_FOT_552_126.png,LK_CIR_MER_RAB_FOT,552,126,43,0,nan,
Image_43_LK_CIR_MER_RAB_FOT_552_171.png,LK_CIR_MER_RAB_FOT,552,171,43,0,nan,
Image_43_LK_CIR_MER_RAB_FOT_552_231.png,LK_CIR_MER_RAB_FOT,552,231,43,0,nan,
Image_43_LK_CIR_MER_RAB_FOT_552_271.png,LK_CIR_MER_RAB_FOT,552,271,43,0,nan,
Image_0_LK_CIR_MER_RAB_FOT_555_191.png,LK_CIR_MER_RAB_FOT,555,191,0,0,2.8712541281305604,
Image_0_LK_CIR_MER_RAB_FOT_555_91.png,LK_CIR_MER_RAB_FOT,555,91,0,0,2.5970826670033866,
Image_0_LK_CIR_MER_RAB_FOT_557_291.png,LK_CIR_MER_RAB_FOT,557,291,0,0,1.5561154147849074,
Image_0_LK_CIR_MER_RAB_FOT_561_991.png,LK_CIR_MER_RAB_FOT,561,991,0,0,nan,
Image_13_LK_CIR_MER_RAB_FOT_562_156.png,LK_CIR_MER_RAB_FOT,562,156,13,0,nan,
Image_13_LK_CIR_MER_RAB_FOT_562_206.png,LK_CIR_MER_RAB_FOT,562,206,13,0,nan,
Image_13_LK_CIR_MER_RAB_FOT_562_221.png,LK_CIR_MER_RAB_FOT,562,221,13,0,nan,
Image_13_LK_CIR_MER_RAB_FOT_562_226.png,LK_CIR_MER_RAB_FOT,562,226,13,0,nan,
Image_13_LK_CIR_MER_RAB_FOT_562_256.png,LK_CIR_MER_RAB_FOT,562,256,13,0,nan,
Image_13_LK_CIR_MER_RAB_FOT_562_291.png,LK_CIR_MER_RAB_FOT,562,291,13,0,nan,
Image_0_LK_CIR_MER_RAB_FOT_564_831.png,LK_CIR_MER_RAB_FOT,564,831,0,0,2.8954121794916468,
Image_13_LK_CIR_MER_RAB_FOT_567_171.png,LK_CIR_MER_RAB_FOT,567,171,13,0,nan,
Image_13_LK_CIR_MER_RAB_FOT_567_176.png,LK_CIR_MER_RAB_FOT,567,176,13,0,nan,
Image_13_LK_CIR_MER_RAB_FOT_567_201.png,LK_CIR_MER_RAB_FOT,567,201,13,0,nan,
Image_13_LK_CIR_MER_RAB_FOT_567_266.png,LK_CIR_MER_RAB_FOT,567,266,13,0,nan,
Image_13_LK_CIR_MER_RAB_FOT_567_286.png,LK_CIR_MER_RAB_FOT,567,286,13,0,nan,
Image_13_LK_CIR_MER_RAB_FOT_567_306.png,LK_CIR_MER_RAB_FOT,567,306,13,0,nan,
Image_13_LK_CIR_MER_RAB_FOT_567_311.png,LK_CIR_MER_RAB_FOT,567,311,13,0,nan,
Image_53_LK_CIR_MER_RAB_FOT_569_296.png,LK_CIR_MER_RAB_FOT,569,296,53,1,nan,
Image_53_LK_CIR_MER_RAB_FOT_569_311.png,LK_CIR_MER_RAB_FOT,569,311,53,0,nan,
Image_53_LK_CIR_MER_RAB_FOT_569_316.png,LK_CIR_MER_RAB_FOT,569,316,53,0,nan,
Image_53_LK_CIR_MER_RAB_FOT_569_336.png,LK_CIR_MER_RAB_FOT,569,336,53,0,nan,
Image_53_LK_CIR_MER_RAB_FOT_569_346.png,LK_CIR_MER_RAB_FOT,569,346,53,0,nan,
Image_53_LK_CIR_MER_RAB_FOT_569_361.png,LK_CIR_MER_RAB_FOT,569,361,53,0,nan,
Image_53_LK_CIR_MER_RAB_FOT_569_371.png,LK_CIR_MER_RAB_FOT,569,371,53,0,nan,
Image_53_LK_CIR_MER_RAB_FOT_569_381.png,LK_CIR_MER_RAB_FOT,569,381,53,0,nan,
Image_53_LK_CIR_MER_RAB_FOT_569_406.png,LK_CIR_MER_RAB_FOT,569,406,53,0,nan,
Image_0_LK_CIR_MER_RAB_FOT_571_1796.png,LK_CIR_MER_RAB_FOT,571,1796,0,0,nan,
Image_23_LK_CIR_MER_RAB_FOT_572_321.png,LK_CIR_MER_RAB_FOT,572,321,23,1,nan,
Image_23_LK_CIR_MER_RAB_FOT_572_356.png,LK_CIR_MER_RAB_FOT,572,356,23,0,nan,
Image_23_LK_CIR_MER_RAB_FOT_572_361.png,LK_CIR_MER_RAB_FOT,572,361,23,0,nan,
Image_23_LK_CIR_MER_RAB_FOT_572_386.png,LK_CIR_MER_RAB_FOT,572,386,23,0,nan,
Image_23_LK_CIR_MER_RAB_FOT_572_421.png,LK_CIR_MER_RAB_FOT,572,421,23,0,nan,
Image_23_LK_CIR_MER_RAB_FOT_572_431.png,LK_CIR_MER_RAB_FOT,572,431,23,0,nan,
Image_0_LK_CIR_MER_RAB_FOT_573_96.png,LK_CIR_MER_RAB_FOT,573,96,0,0,2.1941798994114334,
Image_0_LK_CIR_MER_RAB_FOT_575_891.png,LK_CIR_MER_RAB_FOT,575,891,0,0,nan,
Image_0_LK_CIR_MER_RAB_FOT_576_291.png,LK_CIR_MER_RAB_FOT,576,291,0,0,4.180402414719179,
Image_53_LK_CIR_MER_RAB_FOT_577_131.png,LK_CIR_MER_RAB_FOT,577,131,53,0,nan,
Image_53_LK_CIR_MER_RAB_FOT_577_146.png,LK_CIR_MER_RAB_FOT,577,146,53,0,nan,
Image_53_LK_CIR_MER_RAB_FOT_577_166.png,LK_CIR_MER_RAB_FOT,577,166,53,0,nan,
Image_53_LK_CIR_MER_RAB_FOT_577_196.png,LK_CIR_MER_RAB_FOT,577,196,53,0,nan,
Image_53_LK_CIR_MER_RAB_FOT_577_241.png,LK_CIR_MER_RAB_FOT,577,241,53,0,nan,
Image_0_LK_CIR_MER_RAB_FOT_578_1431.png,LK_CIR_MER_RAB_FOT,578,1431,0,0,nan,
Image_0_LK_CIR_MER_RAB_FOT_578_431.png,LK_CIR_MER_RAB_FOT,578,431,0,0,0.6646712937734964,
Image_0_LK_CIR_MER_RAB_FOT_579_341.png,LK_CIR_MER_RAB_FOT,579,341,0,0,2.7223170842711415,
Image_0_LK_CIR_MER_RAB_FOT_579_441.png,LK_CIR_MER_RAB_FOT,579,441,0,0,2.831729211201374,
Image_0_LK_CIR_MER_RAB_FOT_579_541.png,LK_CIR_MER_RAB_FOT,579,541,0,0,2.869266643204892,
Image_0_LK_CIR_MER_RAB_FOT_580_1026.png,LK_CIR_MER_RAB_FOT,580,1026,0,1,nan,
Image_0_LK_CIR_MER_RAB_FOT_580_526.png,LK_CIR_MER_RAB_FOT,580,526,0,0,1.4197891763783224,
Image_0_LK_CIR_MER_RAB_FOT_582_131.png,LK_CIR_MER_RAB_FOT,582,131,0,0,0.6360090805796359,
Image_0_LK_CIR_MER_RAB_FOT_582_631.png,LK_CIR_MER_RAB_FOT,582,631,0,0,2.252348286562528,
Image_0_LK_CIR_MER_RAB_FOT_582_831.png,LK_CIR_MER_RAB_FOT,582,831,0,0,0.01273715856703661,
Image_0_LK_CIR_MER_RAB_FOT_583_591.png,LK_CIR_MER_RAB_FOT,583,591,0,0,1.5182932270712606,
Image_12_LK_CIR_MER_RAB_FOT_584_376.png,LK_CIR_MER_RAB_FOT,584,376,12,0,nan,
Image_12_LK_CIR_MER_RAB_FOT_584_381.png,LK_CIR_MER_RAB_FOT,584,381,12,1,nan,
Image_12_LK_CIR_MER_RAB_FOT_584_411.png,LK_CIR_MER_RAB_FOT,584,411,12,0,nan,
Image_12_LK_CIR_MER_RAB_FOT_584_416.png,LK_CIR_MER_RAB_FOT,584,416,12,0,nan,
Image_12_LK_CIR_MER_RAB_FOT_584_421.png,LK_CIR_MER_RAB_FOT,584,421,12,0,nan,
Image_12_LK_CIR_MER_RAB_FOT_584_461.png,LK_CIR_MER_RAB_FOT,584,461,12,0,nan,
Image_12_LK_CIR_MER_RAB_FOT_584_481.png,LK_CIR_MER_RAB_FOT,584,481,12,0,nan,
Image_0_LK_CIR_MER_RAB_FOT_585_826.png,LK_CIR_MER_RAB_FOT,585,826,0,0,nan,
Image_0_LK_CIR_MER_RAB_FOT_586_191.png,LK_CIR_MER_RAB_FOT,586,191,0,0,1.6330775154108106,
Image_0_LK_CIR_MER_RAB_FOT_588_396.png,LK_CIR_MER_RAB_FOT,588,396,0,1,2.5786735188958194,
Image_0_LK_CIR_MER_RAB_FOT_589_291.png,LK_CIR_MER_RAB_FOT,589,291,0,0,4.685953348340945,
Image_0_LK_CIR_MER_RAB_FOT_593_191.png,LK_CIR_MER_RAB_FOT,593,191,0,0,4.030429723777991,
Image_0_LK_CIR_MER_RAB_FOT_593_291.png,LK_CIR_MER_RAB_FOT,593,291,0,0,3.9522738451251045,
Image_11_LK_CIR_MER_RAB_FOT_594_1236.png,LK_CIR_MER_RAB_FOT,594,1236,11,0,5.918918979466018,
Image_11_LK_CIR_MER_RAB_FOT_594_1246.png,LK_CIR_MER_RAB_FOT,594,1246,11,0,3.6295402288291285,
Image_11_LK_CIR_MER_RAB_FOT_594_1316.png,LK_CIR_MER_RAB_FOT,594,1316,11,0,nan,
Image_11_LK_CIR_MER_RAB_FOT_594_1351.png,LK_CIR_MER_RAB_FOT,594,1351,11,0,nan,
Image_13_LK_CIR_MER_RAB_FOT_595_171.png,LK_CIR_MER_RAB_FOT,595,171,13,0,nan,
Image_13_LK_CIR_MER_RAB_FOT_595_196.png,LK_CIR_MER_RAB_FOT,595,196,13,0,nan,
Image_13_LK_CIR_MER_RAB_FOT_595_201.png,LK_CIR_MER_RAB_FOT,595,201,13,0,nan,
Image_13_LK_CIR_MER_RAB_FOT_595_256.png,LK_CIR_MER_RAB_FOT,595,256,13,0,nan,
Image_13_LK_CIR_MER_RAB_FOT_595_266.png,LK_CIR_MER_RAB_FOT,595,266,13,0,nan,
Image_13_LK_CIR_MER_RAB_FOT_595_291.png,LK_CIR_MER_RAB_FOT,595,291,13,0,nan,
Image_13_LK_CIR_MER_RAB_FOT_595_306.png,LK_CIR_MER_RAB_FOT,595,306,13,0,nan,
Image_0_LK_CIR_MER_RAB_FOT_599_291.png,LK_CIR_MER_RAB_FOT,599,291,0,0,nan,
Image_0_LK_CIR_MER_RAB_FOT_599_91.png,LK_CIR_MER_RAB_FOT,599,91,0,1,nan,
Image_0_LK_CIR_MER_RAB_FOT_601_1686.png,LK_CIR_MER_RAB_FOT,601,1686,0,0,nan,
Image_0_LK_CIR_MER_RAB_FOT_601_386.png,LK_CIR_MER_RAB_FOT,601,386,0,0,0.014171445473971644,
Image_0_LK_CIR_MER_RAB_FOT_601_486.png,LK_CIR_MER_RAB_FOT,601,486,0,0,0.004110001437366506,
Image_0_LK_CIR_MER_RAB_FOT_601_786.png,LK_CIR_MER_RAB_FOT,601,786,0,0,0.0054418203146155975,
Image_0_LK_CIR_MER_RAB_FOT_601_986.png,LK_CIR_MER_RAB_FOT,601,986,0,0,0.0038353750154471733,
Image_0_LK_CIR_MER_RAB_FOT_603_186.png,LK_CIR_MER_RAB_FOT,603,186,0,0,1.328172229451365,
Image_0_LK_CIR_MER_RAB_FOT_604_391.png,LK_CIR_MER_RAB_FOT,604,391,0,0,3.0492604765628033,
Image_0_LK_CIR_MER_RAB_FOT_605_191.png,LK_CIR_MER_RAB_FOT,605,191,0,0,1.343559882730541,
Image_0_LK_CIR_MER_RAB_FOT_605_591.png,LK_CIR_MER_RAB_FOT,605,591,0,0,1.8918474914264751,
Image_0_LK_CIR_MER_RAB_FOT_606_1051.png,LK_CIR_MER_RAB_FOT,606,1051,0,0,0.007644060006428255,
Image_0_LK_CIR_MER_RAB_FOT_606_1451.png,LK_CIR_MER_RAB_FOT,606,1451,0,0,nan,
Image_0_LK_CIR_MER_RAB_FOT_606_251.png,LK_CIR_MER_RAB_FOT,606,251,0,0,0.008775380765454699,
Image_0_LK_CIR_MER_RAB_FOT_606_651.png,LK_CIR_MER_RAB_FOT,606,651,0,0,0.014967146305366441,
Image_0_LK_CIR_MER_RAB_FOT_609_391.png,LK_CIR_MER_RAB_FOT,609,391,0,0,3.9149041614857474,
Image_53_LK_CIR_MER_RAB_FOT_610_266.png,LK_CIR_MER_RAB_FOT,610,266,53,0,nan,
Image_53_LK_CIR_MER_RAB_FOT_610_296.png,LK_CIR_MER_RAB_FOT,610,296,53,0,nan,
Image_53_LK_CIR_MER_RAB_FOT_610_336.png,LK_CIR_MER_RAB_FOT,610,336,53,0,nan,
Image_53_LK_CIR_MER_RAB_FOT_610_341.png,LK_CIR_MER_RAB_FOT,610,341,53,0,nan,
Image_0_LK_CIR_MER_RAB_FOT_611_1591.png,LK_CIR_MER_RAB_FOT,611,1591,0,0,nan,
Image_0_LK_CIR_MER_RAB_FOT_611_1691.png,LK_CIR_MER_RAB_FOT,611,1691,0,0,nan,
Image_51_LK_CIR_MER_RAB_FOT_612_421.png,LK_CIR_MER_RAB_FOT,612,421,51,0,nan,
Image_51_LK_CIR_MER_RAB_FOT_612_441.png,LK_CIR_MER_RAB_FOT,612,441,51,0,nan,
Image_51_LK_CIR_MER_RAB_FOT_612_476.png,LK_CIR_MER_RAB_FOT,612,476,51,0,nan,
Image_0_LK_CIR_MER_RAB_FOT_615_196.png,LK_CIR_MER_RAB_FOT,615,196,0,0,4.25186126875797,
Image_0_LK_CIR_MER_RAB_FOT_615_496.png,LK_CIR_MER_RAB_FOT,615,496,0,0,4.26986742876107,
Image_0_LK_CIR_MER_RAB_FOT_615_96.png,LK_CIR_MER_RAB_FOT,615,96,0,0,3.8252118473726,
Image_13_LK_CIR_MER_RAB_FOT_616_241.png,LK_CIR_MER_RAB_FOT,616,241,13,0,nan,
Image_13_LK_CIR_MER_RAB_FOT_616_251.png,LK_CIR_MER_RAB_FOT,616,251,13,1,nan,
Image_13_LK_CIR_MER_RAB_FOT_616_256.png,LK_CIR_MER_RAB_FOT,616,256,13,0,nan,
Image_13_LK_CIR_MER_RAB_FOT_616_266.png,LK_CIR_MER_RAB_FOT,616,266,13,0,nan,
Image_23_LK_CIR_MER_RAB_FOT_617_146.png,LK_CIR_MER_RAB_FOT,617,146,23,0,nan,
Image_23_LK_CIR_MER_RAB_FOT_617_156.png,LK_CIR_MER_RAB_FOT,617,156,23,0,nan,
Image_23_LK_CIR_MER_RAB_FOT_618_191.png,LK_CIR_MER_RAB_FOT,618,191,23,0,nan,
Image_23_LK_CIR_MER_RAB_FOT_618_206.png,LK_CIR_MER_RAB_FOT,618,206,23,1,nan,
Image_23_LK_CIR_MER_RAB_FOT_618_211.png,LK_CIR_MER_RAB_FOT,618,211,23,0,nan,
Image_23_LK_CIR_MER_RAB_FOT_618_241.png,LK_CIR_MER_RAB_FOT,618,241,23,0,nan,
Image_23_LK_CIR_MER_RAB_FOT_618_251.png,LK_CIR_MER_RAB_FOT,618,251,23,0,nan,
Image_23_LK_CIR_MER_RAB_FOT_618_261.png,LK_CIR_MER_RAB_FOT,618,261,23,0,nan,
Image_0_LK_CIR_MER_RAB_FOT_619_276.png,LK_CIR_MER_RAB_FOT,619,276,0,0,4.107886738918048,
Image_0_LK_CIR_MER_RAB_FOT_619_576.png,LK_CIR_MER_RAB_FOT,619,576,0,0,4.364119874398604,
Image_0_LK_CIR_MER_RAB_FOT_620_491.png,LK_CIR_MER_RAB_FOT,620,491,0,0,3.535078210845823,
Image_23_LK_CIR_MER_RAB_FOT_621_316.png,LK_CIR_MER_RAB_FOT,621,316,23,0,nan,
Image_23_LK_CIR_MER_RAB_FOT_621_336.png,LK_CIR_MER_RAB_FOT,621,336,23,0,nan,
Image_23_LK_CIR_MER_RAB_FOT_621_351.png,LK_CIR_MER_RAB_FOT,621,351,23,0,nan,
Image_23_LK_CIR_MER_RAB_FOT_621_356.png,LK_CIR_MER_RAB_FOT,621,356,23,0,nan,
Image_23_LK_CIR_MER_RAB_FOT_621_366.png,LK_CIR_MER_RAB_FOT,621,366,23,0,nan,
Image_23_LK_CIR_MER_RAB_FOT_621_396.png,LK_CIR_MER_RAB_FOT,621,396,23,0,nan,
Image_23_LK_CIR_MER_RAB_FOT_621_421.png,LK_CIR_MER_RAB_FOT,621,421,23,0,nan,
Image_23_LK_CIR_MER_RAB_FOT_621_431.png,LK_CIR_MER_RAB_FOT,621,431,23,0,nan,
Image_0_LK_CIR_MER_RAB_FOT_622_591.png,LK_CIR_MER_RAB_FOT,622,591,0,0,1.5936933578151484,
Image_13_LK_CIR_MER_RAB_FOT_623_286.png,LK_CIR_MER_RAB_FOT,623,286,13,0,nan,
Image_13_LK_CIR_MER_RAB_FOT_623_301.png,LK_CIR_MER_RAB_FOT,623,301,13,0,nan,
Image_13_LK_CIR_MER_RAB_FOT_623_311.png,LK_CIR_MER_RAB_FOT,623,311,13,0,nan,
Image_13_LK_CIR_MER_RAB_FOT_623_326.png,LK_CIR_MER_RAB_FOT,623,326,13,0,nan,
Image_13_LK_CIR_MER_RAB_FOT_623_331.png,LK_CIR_MER_RAB_FOT,623,331,13,0,nan,
Image_13_LK_CIR_MER_RAB_FOT_623_371.png,LK_CIR_MER_RAB_FOT,623,371,13,0,nan,
Image_13_LK_CIR_MER_RAB_FOT_623_396.png,LK_CIR_MER_RAB_FOT,623,396,13,1,nan,
Image_13_LK_CIR_MER_RAB_FOT_623_416.png,LK_CIR_MER_RAB_FOT,623,416,13,0,nan,
Image_13_LK_CIR_MER_RAB_FOT_623_436.png,LK_CIR_MER_RAB_FOT,623,436,13,0,nan,
Image_0_LK_CIR_MER_RAB_FOT_625_191.png,LK_CIR_MER_RAB_FOT,625,191,0,0,23.182957258004897,
Image_0_LK_CIR_MER_RAB_FOT_625_591.png,LK_CIR_MER_RAB_FOT,625,591,0,0,0.7750588809269066,
Image_0_LK_CIR_MER_RAB_FOT_625_891.png,LK_CIR_MER_RAB_FOT,625,891,0,0,nan,
Image_0_LK_CIR_MER_RAB_FOT_626_156.png,LK_CIR_MER_RAB_FOT,626,156,0,0,0.7031788065470153,
Image_0_LK_CIR_MER_RAB_FOT_626_756.png,LK_CIR_MER_RAB_FOT,626,756,0,0,0.12663386689499534,
Image_0_LK_CIR_MER_RAB_FOT_626_856.png,LK_CIR_MER_RAB_FOT,626,856,0,0,0.7241888125226087,
Image_23_LK_CIR_MER_RAB_FOT_628_181.png,LK_CIR_MER_RAB_FOT,628,181,23,1,nan,
Image_23_LK_CIR_MER_RAB_FOT_628_201.png,LK_CIR_MER_RAB_FOT,628,201,23,1,nan,
Image_23_LK_CIR_MER_RAB_FOT_628_216.png,LK_CIR_MER_RAB_FOT,628,216,23,0,nan,
Image_23_LK_CIR_MER_RAB_FOT_628_266.png,LK_CIR_MER_RAB_FOT,628,266,23,0,nan,
Image_23_LK_CIR_MER_RAB_FOT_628_301.png,LK_CIR_MER_RAB_FOT,628,301,23,0,nan,
Image_23_LK_CIR_MER_RAB_FOT_628_311.png,LK_CIR_MER_RAB_FOT,628,311,23,0,nan,
Image_23_LK_CIR_MER_RAB_FOT_628_316.png,LK_CIR_MER_RAB_FOT,628,316,23,0,nan,
Image_23_LK_CIR_MER_RAB_FOT_628_321.png,LK_CIR_MER_RAB_FOT,628,321,23,0,nan,
Image_23_LK_CIR_MER_RAB_FOT_628_326.png,LK_CIR_MER_RAB_FOT,628,326,23,0,nan,
Image_0_LK_CIR_MER_RAB_FOT_631_1346.png,LK_CIR_MER_RAB_FOT,631,1346,0,0,0.664000491872955,
Image_0_LK_CIR_MER_RAB_FOT_631_1646.png,LK_CIR_MER_RAB_FOT,631,1646,0,0,nan,
Image_0_LK_CIR_MER_RAB_FOT_631_346.png,LK_CIR_MER_RAB_FOT,631,346,0,0,0.0005036859539053751,
Image_0_LK_CIR_MER_RAB_FOT_631_546.png,LK_CIR_MER_RAB_FOT,631,546,0,1,0.014494448830642881,
Image_0_LK_CIR_MER_RAB_FOT_631_646.png,LK_CIR_MER_RAB_FOT,631,646,0,1,0.011001220689712987,
Image_0_LK_CIR_MER_RAB_FOT_632_291.png,LK_CIR_MER_RAB_FOT,632,291,0,1,0.8743440451098696,
Image_0_LK_CIR_MER_RAB_FOT_632_491.png,LK_CIR_MER_RAB_FOT,632,491,0,0,2.1717858084088926,
Image_0_LK_CIR_MER_RAB_FOT_632_791.png,LK_CIR_MER_RAB_FOT,632,791,0,0,0.716082752669455,
Image_0_LK_CIR_MER_RAB_FOT_632_91.png,LK_CIR_MER_RAB_FOT,632,91,0,0,0.4591468110928085,
Image_0_LK_CIR_MER_RAB_FOT_633_291.png,LK_CIR_MER_RAB_FOT,633,291,0,0,2.469160842157229,
Image_0_LK_CIR_MER_RAB_FOT_635_91.png,LK_CIR_MER_RAB_FOT,635,91,0,0,3.572798096866454,
Image_0_LK_CIR_MER_RAB_FOT_636_191.png,LK_CIR_MER_RAB_FOT,636,191,0,0,3.7542625299651746,
Image_0_LK_CIR_MER_RAB_FOT_636_291.png,LK_CIR_MER_RAB_FOT,636,291,0,0,3.62856859601131,
Image_0_LK_CIR_MER_RAB_FOT_636_591.png,LK_CIR_MER_RAB_FOT,636,591,0,0,4.347375414056077,
Image_23_LK_CIR_MER_RAB_FOT_637_341.png,LK_CIR_MER_RAB_FOT,637,341,23,1,nan,
Image_23_LK_CIR_MER_RAB_FOT_637_366.png,LK_CIR_MER_RAB_FOT,637,366,23,0,nan,
Image_23_LK_CIR_MER_RAB_FOT_637_376.png,LK_CIR_MER_RAB_FOT,637,376,23,0,nan,
Image_23_LK_CIR_MER_RAB_FOT_637_396.png,LK_CIR_MER_RAB_FOT,637,396,23,0,nan,
Image_23_LK_CIR_MER_RAB_FOT_637_446.png,LK_CIR_MER_RAB_FOT,637,446,23,0,nan,
Image_23_LK_CIR_MER_RAB_FOT_637_451.png,LK_CIR_MER_RAB_FOT,637,451,23,0,nan,
Image_23_LK_CIR_MER_RAB_FOT_639_166.png,LK_CIR_MER_RAB_FOT,639,166,23,0,nan,
Image_23_LK_CIR_MER_RAB_FOT_639_176.png,LK_CIR_MER_RAB_FOT,639,176,23,0,nan,
Image_23_LK_CIR_MER_RAB_FOT_639_181.png,LK_CIR_MER_RAB_FOT,639,181,23,0,nan,
Image_23_LK_CIR_MER_RAB_FOT_639_211.png,LK_CIR_MER_RAB_FOT,639,211,23,0,nan,
Image_23_LK_CIR_MER_RAB_FOT_639_256.png,LK_CIR_MER_RAB_FOT,639,256,23,0,nan,
Image_0_LK_CIR_MER_RAB_FOT_640_1006.png,LK_CIR_MER_RAB_FOT,640,1006,0,1,1.2661651435343906,
Image_23_LK_CIR_MER_RAB_FOT_641_241.png,LK_CIR_MER_RAB_FOT,641,241,23,1,nan,
Image_23_LK_CIR_MER_RAB_FOT_641_261.png,LK_CIR_MER_RAB_FOT,641,261,23,0,nan,
Image_23_LK_CIR_MER_RAB_FOT_641_341.png,LK_CIR_MER_RAB_FOT,641,341,23,0,nan,
Image_0_LK_CIR_MER_RAB_FOT_642_191.png,LK_CIR_MER_RAB_FOT,642,191,0,0,1.0572215864401562,
Image_23_LK_CIR_MER_RAB_FOT_643_181.png,LK_CIR_MER_RAB_FOT,643,181,23,0,nan,
Image_23_LK_CIR_MER_RAB_FOT_643_211.png,LK_CIR_MER_RAB_FOT,643,211,23,0,nan,
Image_23_LK_CIR_MER_RAB_FOT_643_256.png,LK_CIR_MER_RAB_FOT,643,256,23,0,nan,
Image_23_LK_CIR_MER_RAB_FOT_643_276.png,LK_CIR_MER_RAB_FOT,643,276,23,0,nan,
Image_23_LK_CIR_MER_RAB_FOT_643_311.png,LK_CIR_MER_RAB_FOT,643,311,23,0,nan,
Image_0_LK_CIR_MER_RAB_FOT_644_1476.png,LK_CIR_MER_RAB_FOT,644,1476,0,0,nan,
Image_0_LK_CIR_MER_RAB_FOT_644_1576.png,LK_CIR_MER_RAB_FOT,644,1576,0,1,nan,
Image_0_LK_CIR_MER_RAB_FOT_644_576.png,LK_CIR_MER_RAB_FOT,644,576,0,1,0.04125920680588102,
Image_0_LK_CIR_MER_RAB_FOT_644_876.png,LK_CIR_MER_RAB_FOT,644,876,0,0,2.6547135905099157,
Image_0_LK_CIR_MER_RAB_FOT_646_91.png,LK_CIR_MER_RAB_FOT,646,91,0,0,3.5932496183587257,
Image_0_LK_CIR_MER_RAB_FOT_647_391.png,LK_CIR_MER_RAB_FOT,647,391,0,0,3.4112202442872768,
Image_0_LK_CIR_MER_RAB_FOT_648_291.png,LK_CIR_MER_RAB_FOT,648,291,0,0,3.2478341723287434,
Image_0_LK_CIR_MER_RAB_FOT_649_91.png,LK_CIR_MER_RAB_FOT,649,91,0,0,6.536617328168974,
Image_13_LK_CIR_MER_RAB_FOT_650_396.png,LK_CIR_MER_RAB_FOT,650,396,13,0,nan,
Image_13_LK_CIR_MER_RAB_FOT_650_411.png,LK_CIR_MER_RAB_FOT,650,411,13,0,nan,
Image_13_LK_CIR_MER_RAB_FOT_650_456.png,LK_CIR_MER_RAB_FOT,650,456,13,1,nan,
Image_13_LK_CIR_MER_RAB_FOT_650_491.png,LK_CIR_MER_RAB_FOT,650,491,13,0,nan,
Image_13_LK_CIR_MER_RAB_FOT_650_511.png,LK_CIR_MER_RAB_FOT,650,511,13,0,nan,
Image_13_LK_CIR_MER_RAB_FOT_650_541.png,LK_CIR_MER_RAB_FOT,650,541,13,0,nan,
Image_53_LK_CIR_MER_RAB_FOT_651_161.png,LK_CIR_MER_RAB_FOT,651,161,53,0,nan,
Image_53_LK_CIR_MER_RAB_FOT_651_196.png,LK_CIR_MER_RAB_FOT,651,196,53,0,nan,
Image_53_LK_CIR_MER_RAB_FOT_651_211.png,LK_CIR_MER_RAB_FOT,651,211,53,0,nan,
Image_53_LK_CIR_MER_RAB_FOT_651_226.png,LK_CIR_MER_RAB_FOT,651,226,53,0,nan,
Image_53_LK_CIR_MER_RAB_FOT_651_271.png,LK_CIR_MER_RAB_FOT,651,271,53,0,nan,
Image_53_LK_CIR_MER_RAB_FOT_651_286.png,LK_CIR_MER_RAB_FOT,651,286,53,0,nan,
Image_0_LK_CIR_MER_RAB_FOT_652_91.png,LK_CIR_MER_RAB_FOT,652,91,0,0,4.947656985223517,
Image_0_LK_CIR_MER_RAB_FOT_653_191.png,LK_CIR_MER_RAB_FOT,653,191,0,0,3.3314653860297243,
Image_0_LK_CIR_MER_RAB_FOT_654_91.png,LK_CIR_MER_RAB_FOT,654,91,0,0,4.843083910576135,
Image_0_LK_CIR_MER_RAB_FOT_655_291.png,LK_CIR_MER_RAB_FOT,655,291,0,0,3.447037648067356,
Image_0_LK_CIR_MER_RAB_FOT_656_756.png,LK_CIR_MER_RAB_FOT,656,756,0,0,3.1538868143808845,
Image_0_LK_CIR_MER_RAB_FOT_658_291.png,LK_CIR_MER_RAB_FOT,658,291,0,0,2.925984335591052,
Image_0_LK_CIR_MER_RAB_FOT_659_126.png,LK_CIR_MER_RAB_FOT,659,126,0,0,0.34710681465977267,
Image_0_LK_CIR_MER_RAB_FOT_659_1926.png,LK_CIR_MER_RAB_FOT,659,1926,0,0,nan,
Image_0_LK_CIR_MER_RAB_FOT_661_291.png,LK_CIR_MER_RAB_FOT,661,291,0,0,1.6260607772375246,
Image_23_LK_CIR_MER_RAB_FOT_664_121.png,LK_CIR_MER_RAB_FOT,664,121,23,0,nan,
Image_23_LK_CIR_MER_RAB_FOT_664_201.png,LK_CIR_MER_RAB_FOT,664,201,23,0,nan,
Image_23_LK_CIR_MER_RAB_FOT_664_221.png,LK_CIR_MER_RAB_FOT,664,221,23,0,nan,
Image_23_LK_CIR_MER_RAB_FOT_664_236.png,LK_CIR_MER_RAB_FOT,664,236,23,0,nan,
Image_23_LK_CIR_MER_RAB_FOT_664_241.png,LK_CIR_MER_RAB_FOT,664,241,23,0,nan,
Image_53_LK_CIR_MER_RAB_FOT_665_106.png,LK_CIR_MER_RAB_FOT,665,106,53,0,nan,
Image_53_LK_CIR_MER_RAB_FOT_665_116.png,LK_CIR_MER_RAB_FOT,665,116,53,0,nan,
Image_53_LK_CIR_MER_RAB_FOT_665_131.png,LK_CIR_MER_RAB_FOT,665,131,53,0,nan,
Image_53_LK_CIR_MER_RAB_FOT_665_146.png,LK_CIR_MER_RAB_FOT,665,146,53,0,nan,
Image_53_LK_CIR_MER_RAB_FOT_665_186.png,LK_CIR_MER_RAB_FOT,665,186,53,0,nan,
Image_0_LK_CIR_MER_RAB_FOT_666_291.png,LK_CIR_MER_RAB_FOT,666,291,0,0,0.21581722867411202,
Image_0_LK_CIR_MER_RAB_FOT_666_791.png,LK_CIR_MER_RAB_FOT,666,791,0,0,0.5208815514766557,
Image_0_LK_CIR_MER_RAB_FOT_667_436.png,LK_CIR_MER_RAB_FOT,667,436,0,1,1.4493429421520698,
Image_0_LK_CIR_MER_RAB_FOT_667_636.png,LK_CIR_MER_RAB_FOT,667,636,0,1,1.248871344088231,
Image_0_LK_CIR_MER_RAB_FOT_668_126.png,LK_CIR_MER_RAB_FOT,668,126,0,0,3.225781528645345,
Image_0_LK_CIR_MER_RAB_FOT_668_226.png,LK_CIR_MER_RAB_FOT,668,226,0,0,3.3821888338280965,
Image_0_LK_CIR_MER_RAB_FOT_669_491.png,LK_CIR_MER_RAB_FOT,669,491,0,0,2.277760575879415,
Image_0_LK_CIR_MER_RAB_FOT_669_591.png,LK_CIR_MER_RAB_FOT,669,591,0,0,0.25965369484146805,
Image_0_LK_CIR_MER_RAB_FOT_669_691.png,LK_CIR_MER_RAB_FOT,669,691,0,0,0.004823335925548511,
Image_0_LK_CIR_MER_RAB_FOT_669_91.png,LK_CIR_MER_RAB_FOT,669,91,0,0,0.10975289555355294,
Image_11_LK_CIR_MER_RAB_FOT_670_1006.png,LK_CIR_MER_RAB_FOT,670,1006,11,0,nan,
Image_11_LK_CIR_MER_RAB_FOT_670_1026.png,LK_CIR_MER_RAB_FOT,670,1026,11,0,nan,
Image_11_LK_CIR_MER_RAB_FOT_670_1056.png,LK_CIR_MER_RAB_FOT,670,1056,11,0,nan,
Image_11_LK_CIR_MER_RAB_FOT_670_1076.png,LK_CIR_MER_RAB_FOT,670,1076,11,0,nan,
Image_11_LK_CIR_MER_RAB_FOT_670_1091.png,LK_CIR_MER_RAB_FOT,670,1091,11,0,nan,
Image_11_LK_CIR_MER_RAB_FOT_670_956.png,LK_CIR_MER_RAB_FOT,670,956,11,0,2.02424387258299,
Image_11_LK_CIR_MER_RAB_FOT_670_981.png,LK_CIR_MER_RAB_FOT,670,981,11,0,1.3265983854767471,
Image_11_LK_CIR_MER_RAB_FOT_670_986.png,LK_CIR_MER_RAB_FOT,670,986,11,0,1.2519496712380715,
Image_11_LK_CIR_MER_RAB_FOT_670_996.png,LK_CIR_MER_RAB_FOT,670,996,11,0,1.1263574473727136,
Image_0_LK_CIR_MER_RAB_FOT_672_391.png,LK_CIR_MER_RAB_FOT,672,391,0,0,1.1547161425918695,
Image_0_LK_CIR_MER_RAB_FOT_672_91.png,LK_CIR_MER_RAB_FOT,672,91,0,0,0.7728962694312198,
Image_53_LK_CIR_MER_RAB_FOT_674_221.png,LK_CIR_MER_RAB_FOT,674,221,53,1,nan,
Image_53_LK_CIR_MER_RAB_FOT_674_226.png,LK_CIR_MER_RAB_FOT,674,226,53,0,nan,
Image_53_LK_CIR_MER_RAB_FOT_674_246.png,LK_CIR_MER_RAB_FOT,674,246,53,0,nan,
Image_53_LK_CIR_MER_RAB_FOT_674_281.png,LK_CIR_MER_RAB_FOT,674,281,53,0,nan,
Image_53_LK_CIR_MER_RAB_FOT_674_286.png,LK_CIR_MER_RAB_FOT,674,286,53,0,nan,
Image_53_LK_CIR_MER_RAB_FOT_674_341.png,LK_CIR_MER_RAB_FOT,674,341,53,0,nan,
Image_43_LK_CIR_MER_RAB_FOT_676_741.png,LK_CIR_MER_RAB_FOT,676,741,43,0,nan,
Image_43_LK_CIR_MER_RAB_FOT_676_746.png,LK_CIR_MER_RAB_FOT,676,746,43,0,nan,
Image_43_LK_CIR_MER_RAB_FOT_676_751.png,LK_CIR_MER_RAB_FOT,676,751,43,0,nan,
Image_43_LK_CIR_MER_RAB_FOT_676_786.png,LK_CIR_MER_RAB_FOT,676,786,43,0,nan,
Image_43_LK_CIR_MER_RAB_FOT_676_791.png,LK_CIR_MER_RAB_FOT,676,791,43,0,nan,
Image_43_LK_CIR_MER_RAB_FOT_676_806.png,LK_CIR_MER_RAB_FOT,676,806,43,0,nan,
Image_43_LK_CIR_MER_RAB_FOT_676_826.png,LK_CIR_MER_RAB_FOT,676,826,43,0,nan,
Image_43_LK_CIR_MER_RAB_FOT_676_846.png,LK_CIR_MER_RAB_FOT,676,846,43,0,nan,
Image_43_LK_CIR_MER_RAB_FOT_676_851.png,LK_CIR_MER_RAB_FOT,676,851,43,0,nan,
Image_43_LK_CIR_MER_RAB_FOT_676_866.png,LK_CIR_MER_RAB_FOT,676,866,43,0,nan,
Image_0_LK_CIR_MER_RAB_FOT_677_1011.png,LK_CIR_MER_RAB_FOT,677,1011,0,0,0.6176410875949321,
Image_0_LK_CIR_MER_RAB_FOT_677_1311.png,LK_CIR_MER_RAB_FOT,677,1311,0,0,nan,
Image_0_LK_CIR_MER_RAB_FOT_677_311.png,LK_CIR_MER_RAB_FOT,677,311,0,0,0.01444302363321004,
Image_0_LK_CIR_MER_RAB_FOT_677_811.png,LK_CIR_MER_RAB_FOT,677,811,0,0,2.410837927160527,
Image_43_LK_CIR_MER_RAB_FOT_678_316.png,LK_CIR_MER_RAB_FOT,678,316,43,0,nan,
Image_43_LK_CIR_MER_RAB_FOT_678_321.png,LK_CIR_MER_RAB_FOT,678,321,43,0,nan,
Image_43_LK_CIR_MER_RAB_FOT_678_341.png,LK_CIR_MER_RAB_FOT,678,341,43,0,nan,
Image_43_LK_CIR_MER_RAB_FOT_678_351.png,LK_CIR_MER_RAB_FOT,678,351,43,0,nan,
Image_43_LK_CIR_MER_RAB_FOT_678_361.png,LK_CIR_MER_RAB_FOT,678,361,43,0,nan,
Image_43_LK_CIR_MER_RAB_FOT_678_386.png,LK_CIR_MER_RAB_FOT,678,386,43,0,nan,
Image_43_LK_CIR_MER_RAB_FOT_678_401.png,LK_CIR_MER_RAB_FOT,678,401,43,0,nan,
Image_0_LK_CIR_MER_RAB_FOT_679_191.png,LK_CIR_MER_RAB_FOT,679,191,0,0,1.4731911086662486,
Image_0_LK_CIR_MER_RAB_FOT_679_291.png,LK_CIR_MER_RAB_FOT,679,291,0,0,1.5073678463189564,
Image_0_LK_CIR_MER_RAB_FOT_680_91.png,LK_CIR_MER_RAB_FOT,680,91,0,0,5.623838124920038,
Image_0_LK_CIR_MER_RAB_FOT_686_191.png,LK_CIR_MER_RAB_FOT,686,191,0,0,3.13493680417971,
Image_0_LK_CIR_MER_RAB_FOT_686_91.png,LK_CIR_MER_RAB_FOT,686,91,0,0,2.8469149575774986,
Image_0_LK_CIR_MER_RAB_FOT_687_391.png,LK_CIR_MER_RAB_FOT,687,391,0,0,1.5306281636470012,
Image_0_LK_CIR_MER_RAB_FOT_687_591.png,LK_CIR_MER_RAB_FOT,687,591,0,0,1.6685446510367545,
Image_0_LK_CIR_MER_RAB_FOT_689_91.png,LK_CIR_MER_RAB_FOT,689,91,0,0,5.615101848712909,
Image_23_LK_CIR_MER_RAB_FOT_691_306.png,LK_CIR_MER_RAB_FOT,691,306,23,0,nan,
Image_23_LK_CIR_MER_RAB_FOT_691_321.png,LK_CIR_MER_RAB_FOT,691,321,23,1,nan,
Image_23_LK_CIR_MER_RAB_FOT_691_336.png,LK_CIR_MER_RAB_FOT,691,336,23,0,nan,
Image_23_LK_CIR_MER_RAB_FOT_691_346.png,LK_CIR_MER_RAB_FOT,691,346,23,0,nan,
Image_23_LK_CIR_MER_RAB_FOT_691_371.png,LK_CIR_MER_RAB_FOT,691,371,23,1,nan,
Image_23_LK_CIR_MER_RAB_FOT_691_446.png,LK_CIR_MER_RAB_FOT,691,446,23,0,nan,
Image_0_LK_CIR_MER_RAB_FOT_692_191.png,LK_CIR_MER_RAB_FOT,692,191,0,0,3.581376445190761,
Image_13_LK_CIR_MER_RAB_FOT_693_386.png,LK_CIR_MER_RAB_FOT,693,386,13,0,nan,
Image_13_LK_CIR_MER_RAB_FOT_693_401.png,LK_CIR_MER_RAB_FOT,693,401,13,0,nan,
Image_13_LK_CIR_MER_RAB_FOT_693_446.png,LK_CIR_MER_RAB_FOT,693,446,13,0,nan,
Image_13_LK_CIR_MER_RAB_FOT_693_476.png,LK_CIR_MER_RAB_FOT,693,476,13,0,nan,
Image_13_LK_CIR_MER_RAB_FOT_693_496.png,LK_CIR_MER_RAB_FOT,693,496,13,0,nan,
Image_13_LK_CIR_MER_RAB_FOT_694_176.png,LK_CIR_MER_RAB_FOT,694,176,13,0,nan,
Image_13_LK_CIR_MER_RAB_FOT_694_196.png,LK_CIR_MER_RAB_FOT,694,196,13,0,nan,
Image_13_LK_CIR_MER_RAB_FOT_694_201.png,LK_CIR_MER_RAB_FOT,694,201,13,0,nan,
Image_13_LK_CIR_MER_RAB_FOT_694_211.png,LK_CIR_MER_RAB_FOT,694,211,13,0,nan,
Image_13_LK_CIR_MER_RAB_FOT_694_241.png,LK_CIR_MER_RAB_FOT,694,241,13,0,nan,
Image_13_LK_CIR_MER_RAB_FOT_694_251.png,LK_CIR_MER_RAB_FOT,694,251,13,0,nan,
Image_13_LK_CIR_MER_RAB_FOT_694_276.png,LK_CIR_MER_RAB_FOT,694,276,13,0,nan,
Image_13_LK_CIR_MER_RAB_FOT_694_301.png,LK_CIR_MER_RAB_FOT,694,301,13,0,nan,
Image_13_LK_CIR_MER_RAB_FOT_694_321.png,LK_CIR_MER_RAB_FOT,694,321,13,0,nan,
Image_0_LK_CIR_MER_RAB_FOT_695_91.png,LK_CIR_MER_RAB_FOT,695,91,0,0,1.569951727799023,
Image_0_LK_CIR_MER_RAB_FOT_697_391.png,LK_CIR_MER_RAB_FOT,697,391,0,0,1.481671534089856,
Image_0_LK_CIR_MER_RAB_FOT_697_591.png,LK_CIR_MER_RAB_FOT,697,591,0,0,2.271313698778595,
Image_0_LK_CIR_MER_RAB_FOT_697_91.png,LK_CIR_MER_RAB_FOT,697,91,0,0,1.047480595545105,
Image_0_LK_CIR_MER_RAB_FOT_699_591.png,LK_CIR_MER_RAB_FOT,699,591,0,0,0.4318539871999616,
Image_0_LK_CIR_MER_RAB_FOT_699_691.png,LK_CIR_MER_RAB_FOT,699,691,0,0,0.01179886552254339,
Image_0_LK_CIR_MER_RAB_FOT_700_291.png,LK_CIR_MER_RAB_FOT,700,291,0,0,2.1399362909765545,
Image_0_LK_CIR_MER_RAB_FOT_700_391.png,LK_CIR_MER_RAB_FOT,700,391,0,0,2.2353730060715065,
Image_0_LK_CIR_MER_RAB_FOT_704_491.png,LK_CIR_MER_RAB_FOT,704,491,0,0,3.4249928094422035,
Image_43_LK_CIR_MER_RAB_FOT_705_236.png,LK_CIR_MER_RAB_FOT,705,236,43,0,nan,
Image_43_LK_CIR_MER_RAB_FOT_705_271.png,LK_CIR_MER_RAB_FOT,705,271,43,0,nan,
Image_43_LK_CIR_MER_RAB_FOT_705_291.png,LK_CIR_MER_RAB_FOT,705,291,43,0,nan,
Image_43_LK_CIR_MER_RAB_FOT_705_306.png,LK_CIR_MER_RAB_FOT,705,306,43,0,nan,
Image_43_LK_CIR_MER_RAB_FOT_705_311.png,LK_CIR_MER_RAB_FOT,705,311,43,0,nan,
Image_43_LK_CIR_MER_RAB_FOT_705_361.png,LK_CIR_MER_RAB_FOT,705,361,43,0,nan,
Image_0_LK_CIR_MER_RAB_FOT_706_391.png,LK_CIR_MER_RAB_FOT,706,391,0,0,3.3724613405383552,
Image_0_LK_CIR_MER_RAB_FOT_706_591.png,LK_CIR_MER_RAB_FOT,706,591,0,0,3.9801549155723506,
Image_13_LK_CIR_MER_RAB_FOT_707_186.png,LK_CIR_MER_RAB_FOT,707,186,13,0,nan,
Image_13_LK_CIR_MER_RAB_FOT_707_261.png,LK_CIR_MER_RAB_FOT,707,261,13,0,nan,
Image_13_LK_CIR_MER_RAB_FOT_707_266.png,LK_CIR_MER_RAB_FOT,707,266,13,0,nan,
Image_13_LK_CIR_MER_RAB_FOT_707_281.png,LK_CIR_MER_RAB_FOT,707,281,13,0,nan,
Image_53_LK_CIR_MER_RAB_FOT_709_301.png,LK_CIR_MER_RAB_FOT,709,301,53,1,nan,
Image_53_LK_CIR_MER_RAB_FOT_709_316.png,LK_CIR_MER_RAB_FOT,709,316,53,0,nan,
Image_53_LK_CIR_MER_RAB_FOT_709_326.png,LK_CIR_MER_RAB_FOT,709,326,53,0,nan,
Image_53_LK_CIR_MER_RAB_FOT_709_341.png,LK_CIR_MER_RAB_FOT,709,341,53,0,nan,
Image_53_LK_CIR_MER_RAB_FOT_709_361.png,LK_CIR_MER_RAB_FOT,709,361,53,0,nan,
Image_53_LK_CIR_MER_RAB_FOT_709_376.png,LK_CIR_MER_RAB_FOT,709,376,53,0,nan,
Image_53_LK_CIR_MER_RAB_FOT_709_401.png,LK_CIR_MER_RAB_FOT,709,401,53,0,nan,
Image_53_LK_CIR_MER_RAB_FOT_709_426.png,LK_CIR_MER_RAB_FOT,709,426,53,0,nan,
Image_0_LK_CIR_MER_RAB_FOT_711_1891.png,LK_CIR_MER_RAB_FOT,711,1891,0,0,nan,
Image_43_LK_CIR_MER_RAB_FOT_712_346.png,LK_CIR_MER_RAB_FOT,712,346,43,0,nan,
Image_43_LK_CIR_MER_RAB_FOT_712_356.png,LK_CIR_MER_RAB_FOT,712,356,43,0,nan,
Image_43_LK_CIR_MER_RAB_FOT_712_371.png,LK_CIR_MER_RAB_FOT,712,371,43,0,nan,
Image_43_LK_CIR_MER_RAB_FOT_712_396.png,LK_CIR_MER_RAB_FOT,712,396,43,0,nan,
Image_43_LK_CIR_MER_RAB_FOT_712_401.png,LK_CIR_MER_RAB_FOT,712,401,43,0,nan,
Image_43_LK_CIR_MER_RAB_FOT_712_426.png,LK_CIR_MER_RAB_FOT,712,426,43,0,nan,
Image_0_LK_CIR_MER_RAB_FOT_714_291.png,LK_CIR_MER_RAB_FOT,714,291,0,0,0.4592418213868017,
Image_0_LK_CIR_MER_RAB_FOT_714_391.png,LK_CIR_MER_RAB_FOT,714,391,0,0,1.8661434977354656,
Image_0_LK_CIR_MER_RAB_FOT_714_791.png,LK_CIR_MER_RAB_FOT,714,791,0,0,0.5912906526996665,
Image_0_LK_CIR_MER_RAB_FOT_714_91.png,LK_CIR_MER_RAB_FOT,714,91,0,0,0.9046851650212049,
Image_43_LK_CIR_MER_RAB_FOT_717_346.png,LK_CIR_MER_RAB_FOT,717,346,43,0,nan,
Image_43_LK_CIR_MER_RAB_FOT_717_366.png,LK_CIR_MER_RAB_FOT,717,366,43,0,nan,
Image_43_LK_CIR_MER_RAB_FOT_717_371.png,LK_CIR_MER_RAB_FOT,717,371,43,0,nan,
Image_43_LK_CIR_MER_RAB_FOT_717_381.png,LK_CIR_MER_RAB_FOT,717,381,43,0,nan,
Image_43_LK_CIR_MER_RAB_FOT_717_386.png,LK_CIR_MER_RAB_FOT,717,386,43,0,nan,
Image_43_LK_CIR_MER_RAB_FOT_717_391.png,LK_CIR_MER_RAB_FOT,717,391,43,0,nan,
Image_43_LK_CIR_MER_RAB_FOT_717_401.png,LK_CIR_MER_RAB_FOT,717,401,43,0,nan,
Image_43_LK_CIR_MER_RAB_FOT_717_411.png,LK_CIR_MER_RAB_FOT,717,411,43,0,nan,
Image_43_LK_CIR_MER_RAB_FOT_717_456.png,LK_CIR_MER_RAB_FOT,717,456,43,0,nan,
Image_43_LK_CIR_MER_RAB_FOT_717_466.png,LK_CIR_MER_RAB_FOT,717,466,43,0,nan,
Image_12_LK_CIR_MER_RAB_FOT_719_201.png,LK_CIR_MER_RAB_FOT,719,201,12,0,nan,
Image_12_LK_CIR_MER_RAB_FOT_719_206.png,LK_CIR_MER_RAB_FOT,719,206,12,0,nan,
Image_12_LK_CIR_MER_RAB_FOT_719_246.png,LK_CIR_MER_RAB_FOT,719,246,12,1,nan,
Image_12_LK_CIR_MER_RAB_FOT_719_256.png,LK_CIR_MER_RAB_FOT,719,256,12,0,nan,
Image_12_LK_CIR_MER_RAB_FOT_719_271.png,LK_CIR_MER_RAB_FOT,719,271,12,1,nan,
Image_12_LK_CIR_MER_RAB_FOT_719_281.png,LK_CIR_MER_RAB_FOT,719,281,12,0,nan,
Image_12_LK_CIR_MER_RAB_FOT_719_286.png,LK_CIR_MER_RAB_FOT,719,286,12,0,nan,
Image_12_LK_CIR_MER_RAB_FOT_719_341.png,LK_CIR_MER_RAB_FOT,719,341,12,0,nan,
Image_0_LK_CIR_MER_RAB_FOT_720_291.png,LK_CIR_MER_RAB_FOT,720,291,0,0,3.6962468375122848,
Image_23_LK_CIR_MER_RAB_FOT_722_166.png,LK_CIR_MER_RAB_FOT,722,166,23,0,nan,
Image_23_LK_CIR_MER_RAB_FOT_722_176.png,LK_CIR_MER_RAB_FOT,722,176,23,0,nan,
Image_23_LK_CIR_MER_RAB_FOT_722_216.png,LK_CIR_MER_RAB_FOT,722,216,23,0,nan,
Image_23_LK_CIR_MER_RAB_FOT_722_261.png,LK_CIR_MER_RAB_FOT,722,261,23,0,nan,
Image_23_LK_CIR_MER_RAB_FOT_722_291.png,LK_CIR_MER_RAB_FOT,722,291,23,0,nan,
Image_12_LK_CIR_MER_RAB_FOT_723_271.png,LK_CIR_MER_RAB_FOT,723,271,12,0,nan,
Image_12_LK_CIR_MER_RAB_FOT_723_291.png,LK_CIR_MER_RAB_FOT,723,291,12,0,nan,
Image_12_LK_CIR_MER_RAB_FOT_723_316.png,LK_CIR_MER_RAB_FOT,723,316,12,0,nan,
Image_12_LK_CIR_MER_RAB_FOT_723_336.png,LK_CIR_MER_RAB_FOT,723,336,12,0,nan,
Image_12_LK_CIR_MER_RAB_FOT_723_341.png,LK_CIR_MER_RAB_FOT,723,341,12,0,nan,
Image_12_LK_CIR_MER_RAB_FOT_723_381.png,LK_CIR_MER_RAB_FOT,723,381,12,0,nan,
Image_0_LK_CIR_MER_RAB_FOT_724_91.png,LK_CIR_MER_RAB_FOT,724,91,0,0,4.724103678842061,
Image_0_LK_CIR_MER_RAB_FOT_726_261.png,LK_CIR_MER_RAB_FOT,726,261,0,0,3.212689326371499,
Image_0_LK_CIR_MER_RAB_FOT_726_461.png,LK_CIR_MER_RAB_FOT,726,461,0,0,3.4074279182948124,
Image_0_LK_CIR_MER_RAB_FOT_726_661.png,LK_CIR_MER_RAB_FOT,726,661,0,0,3.5415000895658926,
Image_0_LK_CIR_MER_RAB_FOT_726_761.png,LK_CIR_MER_RAB_FOT,726,761,0,0,3.5397506512886063,
Image_0_LK_CIR_MER_RAB_FOT_728_691.png,LK_CIR_MER_RAB_FOT,728,691,0,1,1.8916074132765073,
Image_0_LK_CIR_MER_RAB_FOT_728_91.png,LK_CIR_MER_RAB_FOT,728,91,0,0,0.6879376367726349,
Image_53_LK_CIR_MER_RAB_FOT_729_416.png,LK_CIR_MER_RAB_FOT,729,416,53,0,nan,
Image_53_LK_CIR_MER_RAB_FOT_729_421.png,LK_CIR_MER_RAB_FOT,729,421,53,0,nan,
Image_53_LK_CIR_MER_RAB_FOT_729_471.png,LK_CIR_MER_RAB_FOT,729,471,53,0,nan,
Image_53_LK_CIR_MER_RAB_FOT_729_476.png,LK_CIR_MER_RAB_FOT,729,476,53,0,nan,
Image_53_LK_CIR_MER_RAB_FOT_729_486.png,LK_CIR_MER_RAB_FOT,729,486,53,0,nan,
Image_53_LK_CIR_MER_RAB_FOT_729_491.png,LK_CIR_MER_RAB_FOT,729,491,53,0,nan,
Image_53_LK_CIR_MER_RAB_FOT_729_506.png,LK_CIR_MER_RAB_FOT,729,506,53,0,nan,
Image_53_LK_CIR_MER_RAB_FOT_729_521.png,LK_CIR_MER_RAB_FOT,729,521,53,0,nan,
Image_13_LK_CIR_MER_RAB_FOT_730_101.png,LK_CIR_MER_RAB_FOT,730,101,13,0,nan,
Image_13_LK_CIR_MER_RAB_FOT_730_106.png,LK_CIR_MER_RAB_FOT,730,106,13,0,nan,
Image_13_LK_CIR_MER_RAB_FOT_730_116.png,LK_CIR_MER_RAB_FOT,730,116,13,0,nan,
Image_13_LK_CIR_MER_RAB_FOT_730_131.png,LK_CIR_MER_RAB_FOT,730,131,13,0,nan,
Image_13_LK_CIR_MER_RAB_FOT_730_171.png,LK_CIR_MER_RAB_FOT,730,171,13,0,nan,
Image_13_LK_CIR_MER_RAB_FOT_730_96.png,LK_CIR_MER_RAB_FOT,730,96,13,0,nan,
Image_0_LK_CIR_MER_RAB_FOT_732_291.png,LK_CIR_MER_RAB_FOT,732,291,0,0,2.354258250660524,
Image_0_LK_CIR_MER_RAB_FOT_733_91.png,LK_CIR_MER_RAB_FOT,733,91,0,0,4.61997476221166,
Image_0_LK_CIR_MER_RAB_FOT_734_1006.png,LK_CIR_MER_RAB_FOT,734,1006,0,0,nan,
Image_0_LK_CIR_MER_RAB_FOT_734_206.png,LK_CIR_MER_RAB_FOT,734,206,0,0,0.4285127064704115,
Image_12_LK_CIR_MER_RAB_FOT_736_1616.png,LK_CIR_MER_RAB_FOT,736,1616,12,0,0.6389861822111689,
Image_12_LK_CIR_MER_RAB_FOT_736_1621.png,LK_CIR_MER_RAB_FOT,736,1621,12,0,0.6240172793913515,
Image_12_LK_CIR_MER_RAB_FOT_736_1641.png,LK_CIR_MER_RAB_FOT,736,1641,12,0,0.5822886470293914,
Image_12_LK_CIR_MER_RAB_FOT_736_1666.png,LK_CIR_MER_RAB_FOT,736,1666,12,0,0.5580707005302271,
Image_12_LK_CIR_MER_RAB_FOT_736_1696.png,LK_CIR_MER_RAB_FOT,736,1696,12,0,nan,
Image_43_LK_CIR_MER_RAB_FOT_739_281.png,LK_CIR_MER_RAB_FOT,739,281,43,0,nan,
Image_43_LK_CIR_MER_RAB_FOT_739_306.png,LK_CIR_MER_RAB_FOT,739,306,43,1,nan,
Image_43_LK_CIR_MER_RAB_FOT_739_331.png,LK_CIR_MER_RAB_FOT,739,331,43,0,nan,
Image_43_LK_CIR_MER_RAB_FOT_739_381.png,LK_CIR_MER_RAB_FOT,739,381,43,0,nan,
Image_43_LK_CIR_MER_RAB_FOT_739_396.png,LK_CIR_MER_RAB_FOT,739,396,43,0,nan,
Image_0_LK_CIR_MER_RAB_FOT_741_491.png,LK_CIR_MER_RAB_FOT,741,491,0,0,1.3647525369151916,
Image_0_LK_CIR_MER_RAB_FOT_741_691.png,LK_CIR_MER_RAB_FOT,741,691,0,0,1.5958335946647069,
Image_53_LK_CIR_MER_RAB_FOT_742_401.png,LK_CIR_MER_RAB_FOT,742,401,53,0,nan,
Image_0_LK_CIR_MER_RAB_FOT_743_391.png,LK_CIR_MER_RAB_FOT,743,391,0,0,1.347427955793301,
Image_0_LK_CIR_MER_RAB_FOT_743_491.png,LK_CIR_MER_RAB_FOT,743,491,0,0,1.426545869083374,
Image_0_LK_CIR_MER_RAB_FOT_743_791.png,LK_CIR_MER_RAB_FOT,743,791,0,0,10.787383152679778,
Image_0_LK_CIR_MER_RAB_FOT_744_91.png,LK_CIR_MER_RAB_FOT,744,91,0,0,2.3110769798259962,
Image_0_LK_CIR_MER_RAB_FOT_745_491.png,LK_CIR_MER_RAB_FOT,745,491,0,0,1.706495786645497,
Image_0_LK_CIR_MER_RAB_FOT_745_591.png,LK_CIR_MER_RAB_FOT,745,591,0,0,1.8856207930367241,
Image_0_LK_CIR_MER_RAB_FOT_745_791.png,LK_CIR_MER_RAB_FOT,745,791,0,0,2.256724293267244,
Image_0_LK_CIR_MER_RAB_FOT_745_91.png,LK_CIR_MER_RAB_FOT,745,91,0,0,0.9950841103329999,
Image_0_LK_CIR_MER_RAB_FOT_746_1991.png,LK_CIR_MER_RAB_FOT,746,1991,0,0,nan,
Image_0_LK_CIR_MER_RAB_FOT_748_1206.png,LK_CIR_MER_RAB_FOT,748,1206,0,1,1.8129054686854307,
Image_0_LK_CIR_MER_RAB_FOT_748_1406.png,LK_CIR_MER_RAB_FOT,748,1406,0,1,1.9132983448890721,
Image_0_LK_CIR_MER_RAB_FOT_748_1606.png,LK_CIR_MER_RAB_FOT,748,1606,0,1,1.9250902301767812,
Image_13_LK_CIR_MER_RAB_FOT_749_146.png,LK_CIR_MER_RAB_FOT,749,146,13,0,nan,
Image_13_LK_CIR_MER_RAB_FOT_749_156.png,LK_CIR_MER_RAB_FOT,749,156,13,1,nan,
Image_13_LK_CIR_MER_RAB_FOT_749_166.png,LK_CIR_MER_RAB_FOT,749,166,13,1,nan,
Image_13_LK_CIR_MER_RAB_FOT_749_201.png,LK_CIR_MER_RAB_FOT,749,201,13,0,nan,
Image_13_LK_CIR_MER_RAB_FOT_749_216.png,LK_CIR_MER_RAB_FOT,749,216,13,0,nan,
Image_13_LK_CIR_MER_RAB_FOT_749_221.png,LK_CIR_MER_RAB_FOT,749,221,13,0,nan,
Image_0_LK_CIR_MER_RAB_FOT_750_191.png,LK_CIR_MER_RAB_FOT,750,191,0,0,23.222887734736368,
Image_0_LK_CIR_MER_RAB_FOT_750_291.png,LK_CIR_MER_RAB_FOT,750,291,0,1,2.689036281033083,
Image_0_LK_CIR_MER_RAB_FOT_750_491.png,LK_CIR_MER_RAB_FOT,750,491,0,1,0.6041933422924131,
Image_0_LK_CIR_MER_RAB_FOT_750_591.png,LK_CIR_MER_RAB_FOT,750,591,0,0,0.6447559030562671,
Image_13_LK_CIR_MER_RAB_FOT_751_1011.png,LK_CIR_MER_RAB_FOT,751,1011,13,0,nan,
Image_13_LK_CIR_MER_RAB_FOT_751_896.png,LK_CIR_MER_RAB_FOT,751,896,13,0,0.5623174641884787,
Image_13_LK_CIR_MER_RAB_FOT_751_936.png,LK_CIR_MER_RAB_FOT,751,936,13,0,0.41640730696461803,
Image_13_LK_CIR_MER_RAB_FOT_751_946.png,LK_CIR_MER_RAB_FOT,751,946,13,0,0.4023753267166861,
Image_13_LK_CIR_MER_RAB_FOT_751_961.png,LK_CIR_MER_RAB_FOT,751,961,13,0,0.3868459359291585,
Image_13_LK_CIR_MER_RAB_FOT_751_971.png,LK_CIR_MER_RAB_FOT,751,971,13,0,0.3799787428672667,
Image_13_LK_CIR_MER_RAB_FOT_751_976.png,LK_CIR_MER_RAB_FOT,751,976,13,0,0.37964896792025077,
Image_13_LK_CIR_MER_RAB_FOT_751_991.png,LK_CIR_MER_RAB_FOT,751,991,13,0,nan,
Image_43_LK_CIR_MER_RAB_FOT_752_331.png,LK_CIR_MER_RAB_FOT,752,331,43,0,nan,
Image_43_LK_CIR_MER_RAB_FOT_752_336.png,LK_CIR_MER_RAB_FOT,752,336,43,0,nan,
Image_43_LK_CIR_MER_RAB_FOT_752_351.png,LK_CIR_MER_RAB_FOT,752,351,43,0,nan,
Image_43_LK_CIR_MER_RAB_FOT_752_371.png,LK_CIR_MER_RAB_FOT,752,371,43,0,nan,
Image_43_LK_CIR_MER_RAB_FOT_752_406.png,LK_CIR_MER_RAB_FOT,752,406,43,0,nan,
Image_43_LK_CIR_MER_RAB_FOT_752_411.png,LK_CIR_MER_RAB_FOT,752,411,43,0,nan,
Image_43_LK_CIR_MER_RAB_FOT_752_416.png,LK_CIR_MER_RAB_FOT,752,416,43,0,nan,
Image_43_LK_CIR_MER_RAB_FOT_752_436.png,LK_CIR_MER_RAB_FOT,752,436,43,0,nan,
Image_43_LK_CIR_MER_RAB_FOT_752_446.png,LK_CIR_MER_RAB_FOT,752,446,43,0,nan,
Image_43_LK_CIR_MER_RAB_FOT_752_456.png,LK_CIR_MER_RAB_FOT,752,456,43,0,nan,
Image_23_LK_CIR_MER_RAB_FOT_753_201.png,LK_CIR_MER_RAB_FOT,753,201,23,1,nan,
Image_23_LK_CIR_MER_RAB_FOT_753_206.png,LK_CIR_MER_RAB_FOT,753,206,23,0,nan,
Image_23_LK_CIR_MER_RAB_FOT_753_226.png,LK_CIR_MER_RAB_FOT,753,226,23,0,nan,
Image_23_LK_CIR_MER_RAB_FOT_753_256.png,LK_CIR_MER_RAB_FOT,753,256,23,0,nan,
Image_23_LK_CIR_MER_RAB_FOT_753_321.png,LK_CIR_MER_RAB_FOT,753,321,23,0,nan,
Image_0_LK_CIR_MER_RAB_FOT_754_191.png,LK_CIR_MER_RAB_FOT,754,191,0,0,3.9393988986146278,
Image_33_LK_CIR_MER_RAB_FOT_755_106.png,LK_CIR_MER_RAB_FOT,755,106,33,0,nan,
Image_33_LK_CIR_MER_RAB_FOT_755_221.png,LK_CIR_MER_RAB_FOT,755,221,33,0,nan,
Image_0_LK_CIR_MER_RAB_FOT_757_191.png,LK_CIR_MER_RAB_FOT,757,191,0,0,3.359549418443506,
Image_0_LK_CIR_MER_RAB_FOT_757_891.png,LK_CIR_MER_RAB_FOT,757,891,0,0,nan,
Image_0_LK_CIR_MER_RAB_FOT_758_291.png,LK_CIR_MER_RAB_FOT,758,291,0,0,4.4203095179312415,
Image_0_LK_CIR_MER_RAB_FOT_758_391.png,LK_CIR_MER_RAB_FOT,758,391,0,0,4.440106505550957,
Image_0_LK_CIR_MER_RAB_FOT_758_91.png,LK_CIR_MER_RAB_FOT,758,91,0,0,4.211536216136277,
Image_0_LK_CIR_MER_RAB_FOT_759_256.png,LK_CIR_MER_RAB_FOT,759,256,0,0,2.788363114176126,
Image_12_LK_CIR_MER_RAB_FOT_760_111.png,LK_CIR_MER_RAB_FOT,760,111,12,0,nan,
Image_12_LK_CIR_MER_RAB_FOT_760_181.png,LK_CIR_MER_RAB_FOT,760,181,12,0,nan,
Image_12_LK_CIR_MER_RAB_FOT_760_236.png,LK_CIR_MER_RAB_FOT,760,236,12,0,nan,
Image_12_LK_CIR_MER_RAB_FOT_760_241.png,LK_CIR_MER_RAB_FOT,760,241,12,0,nan,
Image_13_LK_CIR_MER_RAB_FOT_761_141.png,LK_CIR_MER_RAB_FOT,761,141,13,0,nan,
Image_13_LK_CIR_MER_RAB_FOT_761_171.png,LK_CIR_MER_RAB_FOT,761,171,13,0,nan,
Image_13_LK_CIR_MER_RAB_FOT_761_176.png,LK_CIR_MER_RAB_FOT,761,176,13,0,nan,
Image_13_LK_CIR_MER_RAB_FOT_761_181.png,LK_CIR_MER_RAB_FOT,761,181,13,0,nan,
Image_13_LK_CIR_MER_RAB_FOT_761_211.png,LK_CIR_MER_RAB_FOT,761,211,13,0,nan,
Image_13_LK_CIR_MER_RAB_FOT_761_271.png,LK_CIR_MER_RAB_FOT,761,271,13,0,nan,
Image_0_LK_CIR_MER_RAB_FOT_762_491.png,LK_CIR_MER_RAB_FOT,762,491,0,0,1.7509434333447287,
Image_0_LK_CIR_MER_RAB_FOT_763_291.png,LK_CIR_MER_RAB_FOT,763,291,0,0,26.704003180539303,
Image_0_LK_CIR_MER_RAB_FOT_764_1291.png,LK_CIR_MER_RAB_FOT,764,1291,0,0,nan,
Image_0_LK_CIR_MER_RAB_FOT_764_491.png,LK_CIR_MER_RAB_FOT,764,491,0,1,20.43451862632095,
Image_0_LK_CIR_MER_RAB_FOT_764_691.png,LK_CIR_MER_RAB_FOT,764,691,0,0,1.336572213783854,
Image_0_LK_CIR_MER_RAB_FOT_764_791.png,LK_CIR_MER_RAB_FOT,764,791,0,0,1.7425859658790506,
Image_13_LK_CIR_MER_RAB_FOT_765_826.png,LK_CIR_MER_RAB_FOT,765,826,13,0,0.7705310920585045,
Image_13_LK_CIR_MER_RAB_FOT_765_836.png,LK_CIR_MER_RAB_FOT,765,836,13,0,0.7066947608529532,
Image_13_LK_CIR_MER_RAB_FOT_765_841.png,LK_CIR_MER_RAB_FOT,765,841,13,0,0.6826522491927425,
Image_13_LK_CIR_MER_RAB_FOT_765_866.png,LK_CIR_MER_RAB_FOT,765,866,13,0,0.6063067887096026,
Image_13_LK_CIR_MER_RAB_FOT_765_901.png,LK_CIR_MER_RAB_FOT,765,901,13,0,0.571942432256924,
Image_0_LK_CIR_MER_RAB_FOT_766_621.png,LK_CIR_MER_RAB_FOT,766,621,0,0,4.386324586604537,
Image_43_LK_CIR_MER_RAB_FOT_771_226.png,LK_CIR_MER_RAB_FOT,771,226,43,0,nan,
Image_43_LK_CIR_MER_RAB_FOT_771_236.png,LK_CIR_MER_RAB_FOT,771,236,43,0,nan,
Image_43_LK_CIR_MER_RAB_FOT_771_306.png,LK_CIR_MER_RAB_FOT,771,306,43,0,nan,
Image_43_LK_CIR_MER_RAB_FOT_771_341.png,LK_CIR_MER_RAB_FOT,771,341,43,0,nan,
Image_0_LK_CIR_MER_RAB_FOT_772_291.png,LK_CIR_MER_RAB_FOT,772,291,0,0,4.71847924881732,
Image_0_LK_CIR_MER_RAB_FOT_774_401.png,LK_CIR_MER_RAB_FOT,774,401,0,0,2.5408257085806483,
Image_0_LK_CIR_MER_RAB_FOT_774_801.png,LK_CIR_MER_RAB_FOT,774,801,0,0,nan,
Image_53_LK_CIR_MER_RAB_FOT_775_376.png,LK_CIR_MER_RAB_FOT,775,376,53,0,nan,
Image_53_LK_CIR_MER_RAB_FOT_775_396.png,LK_CIR_MER_RAB_FOT,775,396,53,0,nan,
Image_53_LK_CIR_MER_RAB_FOT_775_411.png,LK_CIR_MER_RAB_FOT,775,411,53,0,nan,
Image_53_LK_CIR_MER_RAB_FOT_775_456.png,LK_CIR_MER_RAB_FOT,775,456,53,0,nan,
Image_53_LK_CIR_MER_RAB_FOT_775_461.png,LK_CIR_MER_RAB_FOT,775,461,53,0,nan,
Image_0_LK_CIR_MER_RAB_FOT_777_91.png,LK_CIR_MER_RAB_FOT,777,91,0,0,2.8193881952368347,
Image_0_LK_CIR_MER_RAB_FOT_779_391.png,LK_CIR_MER_RAB_FOT,779,391,0,0,2.2785480678204544,
Image_0_LK_CIR_MER_RAB_FOT_781_391.png,LK_CIR_MER_RAB_FOT,781,391,0,0,3.4228728885228694,
Image_0_LK_CIR_MER_RAB_FOT_782_1016.png,LK_CIR_MER_RAB_FOT,782,1016,0,0,28.68082222067116,
Image_0_LK_CIR_MER_RAB_FOT_782_1116.png,LK_CIR_MER_RAB_FOT,782,1116,0,0,3.4562448147877047,
Image_0_LK_CIR_MER_RAB_FOT_782_1416.png,LK_CIR_MER_RAB_FOT,782,1416,0,0,nan,
Image_0_LK_CIR_MER_RAB_FOT_782_1616.png,LK_CIR_MER_RAB_FOT,782,1616,0,0,nan,
Image_33_LK_CIR_MER_RAB_FOT_783_196.png,LK_CIR_MER_RAB_FOT,783,196,33,0,nan,
Image_33_LK_CIR_MER_RAB_FOT_783_221.png,LK_CIR_MER_RAB_FOT,783,221,33,0,nan,
Image_33_LK_CIR_MER_RAB_FOT_783_256.png,LK_CIR_MER_RAB_FOT,783,256,33,0,nan,
Image_33_LK_CIR_MER_RAB_FOT_783_271.png,LK_CIR_MER_RAB_FOT,783,271,33,0,nan,
Image_33_LK_CIR_MER_RAB_FOT_783_276.png,LK_CIR_MER_RAB_FOT,783,276,33,0,nan,
Image_33_LK_CIR_MER_RAB_FOT_783_281.png,LK_CIR_MER_RAB_FOT,783,281,33,0,nan,
Image_0_LK_CIR_MER_RAB_FOT_784_1086.png,LK_CIR_MER_RAB_FOT,784,1086,0,0,3.0548024935755356,
Image_0_LK_CIR_MER_RAB_FOT_784_1486.png,LK_CIR_MER_RAB_FOT,784,1486,0,0,nan,
Image_0_LK_CIR_MER_RAB_FOT_784_286.png,LK_CIR_MER_RAB_FOT,784,286,0,0,0.11433061108631293,
Image_0_LK_CIR_MER_RAB_FOT_784_386.png,LK_CIR_MER_RAB_FOT,784,386,0,0,0.00502118289175435,
Image_0_LK_CIR_MER_RAB_FOT_784_886.png,LK_CIR_MER_RAB_FOT,784,886,0,0,2.3510388434103318,
Image_0_LK_CIR_MER_RAB_FOT_784_986.png,LK_CIR_MER_RAB_FOT,784,986,0,0,2.7231503000919095,
Image_43_LK_CIR_MER_RAB_FOT_787_126.png,LK_CIR_MER_RAB_FOT,787,126,43,0,nan,
Image_43_LK_CIR_MER_RAB_FOT_787_156.png,LK_CIR_MER_RAB_FOT,787,156,43,0,nan,
Image_43_LK_CIR_MER_RAB_FOT_787_166.png,LK_CIR_MER_RAB_FOT,787,166,43,0,nan,
Image_43_LK_CIR_MER_RAB_FOT_787_186.png,LK_CIR_MER_RAB_FOT,787,186,43,0,nan,
Image_43_LK_CIR_MER_RAB_FOT_787_196.png,LK_CIR_MER_RAB_FOT,787,196,43,0,nan,
Image_43_LK_CIR_MER_RAB_FOT_787_226.png,LK_CIR_MER_RAB_FOT,787,226,43,0,nan,
Image_43_LK_CIR_MER_RAB_FOT_787_91.png,LK_CIR_MER_RAB_FOT,787,91,43,0,nan,
Image_23_LK_CIR_MER_RAB_FOT_788_126.png,LK_CIR_MER_RAB_FOT,788,126,23,0,nan,
Image_23_LK_CIR_MER_RAB_FOT_788_131.png,LK_CIR_MER_RAB_FOT,788,131,23,0,nan,
Image_23_LK_CIR_MER_RAB_FOT_788_141.png,LK_CIR_MER_RAB_FOT,788,141,23,0,nan,
Image_23_LK_CIR_MER_RAB_FOT_788_151.png,LK_CIR_MER_RAB_FOT,788,151,23,0,nan,
Image_23_LK_CIR_MER_RAB_FOT_788_156.png,LK_CIR_MER_RAB_FOT,788,156,23,0,nan,
Image_23_LK_CIR_MER_RAB_FOT_788_216.png,LK_CIR_MER_RAB_FOT,788,216,23,0,nan,
Image_23_LK_CIR_MER_RAB_FOT_788_221.png,LK_CIR_MER_RAB_FOT,788,221,23,0,nan,
Image_23_LK_CIR_MER_RAB_FOT_789_206.png,LK_CIR_MER_RAB_FOT,789,206,23,0,nan,
Image_23_LK_CIR_MER_RAB_FOT_789_221.png,LK_CIR_MER_RAB_FOT,789,221,23,1,nan,
Image_23_LK_CIR_MER_RAB_FOT_789_246.png,LK_CIR_MER_RAB_FOT,789,246,23,0,nan,
Image_23_LK_CIR_MER_RAB_FOT_789_261.png,LK_CIR_MER_RAB_FOT,789,261,23,0,nan,
Image_23_LK_CIR_MER_RAB_FOT_789_311.png,LK_CIR_MER_RAB_FOT,789,311,23,0,nan,
Image_0_LK_CIR_MER_RAB_FOT_790_391.png,LK_CIR_MER_RAB_FOT,790,391,0,1,0.5876511728797151,
Image_0_LK_CIR_MER_RAB_FOT_790_91.png,LK_CIR_MER_RAB_FOT,790,91,0,0,1.241427111106094,
Image_0_LK_CIR_MER_RAB_FOT_790_991.png,LK_CIR_MER_RAB_FOT,790,991,0,0,nan,
Image_13_LK_CIR_MER_RAB_FOT_791_481.png,LK_CIR_MER_RAB_FOT,791,481,13,0,nan,
Image_13_LK_CIR_MER_RAB_FOT_791_486.png,LK_CIR_MER_RAB_FOT,791,486,13,0,nan,
Image_13_LK_CIR_MER_RAB_FOT_791_511.png,LK_CIR_MER_RAB_FOT,791,511,13,0,nan,
Image_13_LK_CIR_MER_RAB_FOT_791_521.png,LK_CIR_MER_RAB_FOT,791,521,13,0,nan,
Image_13_LK_CIR_MER_RAB_FOT_791_531.png,LK_CIR_MER_RAB_FOT,791,531,13,0,nan,
Image_13_LK_CIR_MER_RAB_FOT_791_546.png,LK_CIR_MER_RAB_FOT,791,546,13,0,nan,
Image_13_LK_CIR_MER_RAB_FOT_791_551.png,LK_CIR_MER_RAB_FOT,791,551,13,0,nan,
Image_13_LK_CIR_MER_RAB_FOT_791_571.png,LK_CIR_MER_RAB_FOT,791,571,13,0,nan,
Image_13_LK_CIR_MER_RAB_FOT_791_576.png,LK_CIR_MER_RAB_FOT,791,576,13,0,nan,
Image_13_LK_CIR_MER_RAB_FOT_791_591.png,LK_CIR_MER_RAB_FOT,791,591,13,0,nan,
Image_13_LK_CIR_MER_RAB_FOT_791_606.png,LK_CIR_MER_RAB_FOT,791,606,13,0,nan,
Image_0_LK_CIR_MER_RAB_FOT_792_391.png,LK_CIR_MER_RAB_FOT,792,391,0,0,5.939619287534801,
Image_0_LK_CIR_MER_RAB_FOT_793_331.png,LK_CIR_MER_RAB_FOT,793,331,0,0,2.8628342495168297,
Image_53_LK_CIR_MER_RAB_FOT_794_151.png,LK_CIR_MER_RAB_FOT,794,151,53,0,nan,
Image_53_LK_CIR_MER_RAB_FOT_794_206.png,LK_CIR_MER_RAB_FOT,794,206,53,0,nan,
Image_53_LK_CIR_MER_RAB_FOT_794_216.png,LK_CIR_MER_RAB_FOT,794,216,53,0,nan,
Image_53_LK_CIR_MER_RAB_FOT_794_241.png,LK_CIR_MER_RAB_FOT,794,241,53,0,nan,
Image_53_LK_CIR_MER_RAB_FOT_794_246.png,LK_CIR_MER_RAB_FOT,794,246,53,0,nan,
Image_53_LK_CIR_MER_RAB_FOT_794_261.png,LK_CIR_MER_RAB_FOT,794,261,53,0,nan,
Image_0_LK_CIR_MER_RAB_FOT_795_491.png,LK_CIR_MER_RAB_FOT,795,491,0,0,5.590738126675321,
Image_0_LK_CIR_MER_RAB_FOT_797_396.png,LK_CIR_MER_RAB_FOT,797,396,0,0,2.6284591845577348,
Image_0_LK_CIR_MER_RAB_FOT_797_596.png,LK_CIR_MER_RAB_FOT,797,596,0,0,2.1834814906958853,
Image_0_LK_CIR_MER_RAB_FOT_797_696.png,LK_CIR_MER_RAB_FOT,797,696,0,0,2.0969422063579124,
Image_0_LK_CIR_MER_RAB_FOT_798_291.png,LK_CIR_MER_RAB_FOT,798,291,0,0,2.1286435292813466,
Image_0_LK_CIR_MER_RAB_FOT_798_491.png,LK_CIR_MER_RAB_FOT,798,491,0,0,2.518238503032159,
Image_0_LK_CIR_MER_RAB_FOT_801_391.png,LK_CIR_MER_RAB_FOT,801,391,0,0,4.8038970810214945,
Image_11_LK_CIR_MER_RAB_FOT_803_196.png,LK_CIR_MER_RAB_FOT,803,196,11,0,nan,
Image_11_LK_CIR_MER_RAB_FOT_803_261.png,LK_CIR_MER_RAB_FOT,803,261,11,0,nan,
Image_11_LK_CIR_MER_RAB_FOT_803_326.png,LK_CIR_MER_RAB_FOT,803,326,11,0,nan,
Image_0_LK_CIR_MER_RAB_FOT_807_91.png,LK_CIR_MER_RAB_FOT,807,91,0,0,1.8546180816698916,
Image_53_LK_CIR_MER_RAB_FOT_812_271.png,LK_CIR_MER_RAB_FOT,812,271,53,0,nan,
Image_53_LK_CIR_MER_RAB_FOT_812_286.png,LK_CIR_MER_RAB_FOT,812,286,53,0,nan,
Image_53_LK_CIR_MER_RAB_FOT_812_296.png,LK_CIR_MER_RAB_FOT,812,296,53,0,nan,
Image_53_LK_CIR_MER_RAB_FOT_812_336.png,LK_CIR_MER_RAB_FOT,812,336,53,0,nan,
Image_53_LK_CIR_MER_RAB_FOT_812_341.png,LK_CIR_MER_RAB_FOT,812,341,53,0,nan,
Image_53_LK_CIR_MER_RAB_FOT_812_351.png,LK_CIR_MER_RAB_FOT,812,351,53,0,nan,
Image_53_LK_CIR_MER_RAB_FOT_812_406.png,LK_CIR_MER_RAB_FOT,812,406,53,0,nan,
Image_0_LK_CIR_MER_RAB_FOT_814_291.png,LK_CIR_MER_RAB_FOT,814,291,0,0,4.50945227885093,
Image_0_LK_CIR_MER_RAB_FOT_815_91.png,LK_CIR_MER_RAB_FOT,815,91,0,0,6.848581671881364,
Image_0_LK_CIR_MER_RAB_FOT_817_191.png,LK_CIR_MER_RAB_FOT,817,191,0,1,nan,
Image_0_LK_CIR_MER_RAB_FOT_818_1991.png,LK_CIR_MER_RAB_FOT,818,1991,0,0,nan,
Image_13_LK_CIR_MER_RAB_FOT_819_146.png,LK_CIR_MER_RAB_FOT,819,146,13,0,nan,
Image_13_LK_CIR_MER_RAB_FOT_819_151.png,LK_CIR_MER_RAB_FOT,819,151,13,0,nan,
Image_13_LK_CIR_MER_RAB_FOT_819_161.png,LK_CIR_MER_RAB_FOT,819,161,13,0,nan,
Image_13_LK_CIR_MER_RAB_FOT_819_201.png,LK_CIR_MER_RAB_FOT,819,201,13,1,nan,
Image_13_LK_CIR_MER_RAB_FOT_819_211.png,LK_CIR_MER_RAB_FOT,819,211,13,1,nan,
Image_13_LK_CIR_MER_RAB_FOT_819_241.png,LK_CIR_MER_RAB_FOT,819,241,13,0,nan,
Image_13_LK_CIR_MER_RAB_FOT_819_246.png,LK_CIR_MER_RAB_FOT,819,246,13,0,nan,
Image_13_LK_CIR_MER_RAB_FOT_819_261.png,LK_CIR_MER_RAB_FOT,819,261,13,0,nan,
Image_13_LK_CIR_MER_RAB_FOT_819_266.png,LK_CIR_MER_RAB_FOT,819,266,13,0,nan,
Image_0_LK_CIR_MER_RAB_FOT_820_491.png,LK_CIR_MER_RAB_FOT,820,491,0,0,4.193826604726119,
Image_0_LK_CIR_MER_RAB_FOT_821_246.png,LK_CIR_MER_RAB_FOT,821,246,0,0,5.522839901891386,
Image_0_LK_CIR_MER_RAB_FOT_822_1126.png,LK_CIR_MER_RAB_FOT,822,1126,0,0,nan,
Image_0_LK_CIR_MER_RAB_FOT_822_326.png,LK_CIR_MER_RAB_FOT,822,326,0,1,1.8170217215765199,
Image_0_LK_CIR_MER_RAB_FOT_822_726.png,LK_CIR_MER_RAB_FOT,822,726,0,1,1.155830339407169,
Image_0_LK_CIR_MER_RAB_FOT_824_291.png,LK_CIR_MER_RAB_FOT,824,291,0,0,3.865405912125672,
Image_0_LK_CIR_MER_RAB_FOT_824_91.png,LK_CIR_MER_RAB_FOT,824,91,0,0,3.6297259175925554,
Image_0_LK_CIR_MER_RAB_FOT_825_291.png,LK_CIR_MER_RAB_FOT,825,291,0,0,4.046674475521187,
Image_0_LK_CIR_MER_RAB_FOT_826_391.png,LK_CIR_MER_RAB_FOT,826,391,0,0,5.039347268273609,
Image_0_LK_CIR_MER_RAB_FOT_827_291.png,LK_CIR_MER_RAB_FOT,827,291,0,0,2.441441989226429,
Image_0_LK_CIR_MER_RAB_FOT_829_291.png,LK_CIR_MER_RAB_FOT,829,291,0,0,0.9569929760038338,
Image_0_LK_CIR_MER_RAB_FOT_829_891.png,LK_CIR_MER_RAB_FOT,829,891,0,1,2.8509704312362634,
Image_0_LK_CIR_MER_RAB_FOT_829_991.png,LK_CIR_MER_RAB_FOT,829,991,0,0,3.22904762485147,
Image_12_LK_CIR_MER_RAB_FOT_830_116.png,LK_CIR_MER_RAB_FOT,830,116,12,0,nan,
Image_12_LK_CIR_MER_RAB_FOT_830_131.png,LK_CIR_MER_RAB_FOT,830,131,12,0,nan,
Image_12_LK_CIR_MER_RAB_FOT_830_186.png,LK_CIR_MER_RAB_FOT,830,186,12,0,nan,
Image_12_LK_CIR_MER_RAB_FOT_830_221.png,LK_CIR_MER_RAB_FOT,830,221,12,0,nan,
Image_12_LK_CIR_MER_RAB_FOT_830_226.png,LK_CIR_MER_RAB_FOT,830,226,12,0,nan,
Image_0_LK_CIR_MER_RAB_FOT_831_191.png,LK_CIR_MER_RAB_FOT,831,191,0,0,2.8233770449495474,
Image_0_LK_CIR_MER_RAB_FOT_831_91.png,LK_CIR_MER_RAB_FOT,831,91,0,0,2.8758148463240056,
Image_53_LK_CIR_MER_RAB_FOT_833_246.png,LK_CIR_MER_RAB_FOT,833,246,53,0,nan,
Image_53_LK_CIR_MER_RAB_FOT_833_286.png,LK_CIR_MER_RAB_FOT,833,286,53,0,nan,
Image_53_LK_CIR_MER_RAB_FOT_833_301.png,LK_CIR_MER_RAB_FOT,833,301,53,0,nan,
Image_53_LK_CIR_MER_RAB_FOT_833_346.png,LK_CIR_MER_RAB_FOT,833,346,53,0,nan,
Image_53_LK_CIR_MER_RAB_FOT_833_356.png,LK_CIR_MER_RAB_FOT,833,356,53,0,nan,
Image_53_LK_CIR_MER_RAB_FOT_833_371.png,LK_CIR_MER_RAB_FOT,833,371,53,0,nan,
Image_53_LK_CIR_MER_RAB_FOT_833_376.png,LK_CIR_MER_RAB_FOT,833,376,53,0,nan,
Image_0_LK_CIR_MER_RAB_FOT_835_591.png,LK_CIR_MER_RAB_FOT,835,591,0,0,0.6270210169297492,
Image_0_LK_CIR_MER_RAB_FOT_835_91.png,LK_CIR_MER_RAB_FOT,835,91,0,0,7.25560989955909e-06,
Image_0_LK_CIR_MER_RAB_FOT_836_1301.png,LK_CIR_MER_RAB_FOT,836,1301,0,0,nan,
Image_0_LK_CIR_MER_RAB_FOT_836_1501.png,LK_CIR_MER_RAB_FOT,836,1501,0,0,nan,
Image_0_LK_CIR_MER_RAB_FOT_836_401.png,LK_CIR_MER_RAB_FOT,836,401,0,1,1.6605618335386474,
Image_0_LK_CIR_MER_RAB_FOT_836_601.png,LK_CIR_MER_RAB_FOT,836,601,0,1,2.231478226319909,
Image_0_LK_CIR_MER_RAB_FOT_836_801.png,LK_CIR_MER_RAB_FOT,836,801,0,1,2.8592705187856025,
Image_0_LK_CIR_MER_RAB_FOT_838_591.png,LK_CIR_MER_RAB_FOT,838,591,0,0,2.8682424400922,
Image_0_LK_CIR_MER_RAB_FOT_839_291.png,LK_CIR_MER_RAB_FOT,839,291,0,0,1.4344587581534303,
Image_0_LK_CIR_MER_RAB_FOT_839_591.png,LK_CIR_MER_RAB_FOT,839,591,0,0,1.6668421277858212,
Image_53_LK_CIR_MER_RAB_FOT_840_281.png,LK_CIR_MER_RAB_FOT,840,281,53,0,nan,
Image_53_LK_CIR_MER_RAB_FOT_840_286.png,LK_CIR_MER_RAB_FOT,840,286,53,0,nan,
Image_53_LK_CIR_MER_RAB_FOT_840_291.png,LK_CIR_MER_RAB_FOT,840,291,53,0,nan,
Image_53_LK_CIR_MER_RAB_FOT_840_371.png,LK_CIR_MER_RAB_FOT,840,371,53,0,nan,
Image_53_LK_CIR_MER_RAB_FOT_840_426.png,LK_CIR_MER_RAB_FOT,840,426,53,0,nan,
Image_0_LK_CIR_MER_RAB_FOT_841_991.png,LK_CIR_MER_RAB_FOT,841,991,0,0,nan,
Image_23_LK_CIR_MER_RAB_FOT_842_221.png,LK_CIR_MER_RAB_FOT,842,221,23,1,nan,
Image_23_LK_CIR_MER_RAB_FOT_842_261.png,LK_CIR_MER_RAB_FOT,842,261,23,0,nan,
Image_23_LK_CIR_MER_RAB_FOT_842_331.png,LK_CIR_MER_RAB_FOT,842,331,23,0,nan,
Image_0_LK_CIR_MER_RAB_FOT_844_391.png,LK_CIR_MER_RAB_FOT,844,391,0,0,4.514448018580308,
Image_0_LK_CIR_MER_RAB_FOT_845_906.png,LK_CIR_MER_RAB_FOT,845,906,0,0,3.2070572231758865,
Image_0_LK_CIR_MER_RAB_FOT_847_1021.png,LK_CIR_MER_RAB_FOT,847,1021,0,0,nan,
Image_0_LK_CIR_MER_RAB_FOT_848_391.png,LK_CIR_MER_RAB_FOT,848,391,0,0,2.404796653302121,
Image_0_LK_CIR_MER_RAB_FOT_849_1696.png,LK_CIR_MER_RAB_FOT,849,1696,0,0,nan,
Image_0_LK_CIR_MER_RAB_FOT_851_391.png,LK_CIR_MER_RAB_FOT,851,391,0,0,3.305366182728676,
Image_0_LK_CIR_MER_RAB_FOT_852_1126.png,LK_CIR_MER_RAB_FOT,852,1126,0,0,2.3932985196128467,
Image_0_LK_CIR_MER_RAB_FOT_852_926.png,LK_CIR_MER_RAB_FOT,852,926,0,0,2.4049761617929803,
Image_23_LK_CIR_MER_RAB_FOT_853_136.png,LK_CIR_MER_RAB_FOT,853,136,23,0,nan,
Image_23_LK_CIR_MER_RAB_FOT_853_176.png,LK_CIR_MER_RAB_FOT,853,176,23,0,nan,
Image_23_LK_CIR_MER_RAB_FOT_853_201.png,LK_CIR_MER_RAB_FOT,853,201,23,0,nan,
Image_23_LK_CIR_MER_RAB_FOT_853_216.png,LK_CIR_MER_RAB_FOT,853,216,23,0,nan,
Image_23_LK_CIR_MER_RAB_FOT_853_221.png,LK_CIR_MER_RAB_FOT,853,221,23,0,nan,
Image_23_LK_CIR_MER_RAB_FOT_853_231.png,LK_CIR_MER_RAB_FOT,853,231,23,0,nan,
Image_0_LK_CIR_MER_RAB_FOT_854_391.png,LK_CIR_MER_RAB_FOT,854,391,0,0,1.7707090164104677,
Image_0_LK_CIR_MER_RAB_FOT_856_291.png,LK_CIR_MER_RAB_FOT,856,291,0,0,4.6945956947002445,
Image_0_LK_CIR_MER_RAB_FOT_856_391.png,LK_CIR_MER_RAB_FOT,856,391,0,0,4.792965323361815,
Image_43_LK_CIR_MER_RAB_FOT_857_376.png,LK_CIR_MER_RAB_FOT,857,376,43,0,nan,
Image_43_LK_CIR_MER_RAB_FOT_857_411.png,LK_CIR_MER_RAB_FOT,857,411,43,0,nan,
Image_43_LK_CIR_MER_RAB_FOT_857_416.png,LK_CIR_MER_RAB_FOT,857,416,43,0,nan,
Image_43_LK_CIR_MER_RAB_FOT_857_421.png,LK_CIR_MER_RAB_FOT,857,421,43,0,nan,
Image_0_LK_CIR_MER_RAB_FOT_858_191.png,LK_CIR_MER_RAB_FOT,858,191,0,0,1.7673984175838253,
Image_0_LK_CIR_MER_RAB_FOT_858_291.png,LK_CIR_MER_RAB_FOT,858,291,0,0,1.592445028650156,
Image_0_LK_CIR_MER_RAB_FOT_858_491.png,LK_CIR_MER_RAB_FOT,858,491,0,0,1.8669236083149459,
Image_33_LK_CIR_MER_RAB_FOT_859_161.png,LK_CIR_MER_RAB_FOT,859,161,33,1,nan,
Image_33_LK_CIR_MER_RAB_FOT_859_206.png,LK_CIR_MER_RAB_FOT,859,206,33,0,nan,
Image_33_LK_CIR_MER_RAB_FOT_859_216.png,LK_CIR_MER_RAB_FOT,859,216,33,0,nan,
Image_33_LK_CIR_MER_RAB_FOT_859_261.png,LK_CIR_MER_RAB_FOT,859,261,33,0,nan,
Image_33_LK_CIR_MER_RAB_FOT_859_276.png,LK_CIR_MER_RAB_FOT,859,276,33,0,nan,
Image_33_LK_CIR_MER_RAB_FOT_859_281.png,LK_CIR_MER_RAB_FOT,859,281,33,0,nan,
Image_33_LK_CIR_MER_RAB_FOT_859_286.png,LK_CIR_MER_RAB_FOT,859,286,33,0,nan,
Image_33_LK_CIR_MER_RAB_FOT_861_206.png,LK_CIR_MER_RAB_FOT,861,206,33,0,nan,
Image_33_LK_CIR_MER_RAB_FOT_861_221.png,LK_CIR_MER_RAB_FOT,861,221,33,0,nan,
Image_33_LK_CIR_MER_RAB_FOT_861_271.png,LK_CIR_MER_RAB_FOT,861,271,33,0,nan,
Image_33_LK_CIR_MER_RAB_FOT_861_286.png,LK_CIR_MER_RAB_FOT,861,286,33,0,nan,
Image_33_LK_CIR_MER_RAB_FOT_861_306.png,LK_CIR_MER_RAB_FOT,861,306,33,0,nan,
Image_33_LK_CIR_MER_RAB_FOT_861_311.png,LK_CIR_MER_RAB_FOT,861,311,33,0,nan,
Image_33_LK_CIR_MER_RAB_FOT_861_316.png,LK_CIR_MER_RAB_FOT,861,316,33,0,nan,
Image_0_LK_CIR_MER_RAB_FOT_862_1221.png,LK_CIR_MER_RAB_FOT,862,1221,0,0,2.429856339481081,
Image_0_LK_CIR_MER_RAB_FOT_862_1621.png,LK_CIR_MER_RAB_FOT,862,1621,0,0,1.7346239919355528,
Image_0_LK_CIR_MER_RAB_FOT_862_621.png,LK_CIR_MER_RAB_FOT,862,621,0,0,0.012703180600805997,
Image_0_LK_CIR_MER_RAB_FOT_862_921.png,LK_CIR_MER_RAB_FOT,862,921,0,0,0.014161697068164614,
Image_33_LK_CIR_MER_RAB_FOT_865_316.png,LK_CIR_MER_RAB_FOT,865,316,33,0,nan,
Image_33_LK_CIR_MER_RAB_FOT_865_356.png,LK_CIR_MER_RAB_FOT,865,356,33,0,nan,
Image_33_LK_CIR_MER_RAB_FOT_865_361.png,LK_CIR_MER_RAB_FOT,865,361,33,0,nan,
Image_33_LK_CIR_MER_RAB_FOT_865_386.png,LK_CIR_MER_RAB_FOT,865,386,33,0,nan,
Image_33_LK_CIR_MER_RAB_FOT_865_406.png,LK_CIR_MER_RAB_FOT,865,406,33,0,nan,
Image_33_LK_CIR_MER_RAB_FOT_865_431.png,LK_CIR_MER_RAB_FOT,865,431,33,0,nan,
Image_33_LK_CIR_MER_RAB_FOT_865_446.png,LK_CIR_MER_RAB_FOT,865,446,33,0,nan,
Image_23_LK_CIR_MER_RAB_FOT_866_291.png,LK_CIR_MER_RAB_FOT,866,291,23,0,nan,
Image_23_LK_CIR_MER_RAB_FOT_866_316.png,LK_CIR_MER_RAB_FOT,866,316,23,0,nan,
Image_23_LK_CIR_MER_RAB_FOT_866_326.png,LK_CIR_MER_RAB_FOT,866,326,23,0,nan,
Image_23_LK_CIR_MER_RAB_FOT_866_336.png,LK_CIR_MER_RAB_FOT,866,336,23,0,nan,
Image_23_LK_CIR_MER_RAB_FOT_866_356.png,LK_CIR_MER_RAB_FOT,866,356,23,0,nan,
Image_23_LK_CIR_MER_RAB_FOT_866_381.png,LK_CIR_MER_RAB_FOT,866,381,23,0,nan,
Image_13_LK_CIR_MER_RAB_FOT_867_306.png,LK_CIR_MER_RAB_FOT,867,306,13,0,nan,
Image_13_LK_CIR_MER_RAB_FOT_867_316.png,LK_CIR_MER_RAB_FOT,867,316,13,0,nan,
Image_13_LK_CIR_MER_RAB_FOT_867_351.png,LK_CIR_MER_RAB_FOT,867,351,13,0,nan,
Image_13_LK_CIR_MER_RAB_FOT_867_371.png,LK_CIR_MER_RAB_FOT,867,371,13,0,nan,
Image_13_LK_CIR_MER_RAB_FOT_867_386.png,LK_CIR_MER_RAB_FOT,867,386,13,0,nan,
Image_0_LK_CIR_MER_RAB_FOT_869_191.png,LK_CIR_MER_RAB_FOT,869,191,0,0,1.6369825120661934,
Image_0_LK_CIR_MER_RAB_FOT_870_191.png,LK_CIR_MER_RAB_FOT,870,191,0,0,4.075503544926285,
Image_0_LK_CIR_MER_RAB_FOT_871_91.png,LK_CIR_MER_RAB_FOT,871,91,0,0,4.9922957788211715,
Image_0_LK_CIR_MER_RAB_FOT_872_291.png,LK_CIR_MER_RAB_FOT,872,291,0,0,3.8338372455404834,
Image_0_LK_CIR_MER_RAB_FOT_872_91.png,LK_CIR_MER_RAB_FOT,872,91,0,0,3.655453717055689,
Image_0_LK_CIR_MER_RAB_FOT_874_291.png,LK_CIR_MER_RAB_FOT,874,291,0,0,3.033015372616624,
Image_43_LK_CIR_MER_RAB_FOT_875_371.png,LK_CIR_MER_RAB_FOT,875,371,43,0,nan,
Image_43_LK_CIR_MER_RAB_FOT_875_406.png,LK_CIR_MER_RAB_FOT,875,406,43,0,nan,
Image_43_LK_CIR_MER_RAB_FOT_875_441.png,LK_CIR_MER_RAB_FOT,875,441,43,0,nan,
Image_43_LK_CIR_MER_RAB_FOT_875_451.png,LK_CIR_MER_RAB_FOT,875,451,43,0,nan,
Image_43_LK_CIR_MER_RAB_FOT_875_461.png,LK_CIR_MER_RAB_FOT,875,461,43,0,nan,
Image_43_LK_CIR_MER_RAB_FOT_875_501.png,LK_CIR_MER_RAB_FOT,875,501,43,0,nan,
Image_33_LK_CIR_MER_RAB_FOT_876_286.png,LK_CIR_MER_RAB_FOT,876,286,33,0,nan,
Image_33_LK_CIR_MER_RAB_FOT_876_291.png,LK_CIR_MER_RAB_FOT,876,291,33,0,nan,
Image_33_LK_CIR_MER_RAB_FOT_876_311.png,LK_CIR_MER_RAB_FOT,876,311,33,0,nan,
Image_33_LK_CIR_MER_RAB_FOT_876_361.png,LK_CIR_MER_RAB_FOT,876,361,33,0,nan,
Image_33_LK_CIR_MER_RAB_FOT_876_366.png,LK_CIR_MER_RAB_FOT,876,366,33,0,nan,
Image_33_LK_CIR_MER_RAB_FOT_876_386.png,LK_CIR_MER_RAB_FOT,876,386,33,0,nan,
Image_33_LK_CIR_MER_RAB_FOT_876_396.png,LK_CIR_MER_RAB_FOT,876,396,33,0,nan,
Image_33_LK_CIR_MER_RAB_FOT_876_401.png,LK_CIR_MER_RAB_FOT,876,401,33,0,nan,
Image_33_LK_CIR_MER_RAB_FOT_876_406.png,LK_CIR_MER_RAB_FOT,876,406,33,0,nan,
Image_33_LK_CIR_MER_RAB_FOT_876_416.png,LK_CIR_MER_RAB_FOT,876,416,33,0,nan,
Image_53_LK_CIR_MER_RAB_FOT_877_401.png,LK_CIR_MER_RAB_FOT,877,401,53,0,nan,
Image_53_LK_CIR_MER_RAB_FOT_877_411.png,LK_CIR_MER_RAB_FOT,877,411,53,0,nan,
Image_53_LK_CIR_MER_RAB_FOT_877_451.png,LK_CIR_MER_RAB_FOT,877,451,53,0,nan,
Image_53_LK_CIR_MER_RAB_FOT_877_511.png,LK_CIR_MER_RAB_FOT,877,511,53,0,nan,
Image_0_LK_CIR_MER_RAB_FOT_878_501.png,LK_CIR_MER_RAB_FOT,878,501,0,0,2.8663713024015176,
Image_0_LK_CIR_MER_RAB_FOT_879_91.png,LK_CIR_MER_RAB_FOT,879,91,0,0,4.968564646603511,
Image_0_LK_CIR_MER_RAB_FOT_880_391.png,LK_CIR_MER_RAB_FOT,880,391,0,0,0.7464886322485453,
Image_0_LK_CIR_MER_RAB_FOT_880_491.png,LK_CIR_MER_RAB_FOT,880,491,0,0,0.5736636966835587,
Image_0_LK_CIR_MER_RAB_FOT_880_991.png,LK_CIR_MER_RAB_FOT,880,991,0,0,nan,
Image_0_LK_CIR_MER_RAB_FOT_881_761.png,LK_CIR_MER_RAB_FOT,881,761,0,1,0.11749608006231904,
Image_0_LK_CIR_MER_RAB_FOT_882_291.png,LK_CIR_MER_RAB_FOT,882,291,0,0,1.0885437397162439,
Image_0_LK_CIR_MER_RAB_FOT_882_391.png,LK_CIR_MER_RAB_FOT,882,391,0,0,1.1681484212401387,
Image_0_LK_CIR_MER_RAB_FOT_883_291.png,LK_CIR_MER_RAB_FOT,883,291,0,0,4.378320153434382,
Image_0_LK_CIR_MER_RAB_FOT_886_191.png,LK_CIR_MER_RAB_FOT,886,191,0,0,3.701117384836217,
Image_23_LK_CIR_MER_RAB_FOT_887_231.png,LK_CIR_MER_RAB_FOT,887,231,23,0,nan,
Image_23_LK_CIR_MER_RAB_FOT_887_266.png,LK_CIR_MER_RAB_FOT,887,266,23,0,nan,
Image_23_LK_CIR_MER_RAB_FOT_887_291.png,LK_CIR_MER_RAB_FOT,887,291,23,0,nan,
Image_23_LK_CIR_MER_RAB_FOT_887_331.png,LK_CIR_MER_RAB_FOT,887,331,23,0,nan,
Image_23_LK_CIR_MER_RAB_FOT_887_341.png,LK_CIR_MER_RAB_FOT,887,341,23,0,nan,
Image_0_LK_CIR_MER_RAB_FOT_888_391.png,LK_CIR_MER_RAB_FOT,888,391,0,0,4.202587352625247,
Image_0_LK_CIR_MER_RAB_FOT_888_91.png,LK_CIR_MER_RAB_FOT,888,91,0,0,3.955621549255828,
Image_53_LK_CIR_MER_RAB_FOT_889_151.png,LK_CIR_MER_RAB_FOT,889,151,53,0,nan,
Image_53_LK_CIR_MER_RAB_FOT_889_171.png,LK_CIR_MER_RAB_FOT,889,171,53,0,nan,
Image_53_LK_CIR_MER_RAB_FOT_889_186.png,LK_CIR_MER_RAB_FOT,889,186,53,0,nan,
Image_53_LK_CIR_MER_RAB_FOT_889_236.png,LK_CIR_MER_RAB_FOT,889,236,53,0,nan,
Image_53_LK_CIR_MER_RAB_FOT_889_266.png,LK_CIR_MER_RAB_FOT,889,266,53,0,nan,
Image_53_LK_CIR_MER_RAB_FOT_889_271.png,LK_CIR_MER_RAB_FOT,889,271,53,0,nan,
Image_53_LK_CIR_MER_RAB_FOT_889_286.png,LK_CIR_MER_RAB_FOT,889,286,53,0,nan,
Image_53_LK_CIR_MER_RAB_FOT_889_291.png,LK_CIR_MER_RAB_FOT,889,291,53,0,nan,
Image_0_LK_CIR_MER_RAB_FOT_890_891.png,LK_CIR_MER_RAB_FOT,890,891,0,0,2.169062612455496,
Image_0_LK_CIR_MER_RAB_FOT_890_91.png,LK_CIR_MER_RAB_FOT,890,91,0,0,0.8512120765279949,
Image_0_LK_CIR_MER_RAB_FOT_891_191.png,LK_CIR_MER_RAB_FOT,891,191,0,0,2.424713310121394,
Image_0_LK_CIR_MER_RAB_FOT_891_291.png,LK_CIR_MER_RAB_FOT,891,291,0,0,1.9504261030226866,
Image_0_LK_CIR_MER_RAB_FOT_891_391.png,LK_CIR_MER_RAB_FOT,891,391,0,0,2.1017292391402433,
Image_33_LK_CIR_MER_RAB_FOT_893_171.png,LK_CIR_MER_RAB_FOT,893,171,33,0,nan,
Image_33_LK_CIR_MER_RAB_FOT_893_201.png,LK_CIR_MER_RAB_FOT,893,201,33,1,nan,
Image_33_LK_CIR_MER_RAB_FOT_893_206.png,LK_CIR_MER_RAB_FOT,893,206,33,0,nan,
Image_33_LK_CIR_MER_RAB_FOT_893_241.png,LK_CIR_MER_RAB_FOT,893,241,33,0,nan,
Image_33_LK_CIR_MER_RAB_FOT_893_271.png,LK_CIR_MER_RAB_FOT,893,271,33,0,nan,
Image_33_LK_CIR_MER_RAB_FOT_893_286.png,LK_CIR_MER_RAB_FOT,893,286,33,0,nan,
Image_33_LK_CIR_MER_RAB_FOT_893_306.png,LK_CIR_MER_RAB_FOT,893,306,33,0,nan,
Image_53_LK_CIR_MER_RAB_FOT_894_336.png,LK_CIR_MER_RAB_FOT,894,336,53,0,nan,
Image_53_LK_CIR_MER_RAB_FOT_894_341.png,LK_CIR_MER_RAB_FOT,894,341,53,0,nan,
Image_53_LK_CIR_MER_RAB_FOT_894_361.png,LK_CIR_MER_RAB_FOT,894,361,53,0,nan,
Image_53_LK_CIR_MER_RAB_FOT_894_376.png,LK_CIR_MER_RAB_FOT,894,376,53,0,nan,
Image_53_LK_CIR_MER_RAB_FOT_894_406.png,LK_CIR_MER_RAB_FOT,894,406,53,0,nan,
Image_53_LK_CIR_MER_RAB_FOT_894_436.png,LK_CIR_MER_RAB_FOT,894,436,53,0,nan,
Image_0_LK_CIR_MER_RAB_FOT_895_1991.png,LK_CIR_MER_RAB_FOT,895,1991,0,0,nan,
Image_0_LK_CIR_MER_RAB_FOT_895_591.png,LK_CIR_MER_RAB_FOT,895,591,0,0,2.9677435046664646,
Image_0_LK_CIR_MER_RAB_FOT_895_891.png,LK_CIR_MER_RAB_FOT,895,891,0,0,nan,
Image_12_LK_CIR_MER_RAB_FOT_896_1341.png,LK_CIR_MER_RAB_FOT,896,1341,12,0,1.1704252255256473,
Image_12_LK_CIR_MER_RAB_FOT_896_1361.png,LK_CIR_MER_RAB_FOT,896,1361,12,0,0.8699150535083424,
Image_12_LK_CIR_MER_RAB_FOT_896_1391.png,LK_CIR_MER_RAB_FOT,896,1391,12,0,nan,
Image_12_LK_CIR_MER_RAB_FOT_896_1431.png,LK_CIR_MER_RAB_FOT,896,1431,12,0,nan,
Image_12_LK_CIR_MER_RAB_FOT_896_1436.png,LK_CIR_MER_RAB_FOT,896,1436,12,0,nan,
Image_12_LK_CIR_MER_RAB_FOT_896_1441.png,LK_CIR_MER_RAB_FOT,896,1441,12,0,nan,
Image_53_LK_CIR_MER_RAB_FOT_897_306.png,LK_CIR_MER_RAB_FOT,897,306,53,0,nan,
Image_53_LK_CIR_MER_RAB_FOT_897_331.png,LK_CIR_MER_RAB_FOT,897,331,53,0,nan,
Image_53_LK_CIR_MER_RAB_FOT_897_341.png,LK_CIR_MER_RAB_FOT,897,341,53,0,nan,
Image_53_LK_CIR_MER_RAB_FOT_897_351.png,LK_CIR_MER_RAB_FOT,897,351,53,0,nan,
Image_0_LK_CIR_MER_RAB_FOT_900_391.png,LK_CIR_MER_RAB_FOT,900,391,0,0,5.928691552351271,
Image_0_LK_CIR_MER_RAB_FOT_902_1091.png,LK_CIR_MER_RAB_FOT,902,1091,0,1,2.407394811409573,
Image_0_LK_CIR_MER_RAB_FOT_902_1191.png,LK_CIR_MER_RAB_FOT,902,1191,0,1,2.6730008948873847,
Image_0_LK_CIR_MER_RAB_FOT_902_1291.png,LK_CIR_MER_RAB_FOT,902,1291,0,1,2.895735773986382,
Image_0_LK_CIR_MER_RAB_FOT_902_191.png,LK_CIR_MER_RAB_FOT,902,191,0,0,0.00044761266995507754,
Image_0_LK_CIR_MER_RAB_FOT_902_291.png,LK_CIR_MER_RAB_FOT,902,291,0,0,0.26380750164527456,
Image_0_LK_CIR_MER_RAB_FOT_902_491.png,LK_CIR_MER_RAB_FOT,902,491,0,0,0.385417673616993,
Image_0_LK_CIR_MER_RAB_FOT_902_691.png,LK_CIR_MER_RAB_FOT,902,691,0,0,2.7630836997006094,
Image_0_LK_CIR_MER_RAB_FOT_904_291.png,LK_CIR_MER_RAB_FOT,904,291,0,0,1.2616309536036552,
Image_0_LK_CIR_MER_RAB_FOT_905_591.png,LK_CIR_MER_RAB_FOT,905,591,0,0,1.756816033707363,
Image_0_LK_CIR_MER_RAB_FOT_905_891.png,LK_CIR_MER_RAB_FOT,905,891,0,0,nan,
Image_43_LK_CIR_MER_RAB_FOT_906_246.png,LK_CIR_MER_RAB_FOT,906,246,43,0,nan,
Image_43_LK_CIR_MER_RAB_FOT_906_251.png,LK_CIR_MER_RAB_FOT,906,251,43,0,nan,
Image_43_LK_CIR_MER_RAB_FOT_906_271.png,LK_CIR_MER_RAB_FOT,906,271,43,0,nan,
Image_43_LK_CIR_MER_RAB_FOT_906_281.png,LK_CIR_MER_RAB_FOT,906,281,43,0,nan,
Image_43_LK_CIR_MER_RAB_FOT_906_286.png,LK_CIR_MER_RAB_FOT,906,286,43,0,nan,
Image_43_LK_CIR_MER_RAB_FOT_906_296.png,LK_CIR_MER_RAB_FOT,906,296,43,0,nan,
Image_43_LK_CIR_MER_RAB_FOT_906_331.png,LK_CIR_MER_RAB_FOT,906,331,43,0,nan,
Image_0_LK_CIR_MER_RAB_FOT_907_91.png,LK_CIR_MER_RAB_FOT,907,91,0,0,4.667556659336606,
Image_0_LK_CIR_MER_RAB_FOT_909_396.png,LK_CIR_MER_RAB_FOT,909,396,0,0,4.709194998739116,
Image_0_LK_CIR_MER_RAB_FOT_909_496.png,LK_CIR_MER_RAB_FOT,909,496,0,0,4.8171501863439525,
Image_0_LK_CIR_MER_RAB_FOT_910_191.png,LK_CIR_MER_RAB_FOT,910,191,0,0,4.849694763324462,
Image_0_LK_CIR_MER_RAB_FOT_910_291.png,LK_CIR_MER_RAB_FOT,910,291,0,0,4.815007695841806,
Image_0_LK_CIR_MER_RAB_FOT_911_271.png,LK_CIR_MER_RAB_FOT,911,271,0,0,2.0923309163365804,
Image_0_LK_CIR_MER_RAB_FOT_913_591.png,LK_CIR_MER_RAB_FOT,913,591,0,0,nan,
Image_0_LK_CIR_MER_RAB_FOT_915_191.png,LK_CIR_MER_RAB_FOT,915,191,0,0,1.95263557389766,
Image_0_LK_CIR_MER_RAB_FOT_916_1691.png,LK_CIR_MER_RAB_FOT,916,1691,0,0,nan,
Image_0_LK_CIR_MER_RAB_FOT_916_191.png,LK_CIR_MER_RAB_FOT,916,191,0,0,2.157263441826941,
Image_0_LK_CIR_MER_RAB_FOT_918_336.png,LK_CIR_MER_RAB_FOT,918,336,0,0,1.9133827158857086,
Image_0_LK_CIR_MER_RAB_FOT_918_536.png,LK_CIR_MER_RAB_FOT,918,536,0,0,2.0446177876160436,
Image_0_LK_CIR_MER_RAB_FOT_918_736.png,LK_CIR_MER_RAB_FOT,918,736,0,0,2.2302037274801245,
Image_53_LK_CIR_MER_RAB_FOT_919_356.png,LK_CIR_MER_RAB_FOT,919,356,53,0,nan,
Image_53_LK_CIR_MER_RAB_FOT_919_396.png,LK_CIR_MER_RAB_FOT,919,396,53,0,nan,
Image_53_LK_CIR_MER_RAB_FOT_919_406.png,LK_CIR_MER_RAB_FOT,919,406,53,0,nan,
Image_53_LK_CIR_MER_RAB_FOT_919_421.png,LK_CIR_MER_RAB_FOT,919,421,53,0,nan,
Image_53_LK_CIR_MER_RAB_FOT_919_426.png,LK_CIR_MER_RAB_FOT,919,426,53,0,nan,
Image_53_LK_CIR_MER_RAB_FOT_919_466.png,LK_CIR_MER_RAB_FOT,919,466,53,0,nan,
Image_0_LK_CIR_MER_RAB_FOT_920_1676.png,LK_CIR_MER_RAB_FOT,920,1676,0,0,nan,
Image_0_LK_CIR_MER_RAB_FOT_920_176.png,LK_CIR_MER_RAB_FOT,920,176,0,0,2.363780885891294,
Image_0_LK_CIR_MER_RAB_FOT_921_391.png,LK_CIR_MER_RAB_FOT,921,391,0,0,3.9122931471566385,
Image_0_LK_CIR_MER_RAB_FOT_921_591.png,LK_CIR_MER_RAB_FOT,921,591,0,0,4.287038968011431,
Image_0_LK_CIR_MER_RAB_FOT_921_91.png,LK_CIR_MER_RAB_FOT,921,91,0,0,3.5045864289802875,
Image_0_LK_CIR_MER_RAB_FOT_922_416.png,LK_CIR_MER_RAB_FOT,922,416,0,0,2.4943313874657798,
Image_0_LK_CIR_MER_RAB_FOT_922_516.png,LK_CIR_MER_RAB_FOT,922,516,0,0,2.5690869343452083,
Image_0_LK_CIR_MER_RAB_FOT_922_716.png,LK_CIR_MER_RAB_FOT,922,716,0,0,1.2930707049645385,
Image_0_LK_CIR_MER_RAB_FOT_922_816.png,LK_CIR_MER_RAB_FOT,922,816,0,0,1.6103628093187181,
Image_43_LK_CIR_MER_RAB_FOT_924_391.png,LK_CIR_MER_RAB_FOT,924,391,43,0,nan,
Image_43_LK_CIR_MER_RAB_FOT_924_411.png,LK_CIR_MER_RAB_FOT,924,411,43,0,nan,
Image_43_LK_CIR_MER_RAB_FOT_924_416.png,LK_CIR_MER_RAB_FOT,924,416,43,0,nan,
Image_43_LK_CIR_MER_RAB_FOT_924_436.png,LK_CIR_MER_RAB_FOT,924,436,43,0,nan,
Image_43_LK_CIR_MER_RAB_FOT_924_441.png,LK_CIR_MER_RAB_FOT,924,441,43,0,nan,
Image_43_LK_CIR_MER_RAB_FOT_924_456.png,LK_CIR_MER_RAB_FOT,924,456,43,0,nan,
Image_43_LK_CIR_MER_RAB_FOT_924_466.png,LK_CIR_MER_RAB_FOT,924,466,43,0,nan,
Image_43_LK_CIR_MER_RAB_FOT_924_486.png,LK_CIR_MER_RAB_FOT,924,486,43,0,nan,
Image_43_LK_CIR_MER_RAB_FOT_924_496.png,LK_CIR_MER_RAB_FOT,924,496,43,0,nan,
Image_53_LK_CIR_MER_RAB_FOT_925_211.png,LK_CIR_MER_RAB_FOT,925,211,53,0,nan,
Image_53_LK_CIR_MER_RAB_FOT_925_261.png,LK_CIR_MER_RAB_FOT,925,261,53,0,nan,
Image_53_LK_CIR_MER_RAB_FOT_925_301.png,LK_CIR_MER_RAB_FOT,925,301,53,0,nan,
Image_53_LK_CIR_MER_RAB_FOT_925_331.png,LK_CIR_MER_RAB_FOT,925,331,53,0,nan,
Image_0_LK_CIR_MER_RAB_FOT_927_191.png,LK_CIR_MER_RAB_FOT,927,191,0,0,2.415835430420779,
Image_0_LK_CIR_MER_RAB_FOT_928_121.png,LK_CIR_MER_RAB_FOT,928,121,0,0,1.9525604456129892,
Image_0_LK_CIR_MER_RAB_FOT_928_221.png,LK_CIR_MER_RAB_FOT,928,221,0,0,2.132754182227496,
Image_33_LK_CIR_MER_RAB_FOT_930_331.png,LK_CIR_MER_RAB_FOT,930,331,33,0,nan,
Image_33_LK_CIR_MER_RAB_FOT_930_411.png,LK_CIR_MER_RAB_FOT,930,411,33,0,nan,
Image_33_LK_CIR_MER_RAB_FOT_930_421.png,LK_CIR_MER_RAB_FOT,930,421,33,0,nan,
Image_33_LK_CIR_MER_RAB_FOT_930_451.png,LK_CIR_MER_RAB_FOT,930,451,33,0,nan,
Image_0_LK_CIR_MER_RAB_FOT_931_246.png,LK_CIR_MER_RAB_FOT,931,246,0,0,3.9672916881936926,
Image_0_LK_CIR_MER_RAB_FOT_932_391.png,LK_CIR_MER_RAB_FOT,932,391,0,0,4.342643323468446,
Image_0_LK_CIR_MER_RAB_FOT_932_91.png,LK_CIR_MER_RAB_FOT,932,91,0,0,3.844392758930259,
Image_0_LK_CIR_MER_RAB_FOT_933_1991.png,LK_CIR_MER_RAB_FOT,933,1991,0,0,nan,
Image_0_LK_CIR_MER_RAB_FOT_933_91.png,LK_CIR_MER_RAB_FOT,933,91,0,0,1.9522662025614106,
Image_0_LK_CIR_MER_RAB_FOT_934_391.png,LK_CIR_MER_RAB_FOT,934,391,0,0,4.9742570075247885,
Image_0_LK_CIR_MER_RAB_FOT_935_191.png,LK_CIR_MER_RAB_FOT,935,191,0,0,23.422245151529925,
Image_0_LK_CIR_MER_RAB_FOT_935_791.png,LK_CIR_MER_RAB_FOT,935,791,0,0,0.6960235632951958,
Image_0_LK_CIR_MER_RAB_FOT_935_891.png,LK_CIR_MER_RAB_FOT,935,891,0,0,nan,
Image_12_LK_CIR_MER_RAB_FOT_936_581.png,LK_CIR_MER_RAB_FOT,936,581,12,0,nan,
Image_12_LK_CIR_MER_RAB_FOT_936_586.png,LK_CIR_MER_RAB_FOT,936,586,12,1,nan,
Image_12_LK_CIR_MER_RAB_FOT_936_596.png,LK_CIR_MER_RAB_FOT,936,596,12,1,nan,
Image_12_LK_CIR_MER_RAB_FOT_936_621.png,LK_CIR_MER_RAB_FOT,936,621,12,1,nan,
Image_12_LK_CIR_MER_RAB_FOT_936_641.png,LK_CIR_MER_RAB_FOT,936,641,12,0,nan,
Image_12_LK_CIR_MER_RAB_FOT_936_666.png,LK_CIR_MER_RAB_FOT,936,666,12,0,nan,
Image_12_LK_CIR_MER_RAB_FOT_936_696.png,LK_CIR_MER_RAB_FOT,936,696,12,0,nan,
Image_33_LK_CIR_MER_RAB_FOT_937_216.png,LK_CIR_MER_RAB_FOT,937,216,33,0,nan,
Image_33_LK_CIR_MER_RAB_FOT_937_226.png,LK_CIR_MER_RAB_FOT,937,226,33,0,nan,
Image_33_LK_CIR_MER_RAB_FOT_937_286.png,LK_CIR_MER_RAB_FOT,937,286,33,0,nan,
Image_33_LK_CIR_MER_RAB_FOT_937_306.png,LK_CIR_MER_RAB_FOT,937,306,33,0,nan,
Image_33_LK_CIR_MER_RAB_FOT_937_316.png,LK_CIR_MER_RAB_FOT,937,316,33,0,nan,
Image_33_LK_CIR_MER_RAB_FOT_937_351.png,LK_CIR_MER_RAB_FOT,937,351,33,0,nan,
Image_33_LK_CIR_MER_RAB_FOT_937_356.png,LK_CIR_MER_RAB_FOT,937,356,33,0,nan,
Image_0_LK_CIR_MER_RAB_FOT_938_1896.png,LK_CIR_MER_RAB_FOT,938,1896,0,0,nan,
Image_0_LK_CIR_MER_RAB_FOT_939_291.png,LK_CIR_MER_RAB_FOT,939,291,0,0,3.8942685597834927,
Image_0_LK_CIR_MER_RAB_FOT_939_91.png,LK_CIR_MER_RAB_FOT,939,91,0,0,3.603018759718023,
Image_0_LK_CIR_MER_RAB_FOT_940_91.png,LK_CIR_MER_RAB_FOT,940,91,0,0,5.086204127145506,
Image_0_LK_CIR_MER_RAB_FOT_941_91.png,LK_CIR_MER_RAB_FOT,941,91,0,0,4.882607128911372,
Image_0_LK_CIR_MER_RAB_FOT_942_271.png,LK_CIR_MER_RAB_FOT,942,271,0,0,5.833129767883658,
Image_13_LK_CIR_MER_RAB_FOT_947_176.png,LK_CIR_MER_RAB_FOT,947,176,13,0,nan,
Image_13_LK_CIR_MER_RAB_FOT_947_181.png,LK_CIR_MER_RAB_FOT,947,181,13,0,nan,
Image_13_LK_CIR_MER_RAB_FOT_947_191.png,LK_CIR_MER_RAB_FOT,947,191,13,0,nan,
Image_13_LK_CIR_MER_RAB_FOT_947_201.png,LK_CIR_MER_RAB_FOT,947,201,13,0,nan,
Image_13_LK_CIR_MER_RAB_FOT_947_221.png,LK_CIR_MER_RAB_FOT,947,221,13,0,nan,
Image_13_LK_CIR_MER_RAB_FOT_947_261.png,LK_CIR_MER_RAB_FOT,947,261,13,0,nan,
Image_13_LK_CIR_MER_RAB_FOT_947_276.png,LK_CIR_MER_RAB_FOT,947,276,13,0,nan,
Image_0_LK_CIR_MER_RAB_FOT_948_191.png,LK_CIR_MER_RAB_FOT,948,191,0,0,2.8468522155411664,
Image_0_LK_CIR_MER_RAB_FOT_950_771.png,LK_CIR_MER_RAB_FOT,950,771,0,0,0.5627326877863141,
Image_0_LK_CIR_MER_RAB_FOT_950_871.png,LK_CIR_MER_RAB_FOT,950,871,0,0,0.5422118877305226,
Image_0_LK_CIR_MER_RAB_FOT_950_971.png,LK_CIR_MER_RAB_FOT,950,971,0,0,1.6728225477228964,
Image_11_LK_CIR_MER_RAB_FOT_951_201.png,LK_CIR_MER_RAB_FOT,951,201,11,0,nan,
Image_0_LK_CIR_MER_RAB_FOT_952_491.png,LK_CIR_MER_RAB_FOT,952,491,0,0,2.075673631318678,
Image_23_LK_CIR_MER_RAB_FOT_953_206.png,LK_CIR_MER_RAB_FOT,953,206,23,0,nan,
Image_23_LK_CIR_MER_RAB_FOT_953_266.png,LK_CIR_MER_RAB_FOT,953,266,23,0,nan,
Image_23_LK_CIR_MER_RAB_FOT_953_316.png,LK_CIR_MER_RAB_FOT,953,316,23,0,nan,
Image_13_LK_CIR_MER_RAB_FOT_954_186.png,LK_CIR_MER_RAB_FOT,954,186,13,0,nan,
Image_13_LK_CIR_MER_RAB_FOT_954_191.png,LK_CIR_MER_RAB_FOT,954,191,13,0,nan,
Image_13_LK_CIR_MER_RAB_FOT_954_201.png,LK_CIR_MER_RAB_FOT,954,201,13,0,nan,
Image_13_LK_CIR_MER_RAB_FOT_954_226.png,LK_CIR_MER_RAB_FOT,954,226,13,0,nan,
Image_13_LK_CIR_MER_RAB_FOT_954_241.png,LK_CIR_MER_RAB_FOT,954,241,13,1,nan,
Image_13_LK_CIR_MER_RAB_FOT_954_301.png,LK_CIR_MER_RAB_FOT,954,301,13,0,nan,
Image_0_LK_CIR_MER_RAB_FOT_955_1891.png,LK_CIR_MER_RAB_FOT,955,1891,0,0,nan,
Image_13_LK_CIR_MER_RAB_FOT_957_296.png,LK_CIR_MER_RAB_FOT,957,296,13,0,nan,
Image_13_LK_CIR_MER_RAB_FOT_957_306.png,LK_CIR_MER_RAB_FOT,957,306,13,0,nan,
Image_13_LK_CIR_MER_RAB_FOT_957_331.png,LK_CIR_MER_RAB_FOT,957,331,13,0,nan,
Image_13_LK_CIR_MER_RAB_FOT_957_391.png,LK_CIR_MER_RAB_FOT,957,391,13,0,nan,
Image_13_LK_CIR_MER_RAB_FOT_957_411.png,LK_CIR_MER_RAB_FOT,957,411,13,0,nan,
Image_13_LK_CIR_MER_RAB_FOT_957_421.png,LK_CIR_MER_RAB_FOT,957,421,13,0,nan,
Image_0_LK_CIR_MER_RAB_FOT_958_556.png,LK_CIR_MER_RAB_FOT,958,556,0,0,3.8303538031180744,
Image_0_LK_CIR_MER_RAB_FOT_959_291.png,LK_CIR_MER_RAB_FOT,959,291,0,0,3.6242894267518637,
Image_0_LK_CIR_MER_RAB_FOT_959_391.png,LK_CIR_MER_RAB_FOT,959,391,0,0,3.6934961104250568,
Image_0_LK_CIR_MER_RAB_FOT_960_91.png,LK_CIR_MER_RAB_FOT,960,91,0,0,5.276470175046132,
Image_13_LK_CIR_MER_RAB_FOT_962_166.png,LK_CIR_MER_RAB_FOT,962,166,13,0,nan,
Image_13_LK_CIR_MER_RAB_FOT_962_171.png,LK_CIR_MER_RAB_FOT,962,171,13,0,nan,
Image_13_LK_CIR_MER_RAB_FOT_962_181.png,LK_CIR_MER_RAB_FOT,962,181,13,0,nan,
Image_13_LK_CIR_MER_RAB_FOT_962_186.png,LK_CIR_MER_RAB_FOT,962,186,13,0,nan,
Image_13_LK_CIR_MER_RAB_FOT_962_226.png,LK_CIR_MER_RAB_FOT,962,226,13,0,nan,
Image_13_LK_CIR_MER_RAB_FOT_962_251.png,LK_CIR_MER_RAB_FOT,962,251,13,0,nan,
Image_13_LK_CIR_MER_RAB_FOT_962_256.png,LK_CIR_MER_RAB_FOT,962,256,13,0,nan,
Image_53_LK_CIR_MER_RAB_FOT_965_256.png,LK_CIR_MER_RAB_FOT,965,256,53,0,nan,
Image_53_LK_CIR_MER_RAB_FOT_965_266.png,LK_CIR_MER_RAB_FOT,965,266,53,0,nan,
Image_53_LK_CIR_MER_RAB_FOT_965_281.png,LK_CIR_MER_RAB_FOT,965,281,53,1,nan,
Image_53_LK_CIR_MER_RAB_FOT_965_311.png,LK_CIR_MER_RAB_FOT,965,311,53,0,nan,
Image_53_LK_CIR_MER_RAB_FOT_965_326.png,LK_CIR_MER_RAB_FOT,965,326,53,0,nan,
Image_53_LK_CIR_MER_RAB_FOT_965_336.png,LK_CIR_MER_RAB_FOT,965,336,53,0,nan,
Image_53_LK_CIR_MER_RAB_FOT_965_356.png,LK_CIR_MER_RAB_FOT,965,356,53,0,nan,
Image_53_LK_CIR_MER_RAB_FOT_965_376.png,LK_CIR_MER_RAB_FOT,965,376,53,0,nan,
Image_53_LK_CIR_MER_RAB_FOT_965_396.png,LK_CIR_MER_RAB_FOT,965,396,53,0,nan,
Image_0_LK_CIR_MER_RAB_FOT_967_391.png,LK_CIR_MER_RAB_FOT,967,391,0,0,2.5978120059594034,
Image_0_LK_CIR_MER_RAB_FOT_968_591.png,LK_CIR_MER_RAB_FOT,968,591,0,0,2.0051604597136112,
Image_0_LK_CIR_MER_RAB_FOT_968_691.png,LK_CIR_MER_RAB_FOT,968,691,0,0,2.1481130241097146,
Image_0_LK_CIR_MER_RAB_FOT_968_791.png,LK_CIR_MER_RAB_FOT,968,791,0,0,2.284304181037159,
Image_0_LK_CIR_MER_RAB_FOT_969_1491.png,LK_CIR_MER_RAB_FOT,969,1491,0,0,0.5483389132541913,
Image_33_LK_CIR_MER_RAB_FOT_971_226.png,LK_CIR_MER_RAB_FOT,971,226,33,0,nan,
Image_33_LK_CIR_MER_RAB_FOT_971_246.png,LK_CIR_MER_RAB_FOT,971,246,33,0,nan,
Image_33_LK_CIR_MER_RAB_FOT_971_266.png,LK_CIR_MER_RAB_FOT,971,266,33,0,nan,
Image_33_LK_CIR_MER_RAB_FOT_971_301.png,LK_CIR_MER_RAB_FOT,971,301,33,0,nan,
Image_33_LK_CIR_MER_RAB_FOT_971_326.png,LK_CIR_MER_RAB_FOT,971,326,33,0,nan,
Image_33_LK_CIR_MER_RAB_FOT_971_331.png,LK_CIR_MER_RAB_FOT,971,331,33,0,nan,
Image_0_LK_CIR_MER_RAB_FOT_972_391.png,LK_CIR_MER_RAB_FOT,972,391,0,0,5.215267862309441,
Image_0_LK_CIR_MER_RAB_FOT_974_391.png,LK_CIR_MER_RAB_FOT,974,391,0,0,1.503962709125045,
Image_43_LK_CIR_MER_RAB_FOT_977_191.png,LK_CIR_MER_RAB_FOT,977,191,43,0,nan,
Image_43_LK_CIR_MER_RAB_FOT_977_221.png,LK_CIR_MER_RAB_FOT,977,221,43,0,nan,
Image_33_LK_CIR_MER_RAB_FOT_978_221.png,LK_CIR_MER_RAB_FOT,978,221,33,0,nan,
Image_33_LK_CIR_MER_RAB_FOT_978_266.png,LK_CIR_MER_RAB_FOT,978,266,33,0,nan,
Image_33_LK_CIR_MER_RAB_FOT_978_291.png,LK_CIR_MER_RAB_FOT,978,291,33,1,nan,
Image_33_LK_CIR_MER_RAB_FOT_978_296.png,LK_CIR_MER_RAB_FOT,978,296,33,0,nan,
Image_33_LK_CIR_MER_RAB_FOT_978_321.png,LK_CIR_MER_RAB_FOT,978,321,33,0,nan,
Image_33_LK_CIR_MER_RAB_FOT_978_326.png,LK_CIR_MER_RAB_FOT,978,326,33,0,nan,
Image_53_LK_CIR_MER_RAB_FOT_979_281.png,LK_CIR_MER_RAB_FOT,979,281,53,0,nan,
Image_53_LK_CIR_MER_RAB_FOT_979_286.png,LK_CIR_MER_RAB_FOT,979,286,53,0,nan,
Image_53_LK_CIR_MER_RAB_FOT_979_381.png,LK_CIR_MER_RAB_FOT,979,381,53,0,nan,
Image_53_LK_CIR_MER_RAB_FOT_979_391.png,LK_CIR_MER_RAB_FOT,979,391,53,0,nan,
Image_53_LK_CIR_MER_RAB_FOT_979_396.png,LK_CIR_MER_RAB_FOT,979,396,53,0,nan,
Image_53_LK_CIR_MER_RAB_FOT_979_406.png,LK_CIR_MER_RAB_FOT,979,406,53,0,nan,
Image_0_LK_CIR_MER_RAB_FOT_982_491.png,LK_CIR_MER_RAB_FOT,982,491,0,0,3.461513119406922,
Image_0_LK_CIR_MER_RAB_FOT_983_491.png,LK_CIR_MER_RAB_FOT,983,491,0,1,1.0003609646102545,
Image_0_LK_CIR_MER_RAB_FOT_983_591.png,LK_CIR_MER_RAB_FOT,983,591,0,1,1.1010086892422395,
Image_0_LK_CIR_MER_RAB_FOT_983_891.png,LK_CIR_MER_RAB_FOT,983,891,0,0,nan,
Image_0_LK_CIR_MER_RAB_FOT_985_1201.png,LK_CIR_MER_RAB_FOT,985,1201,0,0,nan,
Image_0_LK_CIR_MER_RAB_FOT_985_501.png,LK_CIR_MER_RAB_FOT,985,501,0,0,1.1263420508484376,
Image_0_LK_CIR_MER_RAB_FOT_986_1791.png,LK_CIR_MER_RAB_FOT,986,1791,0,1,nan,
Image_0_LK_CIR_MER_RAB_FOT_986_91.png,LK_CIR_MER_RAB_FOT,986,91,0,0,2.924236341249322,
Image_43_LK_CIR_MER_RAB_FOT_987_231.png,LK_CIR_MER_RAB_FOT,987,231,43,0,nan,
Image_43_LK_CIR_MER_RAB_FOT_987_286.png,LK_CIR_MER_RAB_FOT,987,286,43,0,nan,
Image_43_LK_CIR_MER_RAB_FOT_987_296.png,LK_CIR_MER_RAB_FOT,987,296,43,0,nan,
Image_43_LK_CIR_MER_RAB_FOT_987_336.png,LK_CIR_MER_RAB_FOT,987,336,43,0,nan,
Image_43_LK_CIR_MER_RAB_FOT_987_346.png,LK_CIR_MER_RAB_FOT,987,346,43,0,nan,
Image_13_LK_CIR_MER_RAB_FOT_989_216.png,LK_CIR_MER_RAB_FOT,989,216,13,1,nan,
Image_13_LK_CIR_MER_RAB_FOT_989_226.png,LK_CIR_MER_RAB_FOT,989,226,13,0,nan,
Image_13_LK_CIR_MER_RAB_FOT_989_296.png,LK_CIR_MER_RAB_FOT,989,296,13,0,nan,
Image_13_LK_CIR_MER_RAB_FOT_989_316.png,LK_CIR_MER_RAB_FOT,989,316,13,0,nan,
Image_13_LK_CIR_MER_RAB_FOT_989_336.png,LK_CIR_MER_RAB_FOT,989,336,13,0,nan,
Image_0_LK_CIR_MER_RAB_FOT_992_191.png,LK_CIR_MER_RAB_FOT,992,191,0,0,4.226675600430306,
Image_0_LK_CIR_MER_RAB_FOT_992_291.png,LK_CIR_MER_RAB_FOT,992,291,0,0,4.148229397715432,
Image_0_LK_CIR_MER_RAB_FOT_992_391.png,LK_CIR_MER_RAB_FOT,992,391,0,0,4.171203465167819,
Image_0_LK_CIR_MER_RAB_FOT_992_91.png,LK_CIR_MER_RAB_FOT,992,91,0,0,3.9303995516066523,
Image_0_LK_CIR_MER_RAB_FOT_993_191.png,LK_CIR_MER_RAB_FOT,993,191,0,0,3.9474245550657923,
Image_0_LK_CIR_MER_RAB_FOT_993_91.png,LK_CIR_MER_RAB_FOT,993,91,0,0,3.729449114180579,
Image_0_LK_CIR_MER_RAB_FOT_994_291.png,LK_CIR_MER_RAB_FOT,994,291,0,0,2.0005967152197224,
Image_0_LK_CIR_MER_RAB_FOT_995_1091.png,LK_CIR_MER_RAB_FOT,995,1091,0,0,nan,
Image_0_LK_CIR_MER_RAB_FOT_995_791.png,LK_CIR_MER_RAB_FOT,995,791,0,0,1.7259226100493887,
Image_0_LK_CIR_MER_RAB_FOT_996_1086.png,LK_CIR_MER_RAB_FOT,996,1086,0,0,nan,
Image_0_LK_CIR_MER_RAB_FOT_996_486.png,LK_CIR_MER_RAB_FOT,996,486,0,1,1.5138268736990215,
Image_0_LK_CIR_MER_RAB_FOT_996_986.png,LK_CIR_MER_RAB_FOT,996,986,0,0,nan,
Image_0_LK_CIR_MER_RAB_FOT_998_291.png,LK_CIR_MER_RAB_FOT,998,291,0,0,3.9659657541655435,
Image_0_LK_CIR_MER_RAB_FOT_1000_496.png,LK_CIR_MER_RAB_FOT,1000,496,0,0,0.5269667205217452,
Image_0_drivingAlone_RVL_RAB_FOT_1_1071.png,drivingAlone_RVL_RAB_FOT,1,1071,0,0,2.852353755452308,
Image_0_drivingAlone_RVL_RAB_FOT_1_1371.png,drivingAlone_RVL_RAB_FOT,1,1371,0,0,nan,
Image_0_drivingAlone_RVL_RAB_FOT_1_771.png,drivingAlone_RVL_RAB_FOT,1,771,0,0,2.743619918418289,
Image_0_drivingAlone_RVL_RAB_FOT_2_1046.png,drivingAlone_RVL_RAB_FOT,2,1046,0,0,2.2261968989047665,
Image_0_drivingAlone_RVL_RAB_FOT_2_546.png,drivingAlone_RVL_RAB_FOT,2,546,0,0,2.226026488483913,
Image_0_drivingAlone_RVL_RAB_FOT_2_646.png,drivingAlone_RVL_RAB_FOT,2,646,0,0,2.194343667866689,
Image_0_drivingAlone_RVL_RAB_FOT_2_846.png,drivingAlone_RVL_RAB_FOT,2,846,0,0,2.2887012573744325,
Image_0_drivingAlone_RVL_RAB_FOT_3_1401.png,drivingAlone_RVL_RAB_FOT,3,1401,0,0,nan,
Image_0_drivingAlone_RVL_RAB_FOT_3_201.png,drivingAlone_RVL_RAB_FOT,3,201,0,0,4.136595970588315,
Image_0_drivingAlone_RVL_RAB_FOT_3_701.png,drivingAlone_RVL_RAB_FOT,3,701,0,0,3.581603583231221,
Image_0_drivingAlone_RVL_RAB_FOT_4_881.png,drivingAlone_RVL_RAB_FOT,4,881,0,0,1.81362501202418,
Image_0_drivingAlone_RVL_RAB_FOT_5_1191.png,drivingAlone_RVL_RAB_FOT,5,1191,0,0,2.7958906952626723,
Image_0_drivingAlone_RVL_RAB_FOT_5_1391.png,drivingAlone_RVL_RAB_FOT,5,1391,0,0,nan,
Image_0_drivingAlone_RVL_RAB_FOT_5_291.png,drivingAlone_RVL_RAB_FOT,5,291,0,0,3.7057819946498363,
Image_0_drivingAlone_RVL_RAB_FOT_6_851.png,drivingAlone_RVL_RAB_FOT,6,851,0,0,2.9923582597620735,
Image_0_drivingAlone_RVL_RAB_FOT_6_951.png,drivingAlone_RVL_RAB_FOT,6,951,0,0,2.9592026376400473,
Image_0_drivingAlone_RVL_RAB_FOT_7_1336.png,drivingAlone_RVL_RAB_FOT,7,1336,0,0,nan,
Image_0_drivingAlone_RVL_RAB_FOT_7_536.png,drivingAlone_RVL_RAB_FOT,7,536,0,0,3.0956575001354647,
Image_0_drivingAlone_RVL_RAB_FOT_7_936.png,drivingAlone_RVL_RAB_FOT,7,936,0,0,3.0900810935703507,
Image_0_drivingAlone_RVL_RAB_FOT_8_351.png,drivingAlone_RVL_RAB_FOT,8,351,0,0,3.5525973123286896,
Image_0_drivingAlone_RVL_RAB_FOT_8_851.png,drivingAlone_RVL_RAB_FOT,8,851,0,0,2.9919932867546626,
Image_0_drivingAlone_RVL_RAB_FOT_9_301.png,drivingAlone_RVL_RAB_FOT,9,301,0,0,3.769007713488314,
Image_0_drivingAlone_RVL_RAB_FOT_9_501.png,drivingAlone_RVL_RAB_FOT,9,501,0,0,2.9407693884120443,
Image_0_drivingAlone_RVL_RAB_FOT_9_601.png,drivingAlone_RVL_RAB_FOT,9,601,0,0,2.7168450253564886,
Image_0_drivingAlone_RVL_RAB_FOT_10_781.png,drivingAlone_RVL_RAB_FOT,10,781,0,0,2.804494905921236,
Image_0_drivingAlone_RVL_RAB_FOT_10_881.png,drivingAlone_RVL_RAB_FOT,10,881,0,0,2.866067883963255,
Image_0_drivingAlone_RVL_RAB_FOT_11_1491.png,drivingAlone_RVL_RAB_FOT,11,1491,0,0,nan,
Image_0_drivingAlone_RVL_RAB_FOT_11_291.png,drivingAlone_RVL_RAB_FOT,11,291,0,0,4.641695384878881,
Image_0_drivingAlone_RVL_RAB_FOT_11_391.png,drivingAlone_RVL_RAB_FOT,11,391,0,0,4.270943932541941,
Image_0_drivingAlone_RVL_RAB_FOT_12_1106.png,drivingAlone_RVL_RAB_FOT,12,1106,0,0,2.7664674237686095,
Image_0_drivingAlone_RVL_RAB_FOT_12_1306.png,drivingAlone_RVL_RAB_FOT,12,1306,0,0,nan,
Image_0_drivingAlone_RVL_RAB_FOT_13_1016.png,drivingAlone_RVL_RAB_FOT,13,1016,0,0,2.585122092756721,
Image_0_drivingAlone_RVL_RAB_FOT_13_1216.png,drivingAlone_RVL_RAB_FOT,13,1216,0,0,2.5961555825634943,
Image_0_drivingAlone_RVL_RAB_FOT_13_416.png,drivingAlone_RVL_RAB_FOT,13,416,0,0,2.943725752186433,
Image_0_drivingAlone_RVL_RAB_FOT_13_516.png,drivingAlone_RVL_RAB_FOT,13,516,0,0,2.642674639816578,
Image_0_drivingAlone_RVL_RAB_FOT_14_1071.png,drivingAlone_RVL_RAB_FOT,14,1071,0,0,2.7240507107593226,
Image_0_drivingAlone_RVL_RAB_FOT_14_471.png,drivingAlone_RVL_RAB_FOT,14,471,0,0,2.9189040257917505,
Image_0_drivingAlone_RVL_RAB_FOT_14_571.png,drivingAlone_RVL_RAB_FOT,14,571,0,0,2.7835911675553975,
Image_0_drivingAlone_RVL_RAB_FOT_15_1441.png,drivingAlone_RVL_RAB_FOT,15,1441,0,0,nan,
Image_0_drivingAlone_RVL_RAB_FOT_15_641.png,drivingAlone_RVL_RAB_FOT,15,641,0,0,3.0882328947478994,
Image_0_drivingAlone_RVL_RAB_FOT_15_741.png,drivingAlone_RVL_RAB_FOT,15,741,0,0,3.114762580948134,
Image_0_drivingAlone_RVL_RAB_FOT_15_841.png,drivingAlone_RVL_RAB_FOT,15,841,0,0,3.109870419694002,
Image_0_drivingAlone_RVL_RAB_FOT_16_1026.png,drivingAlone_RVL_RAB_FOT,16,1026,0,0,2.776844128620293,
Image_0_drivingAlone_RVL_RAB_FOT_16_626.png,drivingAlone_RVL_RAB_FOT,16,626,0,0,2.6738371095239195,
Image_0_drivingAlone_RVL_RAB_FOT_17_1036.png,drivingAlone_RVL_RAB_FOT,17,1036,0,0,1.7135445414579742,
Image_0_drivingAlone_RVL_RAB_FOT_17_1136.png,drivingAlone_RVL_RAB_FOT,17,1136,0,0,nan,
Image_0_drivingAlone_RVL_RAB_FOT_17_236.png,drivingAlone_RVL_RAB_FOT,17,236,0,0,2.289315151012751,
Image_0_drivingAlone_RVL_RAB_FOT_17_436.png,drivingAlone_RVL_RAB_FOT,17,436,0,0,1.9143337245668324,
Image_0_drivingAlone_RVL_RAB_FOT_18_326.png,drivingAlone_RVL_RAB_FOT,18,326,0,0,4.0712482354123605,
Image_0_drivingAlone_RVL_RAB_FOT_18_526.png,drivingAlone_RVL_RAB_FOT,18,526,0,0,3.3302669795110056,
Image_0_drivingAlone_RVL_RAB_FOT_18_726.png,drivingAlone_RVL_RAB_FOT,18,726,0,0,3.214383839908815,
Image_0_drivingAlone_RVL_RAB_FOT_19_491.png,drivingAlone_RVL_RAB_FOT,19,491,0,0,2.8491092000165494,
Image_0_drivingAlone_RVL_RAB_FOT_20_611.png,drivingAlone_RVL_RAB_FOT,20,611,0,0,2.7598631325820433,
Image_0_drivingAlone_RVL_RAB_FOT_21_1236.png,drivingAlone_RVL_RAB_FOT,21,1236,0,0,3.1485445771685625,
Image_0_drivingAlone_RVL_RAB_FOT_21_1436.png,drivingAlone_RVL_RAB_FOT,21,1436,0,0,nan,
Image_0_drivingAlone_RVL_RAB_FOT_22_816.png,drivingAlone_RVL_RAB_FOT,22,816,0,0,3.2512818818739904,
Image_0_drivingAlone_RVL_RAB_FOT_24_811.png,drivingAlone_RVL_RAB_FOT,24,811,0,0,3.2556523712061978,
Image_0_drivingAlone_RVL_RAB_FOT_25_1186.png,drivingAlone_RVL_RAB_FOT,25,1186,0,0,2.776192101120433,
Image_0_drivingAlone_RVL_RAB_FOT_25_1386.png,drivingAlone_RVL_RAB_FOT,25,1386,0,0,nan,
Image_0_drivingAlone_RVL_RAB_FOT_25_486.png,drivingAlone_RVL_RAB_FOT,25,486,0,0,2.8961573046292157,
Image_0_drivingAlone_RVL_RAB_FOT_25_986.png,drivingAlone_RVL_RAB_FOT,25,986,0,0,2.789124704093344,
Image_0_drivingAlone_RVL_RAB_FOT_26_236.png,drivingAlone_RVL_RAB_FOT,26,236,0,0,2.275482864776759,
Image_0_drivingAlone_RVL_RAB_FOT_26_436.png,drivingAlone_RVL_RAB_FOT,26,436,0,0,2.0804916063230303,
Image_0_drivingAlone_RVL_RAB_FOT_28_1961.png,drivingAlone_RVL_RAB_FOT,28,1961,0,0,nan,
Image_0_drivingAlone_RVL_RAB_FOT_28_261.png,drivingAlone_RVL_RAB_FOT,28,261,0,0,2.842721871359487,
Image_0_drivingAlone_RVL_RAB_FOT_29_1036.png,drivingAlone_RVL_RAB_FOT,29,1036,0,0,3.2150581623166454,
Image_0_drivingAlone_RVL_RAB_FOT_29_836.png,drivingAlone_RVL_RAB_FOT,29,836,0,0,3.207852207490836,
Image_0_drivingAlone_RVL_RAB_FOT_31_1401.png,drivingAlone_RVL_RAB_FOT,31,1401,0,0,nan,
Image_0_drivingAlone_RVL_RAB_FOT_31_401.png,drivingAlone_RVL_RAB_FOT,31,401,0,0,3.383787553670958,
Image_0_drivingAlone_RVL_RAB_FOT_31_501.png,drivingAlone_RVL_RAB_FOT,31,501,0,0,3.098393143154161,
Image_0_drivingAlone_RVL_RAB_FOT_32_476.png,drivingAlone_RVL_RAB_FOT,32,476,0,0,2.9351364006187177,
Image_0_drivingAlone_RVL_RAB_FOT_32_676.png,drivingAlone_RVL_RAB_FOT,32,676,0,0,2.795986874659741,
Image_0_drivingAlone_RVL_RAB_FOT_32_976.png,drivingAlone_RVL_RAB_FOT,32,976,0,0,2.68798503912891,
Image_0_drivingAlone_RVL_RAB_FOT_33_936.png,drivingAlone_RVL_RAB_FOT,33,936,0,0,3.1279673188694295,
Image_0_drivingAlone_RVL_RAB_FOT_34_961.png,drivingAlone_RVL_RAB_FOT,34,961,0,0,2.412574628124171,
Image_0_drivingAlone_RVL_RAB_FOT_35_1436.png,drivingAlone_RVL_RAB_FOT,35,1436,0,0,nan,
Image_0_drivingAlone_RVL_RAB_FOT_35_236.png,drivingAlone_RVL_RAB_FOT,35,236,0,0,3.8721651321169066,
Image_0_drivingAlone_RVL_RAB_FOT_35_636.png,drivingAlone_RVL_RAB_FOT,35,636,0,0,3.051767091392824,
Image_0_drivingAlone_RVL_RAB_FOT_36_1096.png,drivingAlone_RVL_RAB_FOT,36,1096,0,0,3.0633135512646046,
Image_0_drivingAlone_RVL_RAB_FOT_36_296.png,drivingAlone_RVL_RAB_FOT,36,296,0,0,4.01577691094279,
Image_0_drivingAlone_RVL_RAB_FOT_36_896.png,drivingAlone_RVL_RAB_FOT,36,896,0,0,3.178253206956208,
Image_0_drivingAlone_RVL_RAB_FOT_36_996.png,drivingAlone_RVL_RAB_FOT,36,996,0,0,3.0974293520615888,
Image_0_drivingAlone_RVL_RAB_FOT_37_726.png,drivingAlone_RVL_RAB_FOT,37,726,0,0,3.2555238638942248,
Image_0_drivingAlone_RVL_RAB_FOT_38_1476.png,drivingAlone_RVL_RAB_FOT,38,1476,0,0,nan,
Image_0_drivingAlone_RVL_RAB_FOT_38_376.png,drivingAlone_RVL_RAB_FOT,38,376,0,0,4.088568357524899,
Image_0_drivingAlone_RVL_RAB_FOT_38_776.png,drivingAlone_RVL_RAB_FOT,38,776,0,0,3.3646325995454855,
Image_0_drivingAlone_RVL_RAB_FOT_39_1791.png,drivingAlone_RVL_RAB_FOT,39,1791,0,0,nan,
Image_0_drivingAlone_RVL_RAB_FOT_40_191.png,drivingAlone_RVL_RAB_FOT,40,191,0,0,4.018457310601181,
Image_0_drivingAlone_RVL_RAB_FOT_40_791.png,drivingAlone_RVL_RAB_FOT,40,791,0,0,nan,
Image_0_drivingAlone_RVL_RAB_FOT_41_411.png,drivingAlone_RVL_RAB_FOT,41,411,0,0,3.7055167095745247,
Image_0_drivingAlone_RVL_RAB_FOT_41_711.png,drivingAlone_RVL_RAB_FOT,41,711,0,0,3.25706018758798,
Image_0_drivingAlone_RVL_RAB_FOT_41_811.png,drivingAlone_RVL_RAB_FOT,41,811,0,0,3.2847287687695745,
Image_0_drivingAlone_RVL_RAB_FOT_42_1231.png,drivingAlone_RVL_RAB_FOT,42,1231,0,0,2.5374852133542465,
Image_0_drivingAlone_RVL_RAB_FOT_42_1331.png,drivingAlone_RVL_RAB_FOT,42,1331,0,0,nan,
Image_0_drivingAlone_RVL_RAB_FOT_42_631.png,drivingAlone_RVL_RAB_FOT,42,631,0,0,2.4527550599329135,
Image_0_drivingAlone_RVL_RAB_FOT_43_1041.png,drivingAlone_RVL_RAB_FOT,43,1041,0,0,3.1258693444544585,
Image_0_drivingAlone_RVL_RAB_FOT_43_241.png,drivingAlone_RVL_RAB_FOT,43,241,0,0,3.9681343653432517,
Image_0_drivingAlone_RVL_RAB_FOT_43_541.png,drivingAlone_RVL_RAB_FOT,43,541,0,0,3.1879680980913925,
Image_0_drivingAlone_RVL_RAB_FOT_44_1216.png,drivingAlone_RVL_RAB_FOT,44,1216,0,0,3.202555874031783,
Image_0_drivingAlone_RVL_RAB_FOT_44_1316.png,drivingAlone_RVL_RAB_FOT,44,1316,0,0,nan,
Image_0_drivingAlone_RVL_RAB_FOT_44_216.png,drivingAlone_RVL_RAB_FOT,44,216,0,0,3.6034530643887717,
Image_0_drivingAlone_RVL_RAB_FOT_44_416.png,drivingAlone_RVL_RAB_FOT,44,416,0,0,3.6144019528492883,
Image_0_drivingAlone_RVL_RAB_FOT_44_616.png,drivingAlone_RVL_RAB_FOT,44,616,0,0,3.2695025397980757,
Image_0_drivingAlone_RVL_RAB_FOT_44_916.png,drivingAlone_RVL_RAB_FOT,44,916,0,0,3.207726748190983,
Image_0_drivingAlone_RVL_RAB_FOT_45_671.png,drivingAlone_RVL_RAB_FOT,45,671,0,0,2.776993872507468,
Image_0_drivingAlone_RVL_RAB_FOT_45_771.png,drivingAlone_RVL_RAB_FOT,45,771,0,0,2.7448944146072565,
Image_0_drivingAlone_RVL_RAB_FOT_46_366.png,drivingAlone_RVL_RAB_FOT,46,366,0,0,3.1277688111342172,
Image_0_drivingAlone_RVL_RAB_FOT_46_766.png,drivingAlone_RVL_RAB_FOT,46,766,0,0,2.422868459222993,
Image_0_drivingAlone_RVL_RAB_FOT_47_1466.png,drivingAlone_RVL_RAB_FOT,47,1466,0,0,nan,
Image_0_drivingAlone_RVL_RAB_FOT_47_266.png,drivingAlone_RVL_RAB_FOT,47,266,0,0,3.8151919523532065,
Image_0_drivingAlone_RVL_RAB_FOT_47_666.png,drivingAlone_RVL_RAB_FOT,47,666,0,0,2.9611364084660146,
Image_0_drivingAlone_RVL_RAB_FOT_47_766.png,drivingAlone_RVL_RAB_FOT,47,766,0,0,3.0341496131759413,
Image_0_drivingAlone_RVL_RAB_FOT_47_866.png,drivingAlone_RVL_RAB_FOT,47,866,0,0,3.008363548926956,
Image_0_drivingAlone_RVL_RAB_FOT_49_1281.png,drivingAlone_RVL_RAB_FOT,49,1281,0,0,3.0360271498031484,
Image_0_drivingAlone_RVL_RAB_FOT_49_981.png,drivingAlone_RVL_RAB_FOT,49,981,0,0,2.946917811642131,
Image_0_drivingAlone_RVL_RAB_FOT_50_1246.png,drivingAlone_RVL_RAB_FOT,50,1246,0,0,3.031282110794757,
Image_0_drivingAlone_RVL_RAB_FOT_50_846.png,drivingAlone_RVL_RAB_FOT,50,846,0,0,2.9469016687850127,
Image_0_drivingAlone_RVL_RAB_FOT_52_1036.png,drivingAlone_RVL_RAB_FOT,52,1036,0,1,1.999690604791332,
Image_0_drivingAlone_RVL_RAB_FOT_52_236.png,drivingAlone_RVL_RAB_FOT,52,236,0,0,2.5045402679370117,
Image_0_drivingAlone_RVL_RAB_FOT_52_536.png,drivingAlone_RVL_RAB_FOT,52,536,0,0,2.0798748572514816,
Image_0_drivingAlone_RVL_RAB_FOT_53_1011.png,drivingAlone_RVL_RAB_FOT,53,1011,0,0,2.482714805777541,
Image_0_drivingAlone_RVL_RAB_FOT_53_1211.png,drivingAlone_RVL_RAB_FOT,53,1211,0,0,2.5052106163702015,
Image_0_drivingAlone_RVL_RAB_FOT_54_1351.png,drivingAlone_RVL_RAB_FOT,54,1351,0,0,nan,
Image_0_drivingAlone_RVL_RAB_FOT_54_1451.png,drivingAlone_RVL_RAB_FOT,54,1451,0,0,nan,
Image_0_drivingAlone_RVL_RAB_FOT_54_351.png,drivingAlone_RVL_RAB_FOT,54,351,0,0,3.919371912355288,
Image_0_drivingAlone_RVL_RAB_FOT_54_651.png,drivingAlone_RVL_RAB_FOT,54,651,0,0,3.0829897797507364,
Image_0_drivingAlone_RVL_RAB_FOT_55_1161.png,drivingAlone_RVL_RAB_FOT,55,1161,0,0,2.1910007704110175,
Image_0_drivingAlone_RVL_RAB_FOT_55_1361.png,drivingAlone_RVL_RAB_FOT,55,1361,0,0,nan,
Image_0_drivingAlone_RVL_RAB_FOT_55_361.png,drivingAlone_RVL_RAB_FOT,55,361,0,0,2.658937911826749,
Image_0_drivingAlone_RVL_RAB_FOT_55_761.png,drivingAlone_RVL_RAB_FOT,55,761,0,0,2.0714395551658207,
Image_0_drivingAlone_RVL_RAB_FOT_55_861.png,drivingAlone_RVL_RAB_FOT,55,861,0,0,2.1013916465318143,
Image_0_drivingAlone_RVL_RAB_FOT_56_1016.png,drivingAlone_RVL_RAB_FOT,56,1016,0,0,2.72346188435951,
Image_0_drivingAlone_RVL_RAB_FOT_56_316.png,drivingAlone_RVL_RAB_FOT,56,316,0,0,3.5510284683067503,
Image_0_drivingAlone_RVL_RAB_FOT_56_516.png,drivingAlone_RVL_RAB_FOT,56,516,0,0,2.825960386490963,
Image_0_drivingAlone_RVL_RAB_FOT_57_1396.png,drivingAlone_RVL_RAB_FOT,57,1396,0,0,nan,
Image_0_drivingAlone_RVL_RAB_FOT_57_596.png,drivingAlone_RVL_RAB_FOT,57,596,0,0,2.8919596592650008,
Image_0_drivingAlone_RVL_RAB_FOT_57_896.png,drivingAlone_RVL_RAB_FOT,57,896,0,0,2.8534152437619236,
Image_0_drivingAlone_RVL_RAB_FOT_58_1346.png,drivingAlone_RVL_RAB_FOT,58,1346,0,0,nan,
Image_0_drivingAlone_RVL_RAB_FOT_58_1446.png,drivingAlone_RVL_RAB_FOT,58,1446,0,0,nan,
Image_0_drivingAlone_RVL_RAB_FOT_58_346.png,drivingAlone_RVL_RAB_FOT,58,346,0,0,3.928632749133742,
Image_0_drivingAlone_RVL_RAB_FOT_59_1381.png,drivingAlone_RVL_RAB_FOT,59,1381,0,0,nan,
Image_0_drivingAlone_RVL_RAB_FOT_59_581.png,drivingAlone_RVL_RAB_FOT,59,581,0,0,2.688172912055272,
Image_0_drivingAlone_RVL_RAB_FOT_59_881.png,drivingAlone_RVL_RAB_FOT,59,881,0,0,2.596395219565798,
Image_0_drivingAlone_RVL_RAB_FOT_59_981.png,drivingAlone_RVL_RAB_FOT,59,981,0,0,2.6685880345923962,
Image_0_drivingAlone_RVL_RAB_FOT_60_1096.png,drivingAlone_RVL_RAB_FOT,60,1096,0,0,3.133695403633255,
Image_0_drivingAlone_RVL_RAB_FOT_60_196.png,drivingAlone_RVL_RAB_FOT,60,196,0,0,3.475592099508358,
Image_0_drivingAlone_RVL_RAB_FOT_61_1071.png,drivingAlone_RVL_RAB_FOT,61,1071,0,0,2.120137306204837,
Image_0_drivingAlone_RVL_RAB_FOT_61_371.png,drivingAlone_RVL_RAB_FOT,61,371,0,0,2.587994216684079,
Image_0_drivingAlone_RVL_RAB_FOT_61_771.png,drivingAlone_RVL_RAB_FOT,61,771,0,0,2.134604717087708,
Image_0_drivingAlone_RVL_RAB_FOT_62_1301.png,drivingAlone_RVL_RAB_FOT,62,1301,0,0,nan,
Image_0_drivingAlone_RVL_RAB_FOT_62_501.png,drivingAlone_RVL_RAB_FOT,62,501,0,0,2.961822821385134,
Image_0_drivingAlone_RVL_RAB_FOT_62_601.png,drivingAlone_RVL_RAB_FOT,62,601,0,0,2.799568262655143,
Image_0_drivingAlone_RVL_RAB_FOT_62_901.png,drivingAlone_RVL_RAB_FOT,62,901,0,0,2.888332081091412,
Image_0_drivingAlone_RVL_RAB_FOT_63_1391.png,drivingAlone_RVL_RAB_FOT,63,1391,0,0,nan,
Image_0_drivingAlone_RVL_RAB_FOT_64_166.png,drivingAlone_RVL_RAB_FOT,64,166,0,0,2.6907666582554004,
Image_0_drivingAlone_RVL_RAB_FOT_64_966.png,drivingAlone_RVL_RAB_FOT,64,966,0,0,2.4224456566625134,
Image_0_drivingAlone_RVL_RAB_FOT_65_1351.png,drivingAlone_RVL_RAB_FOT,65,1351,0,0,nan,
Image_0_drivingAlone_RVL_RAB_FOT_65_251.png,drivingAlone_RVL_RAB_FOT,65,251,0,0,3.8380188763557683,
Image_0_drivingAlone_RVL_RAB_FOT_66_1436.png,drivingAlone_RVL_RAB_FOT,66,1436,0,0,nan,
Image_0_drivingAlone_RVL_RAB_FOT_66_836.png,drivingAlone_RVL_RAB_FOT,66,836,0,0,3.390146207669222,
Image_0_drivingAlone_RVL_RAB_FOT_67_1041.png,drivingAlone_RVL_RAB_FOT,67,1041,0,0,2.5885303522732843,
Image_0_drivingAlone_RVL_RAB_FOT_68_1316.png,drivingAlone_RVL_RAB_FOT,68,1316,0,0,nan,
Image_0_drivingAlone_RVL_RAB_FOT_68_1516.png,drivingAlone_RVL_RAB_FOT,68,1516,0,0,nan,
Image_0_drivingAlone_RVL_RAB_FOT_68_516.png,drivingAlone_RVL_RAB_FOT,68,516,0,0,3.2254723474430547,
Image_0_drivingAlone_RVL_RAB_FOT_69_951.png,drivingAlone_RVL_RAB_FOT,69,951,0,0,2.604050077946244,
Image_0_drivingAlone_RVL_RAB_FOT_70_1201.png,drivingAlone_RVL_RAB_FOT,70,1201,0,0,nan,
Image_0_drivingAlone_RVL_RAB_FOT_70_401.png,drivingAlone_RVL_RAB_FOT,70,401,0,0,2.511649193726484,
Image_0_drivingAlone_RVL_RAB_FOT_70_701.png,drivingAlone_RVL_RAB_FOT,70,701,0,0,2.1510541975064794,
Image_0_drivingAlone_RVL_RAB_FOT_71_1041.png,drivingAlone_RVL_RAB_FOT,71,1041,0,0,2.636727289300149,
Image_0_drivingAlone_RVL_RAB_FOT_71_341.png,drivingAlone_RVL_RAB_FOT,71,341,0,0,3.3260143091082224,
Image_0_drivingAlone_RVL_RAB_FOT_71_441.png,drivingAlone_RVL_RAB_FOT,71,441,0,0,2.913181698415247,
Image_0_drivingAlone_RVL_RAB_FOT_71_641.png,drivingAlone_RVL_RAB_FOT,71,641,0,0,2.5622702653020717,
Image_0_drivingAlone_RVL_RAB_FOT_72_1031.png,drivingAlone_RVL_RAB_FOT,72,1031,0,0,1.7841537562914525,
Image_0_drivingAlone_RVL_RAB_FOT_72_1131.png,drivingAlone_RVL_RAB_FOT,72,1131,0,0,nan,
Image_0_drivingAlone_RVL_RAB_FOT_73_711.png,drivingAlone_RVL_RAB_FOT,73,711,0,0,2.754517833840164,
Image_0_drivingAlone_RVL_RAB_FOT_74_571.png,drivingAlone_RVL_RAB_FOT,74,571,0,0,1.6218351400995497,
Image_0_drivingAlone_RVL_RAB_FOT_74_971.png,drivingAlone_RVL_RAB_FOT,74,971,0,1,1.556809098072129,
Image_0_drivingAlone_RVL_RAB_FOT_77_191.png,drivingAlone_RVL_RAB_FOT,77,191,0,0,4.31172741244134,
Image_0_drivingAlone_RVL_RAB_FOT_78_1361.png,drivingAlone_RVL_RAB_FOT,78,1361,0,0,nan,
Image_0_drivingAlone_RVL_RAB_FOT_78_861.png,drivingAlone_RVL_RAB_FOT,78,861,0,0,2.6645275115845255,
Image_0_drivingAlone_RVL_RAB_FOT_79_246.png,drivingAlone_RVL_RAB_FOT,79,246,0,0,4.000493503593976,
Image_0_drivingAlone_RVL_RAB_FOT_79_446.png,drivingAlone_RVL_RAB_FOT,79,446,0,0,3.36607201789354,
Image_0_drivingAlone_RVL_RAB_FOT_79_546.png,drivingAlone_RVL_RAB_FOT,79,546,0,0,3.1282249530065602,
Image_0_drivingAlone_RVL_RAB_FOT_79_846.png,drivingAlone_RVL_RAB_FOT,79,846,0,0,3.091110015971285,
Image_0_drivingAlone_RVL_RAB_FOT_80_1031.png,drivingAlone_RVL_RAB_FOT,80,1031,0,0,2.5671173921212866,
Image_0_drivingAlone_RVL_RAB_FOT_80_1331.png,drivingAlone_RVL_RAB_FOT,80,1331,0,0,nan,
Image_0_drivingAlone_RVL_RAB_FOT_80_1431.png,drivingAlone_RVL_RAB_FOT,80,1431,0,0,nan,
Image_0_drivingAlone_RVL_RAB_FOT_81_1211.png,drivingAlone_RVL_RAB_FOT,81,1211,0,0,2.7553777567926274,
Image_0_drivingAlone_RVL_RAB_FOT_81_711.png,drivingAlone_RVL_RAB_FOT,81,711,0,0,2.736433099195935,
Image_0_drivingAlone_RVL_RAB_FOT_81_811.png,drivingAlone_RVL_RAB_FOT,81,811,0,0,2.7598461846119493,
Image_0_drivingAlone_RVL_RAB_FOT_82_1491.png,drivingAlone_RVL_RAB_FOT,82,1491,0,0,nan,
Image_0_drivingAlone_RVL_RAB_FOT_82_391.png,drivingAlone_RVL_RAB_FOT,82,391,0,0,3.1997477055763195,
Image_0_drivingAlone_RVL_RAB_FOT_82_491.png,drivingAlone_RVL_RAB_FOT,82,491,0,0,2.952261207596507,
Image_0_drivingAlone_RVL_RAB_FOT_82_591.png,drivingAlone_RVL_RAB_FOT,82,591,0,0,2.77854996172539,
Image_0_drivingAlone_RVL_RAB_FOT_83_1386.png,drivingAlone_RVL_RAB_FOT,83,1386,0,0,nan,
Image_0_drivingAlone_RVL_RAB_FOT_83_1486.png,drivingAlone_RVL_RAB_FOT,83,1486,0,0,nan,
Image_0_drivingAlone_RVL_RAB_FOT_83_386.png,drivingAlone_RVL_RAB_FOT,83,386,0,0,3.8046258511907816,
Image_0_drivingAlone_RVL_RAB_FOT_83_586.png,drivingAlone_RVL_RAB_FOT,83,586,0,0,3.434496231554256,
Image_0_drivingAlone_RVL_RAB_FOT_84_1211.png,drivingAlone_RVL_RAB_FOT,84,1211,0,0,nan,
Image_0_drivingAlone_RVL_RAB_FOT_84_411.png,drivingAlone_RVL_RAB_FOT,84,411,0,0,1.6600608645537163,
Image_0_drivingAlone_RVL_RAB_FOT_84_811.png,drivingAlone_RVL_RAB_FOT,84,811,0,0,1.3494476573752037,
Image_0_drivingAlone_RVL_RAB_FOT_85_876.png,drivingAlone_RVL_RAB_FOT,85,876,0,0,2.8658066060529492,
Image_0_drivingAlone_RVL_RAB_FOT_86_366.png,drivingAlone_RVL_RAB_FOT,86,366,0,0,3.5363471045893267,
Image_0_drivingAlone_RVL_RAB_FOT_86_766.png,drivingAlone_RVL_RAB_FOT,86,766,0,0,2.8514613317503095,
Image_0_drivingAlone_RVL_RAB_FOT_87_606.png,drivingAlone_RVL_RAB_FOT,87,606,0,0,0.6479551398705925,
Image_0_drivingAlone_RVL_RAB_FOT_87_806.png,drivingAlone_RVL_RAB_FOT,87,806,0,0,0.6381078682352622,
Image_0_drivingAlone_RVL_RAB_FOT_89_741.png,drivingAlone_RVL_RAB_FOT,89,741,0,0,3.0080656598921642,
Image_0_drivingAlone_RVL_RAB_FOT_90_321.png,drivingAlone_RVL_RAB_FOT,90,321,0,0,3.3625166127887276,
Image_0_drivingAlone_RVL_RAB_FOT_90_821.png,drivingAlone_RVL_RAB_FOT,90,821,0,0,2.6338370992077538,
Image_0_drivingAlone_RVL_RAB_FOT_91_1266.png,drivingAlone_RVL_RAB_FOT,91,1266,0,0,3.079566495219142,
Image_0_drivingAlone_RVL_RAB_FOT_91_266.png,drivingAlone_RVL_RAB_FOT,91,266,0,0,3.9681010979393605,
Image_0_drivingAlone_RVL_RAB_FOT_91_466.png,drivingAlone_RVL_RAB_FOT,91,466,0,0,3.3413643247093763,
Image_0_drivingAlone_RVL_RAB_FOT_91_566.png,drivingAlone_RVL_RAB_FOT,91,566,0,0,3.1006054987553027,
Image_0_drivingAlone_RVL_RAB_FOT_92_1411.png,drivingAlone_RVL_RAB_FOT,92,1411,0,0,nan,
Image_0_drivingAlone_RVL_RAB_FOT_92_311.png,drivingAlone_RVL_RAB_FOT,92,311,0,0,4.174493910347426,
Image_0_drivingAlone_RVL_RAB_FOT_93_571.png,drivingAlone_RVL_RAB_FOT,93,571,0,0,1.3981078681281112,
Image_0_drivingAlone_RVL_RAB_FOT_94_1006.png,drivingAlone_RVL_RAB_FOT,94,1006,0,0,3.4478228045409653,
Image_0_drivingAlone_RVL_RAB_FOT_94_1306.png,drivingAlone_RVL_RAB_FOT,94,1306,0,0,nan,
Image_0_drivingAlone_RVL_RAB_FOT_94_306.png,drivingAlone_RVL_RAB_FOT,94,306,0,0,4.308456384089478,
Image_0_drivingAlone_RVL_RAB_FOT_94_406.png,drivingAlone_RVL_RAB_FOT,94,406,0,0,3.8733117634869174,
Image_0_drivingAlone_RVL_RAB_FOT_94_806.png,drivingAlone_RVL_RAB_FOT,94,806,0,0,3.4087901671445717,
Image_0_drivingAlone_RVL_RAB_FOT_95_1146.png,drivingAlone_RVL_RAB_FOT,95,1146,0,0,2.9824253280771718,
Image_0_drivingAlone_RVL_RAB_FOT_95_646.png,drivingAlone_RVL_RAB_FOT,95,646,0,0,2.9947427762437355,
Image_0_drivingAlone_RVL_RAB_FOT_96_1046.png,drivingAlone_RVL_RAB_FOT,96,1046,0,0,2.9068062670697397,
Image_0_drivingAlone_RVL_RAB_FOT_96_646.png,drivingAlone_RVL_RAB_FOT,96,646,0,0,2.849828157341329,
Image_0_drivingAlone_RVL_RAB_FOT_96_946.png,drivingAlone_RVL_RAB_FOT,96,946,0,0,2.846571026400327,
Image_0_drivingAlone_RVL_RAB_FOT_97_1296.png,drivingAlone_RVL_RAB_FOT,97,1296,0,0,nan,
Image_0_drivingAlone_RVL_RAB_FOT_97_296.png,drivingAlone_RVL_RAB_FOT,97,296,0,0,3.832617370812555,
Image_0_drivingAlone_RVL_RAB_FOT_97_496.png,drivingAlone_RVL_RAB_FOT,97,496,0,0,2.9936755112062254,
Image_0_drivingAlone_RVL_RAB_FOT_97_796.png,drivingAlone_RVL_RAB_FOT,97,796,0,0,3.0858242777571236,
Image_0_drivingAlone_RVL_RAB_FOT_98_1026.png,drivingAlone_RVL_RAB_FOT,98,1026,0,0,2.90332195083231,
Image_0_drivingAlone_RVL_RAB_FOT_98_1426.png,drivingAlone_RVL_RAB_FOT,98,1426,0,0,nan,
Image_0_drivingAlone_RVL_RAB_FOT_98_326.png,drivingAlone_RVL_RAB_FOT,98,326,0,0,3.646558359563839,
Image_0_drivingAlone_RVL_RAB_FOT_98_926.png,drivingAlone_RVL_RAB_FOT,98,926,0,0,2.8738494331643483,
Image_0_drivingAlone_RVL_RAB_FOT_99_306.png,drivingAlone_RVL_RAB_FOT,99,306,0,0,2.541858581869743,
Image_0_drivingAlone_RVL_RAB_FOT_100_1026.png,drivingAlone_RVL_RAB_FOT,100,1026,0,0,2.6198319002000243,
Image_0_drivingAlone_RVL_RAB_FOT_100_1126.png,drivingAlone_RVL_RAB_FOT,100,1126,0,0,2.566399258268925,
Image_0_drivingAlone_RVL_RAB_FOT_100_1226.png,drivingAlone_RVL_RAB_FOT,100,1226,0,0,2.534763396826494,
Image_0_drivingAlone_RVL_RAB_FOT_100_426.png,drivingAlone_RVL_RAB_FOT,100,426,0,0,3.034186153977819,
Image_0_drivingAlone_RVL_RAB_FOT_100_526.png,drivingAlone_RVL_RAB_FOT,100,526,0,0,2.5896801558933387,
Image_0_drivingAlone_RVL_RAB_FOT_100_626.png,drivingAlone_RVL_RAB_FOT,100,626,0,0,2.4430273027012603,
Image_0_drivingAlone_RVL_RAB_FOT_100_826.png,drivingAlone_RVL_RAB_FOT,100,826,0,0,2.6847814146786346,
Image_0_drivingAlone_RVL_RAB_FOT_100_926.png,drivingAlone_RVL_RAB_FOT,100,926,0,0,2.6535579925350503,
Image_0_drivingAlone_RVL_RAB_FOT_101_1246.png,drivingAlone_RVL_RAB_FOT,101,1246,0,0,nan,
Image_0_drivingAlone_RVL_RAB_FOT_101_846.png,drivingAlone_RVL_RAB_FOT,101,846,0,0,nan,
Image_0_drivingAlone_RVL_RAB_FOT_102_1591.png,drivingAlone_RVL_RAB_FOT,102,1591,0,0,nan,
Image_0_drivingAlone_RVL_RAB_FOT_102_1691.png,drivingAlone_RVL_RAB_FOT,102,1691,0,0,nan,
Image_0_drivingAlone_RVL_RAB_FOT_102_1891.png,drivingAlone_RVL_RAB_FOT,102,1891,0,0,nan,
Image_0_drivingAlone_RVL_RAB_FOT_103_406.png,drivingAlone_RVL_RAB_FOT,103,406,0,0,3.6242477192275118,
Image_0_drivingAlone_RVL_RAB_FOT_103_806.png,drivingAlone_RVL_RAB_FOT,103,806,0,0,3.2808948462614653,
Image_0_drivingAlone_RVL_RAB_FOT_105_1051.png,drivingAlone_RVL_RAB_FOT,105,1051,0,0,2.9826129752415858,
Image_0_drivingAlone_RVL_RAB_FOT_106_606.png,drivingAlone_RVL_RAB_FOT,106,606,0,0,3.5997383134068137,
Image_0_drivingAlone_RVL_RAB_FOT_106_706.png,drivingAlone_RVL_RAB_FOT,106,706,0,0,3.493166547067797,
Image_0_drivingAlone_RVL_RAB_FOT_106_806.png,drivingAlone_RVL_RAB_FOT,106,806,0,0,3.456432354929471,
Image_0_drivingAlone_RVL_RAB_FOT_108_356.png,drivingAlone_RVL_RAB_FOT,108,356,0,0,3.472235754910775,
Image_0_drivingAlone_RVL_RAB_FOT_108_756.png,drivingAlone_RVL_RAB_FOT,108,756,0,0,2.916888795995491,
Image_0_drivingAlone_RVL_RAB_FOT_109_1306.png,drivingAlone_RVL_RAB_FOT,109,1306,0,0,nan,
Image_0_drivingAlone_RVL_RAB_FOT_111_1096.png,drivingAlone_RVL_RAB_FOT,111,1096,0,0,2.6523426040223197,
Image_0_drivingAlone_RVL_RAB_FOT_111_396.png,drivingAlone_RVL_RAB_FOT,111,396,0,0,3.11227247575831,
Image_0_drivingAlone_RVL_RAB_FOT_112_1101.png,drivingAlone_RVL_RAB_FOT,112,1101,0,0,2.736346280769879,
Image_0_drivingAlone_RVL_RAB_FOT_112_1301.png,drivingAlone_RVL_RAB_FOT,112,1301,0,0,nan,
Image_0_drivingAlone_RVL_RAB_FOT_113_1291.png,drivingAlone_RVL_RAB_FOT,113,1291,0,1,2.2644474040364897,
Image_0_drivingAlone_RVL_RAB_FOT_113_991.png,drivingAlone_RVL_RAB_FOT,113,991,0,0,2.2506867749694415,
Image_0_drivingAlone_RVL_RAB_FOT_114_346.png,drivingAlone_RVL_RAB_FOT,114,346,0,0,1.1753341298719056,
Image_0_drivingAlone_RVL_RAB_FOT_115_1066.png,drivingAlone_RVL_RAB_FOT,115,1066,0,0,1.8859973549015758,
Image_0_drivingAlone_RVL_RAB_FOT_115_266.png,drivingAlone_RVL_RAB_FOT,115,266,0,0,2.5007586923916563,
Image_0_drivingAlone_RVL_RAB_FOT_115_366.png,drivingAlone_RVL_RAB_FOT,115,366,0,0,2.3205098853989137,
Image_0_drivingAlone_RVL_RAB_FOT_115_966.png,drivingAlone_RVL_RAB_FOT,115,966,0,0,1.8769295399800021,
Image_0_drivingAlone_RVL_RAB_FOT_116_1091.png,drivingAlone_RVL_RAB_FOT,116,1091,0,0,2.6856967024163723,
Image_0_drivingAlone_RVL_RAB_FOT_116_1391.png,drivingAlone_RVL_RAB_FOT,116,1391,0,0,nan,
Image_0_drivingAlone_RVL_RAB_FOT_116_291.png,drivingAlone_RVL_RAB_FOT,116,291,0,0,3.7657019700801495,
Image_0_drivingAlone_RVL_RAB_FOT_117_1296.png,drivingAlone_RVL_RAB_FOT,117,1296,0,0,nan,
Image_0_drivingAlone_RVL_RAB_FOT_117_596.png,drivingAlone_RVL_RAB_FOT,117,596,0,0,2.805190834905951,
Image_0_drivingAlone_RVL_RAB_FOT_117_996.png,drivingAlone_RVL_RAB_FOT,117,996,0,0,2.8425736250061884,
Image_0_drivingAlone_RVL_RAB_FOT_118_1216.png,drivingAlone_RVL_RAB_FOT,118,1216,0,0,2.5571447038774404,
Image_0_drivingAlone_RVL_RAB_FOT_118_1316.png,drivingAlone_RVL_RAB_FOT,118,1316,0,0,nan,
Image_0_drivingAlone_RVL_RAB_FOT_118_1416.png,drivingAlone_RVL_RAB_FOT,118,1416,0,0,nan,
Image_0_drivingAlone_RVL_RAB_FOT_118_716.png,drivingAlone_RVL_RAB_FOT,118,716,0,0,2.5646598054031724,
Image_0_drivingAlone_RVL_RAB_FOT_120_1056.png,drivingAlone_RVL_RAB_FOT,120,1056,0,0,3.2375004830748404,
Image_0_drivingAlone_RVL_RAB_FOT_121_1331.png,drivingAlone_RVL_RAB_FOT,121,1331,0,0,nan,
Image_0_drivingAlone_RVL_RAB_FOT_122_1321.png,drivingAlone_RVL_RAB_FOT,122,1321,0,0,nan,
Image_0_drivingAlone_RVL_RAB_FOT_122_321.png,drivingAlone_RVL_RAB_FOT,122,321,0,0,3.959976788789886,
Image_0_drivingAlone_RVL_RAB_FOT_123_1031.png,drivingAlone_RVL_RAB_FOT,123,1031,0,0,3.0436565202909622,
Image_0_drivingAlone_RVL_RAB_FOT_123_331.png,drivingAlone_RVL_RAB_FOT,123,331,0,0,3.92489422143996,
Image_0_drivingAlone_RVL_RAB_FOT_123_731.png,drivingAlone_RVL_RAB_FOT,123,731,0,0,3.189345245219635,
Image_0_drivingAlone_RVL_RAB_FOT_124_501.png,drivingAlone_RVL_RAB_FOT,124,501,0,0,2.6760187596492058,
Image_0_drivingAlone_RVL_RAB_FOT_125_1071.png,drivingAlone_RVL_RAB_FOT,125,1071,0,0,2.8599499192720437,
Image_0_drivingAlone_RVL_RAB_FOT_125_871.png,drivingAlone_RVL_RAB_FOT,125,871,0,0,2.8736903927793196,
Image_0_drivingAlone_RVL_RAB_FOT_126_1036.png,drivingAlone_RVL_RAB_FOT,126,1036,0,0,3.14991206502496,
Image_0_drivingAlone_RVL_RAB_FOT_126_1336.png,drivingAlone_RVL_RAB_FOT,126,1336,0,0,nan,
Image_0_drivingAlone_RVL_RAB_FOT_126_236.png,drivingAlone_RVL_RAB_FOT,126,236,0,0,3.8812829968974842,
Image_0_drivingAlone_RVL_RAB_FOT_126_936.png,drivingAlone_RVL_RAB_FOT,126,936,0,0,3.2238753499100197,
Image_0_drivingAlone_RVL_RAB_FOT_128_1136.png,drivingAlone_RVL_RAB_FOT,128,1136,0,0,2.716527686167466,
Image_0_drivingAlone_RVL_RAB_FOT_128_236.png,drivingAlone_RVL_RAB_FOT,128,236,0,0,3.0986686890856543,
Image_0_drivingAlone_RVL_RAB_FOT_128_736.png,drivingAlone_RVL_RAB_FOT,128,736,0,0,2.6124247583833116,
Image_0_drivingAlone_RVL_RAB_FOT_129_1301.png,drivingAlone_RVL_RAB_FOT,129,1301,0,0,nan,
Image_0_drivingAlone_RVL_RAB_FOT_129_1401.png,drivingAlone_RVL_RAB_FOT,129,1401,0,0,nan,
Image_0_drivingAlone_RVL_RAB_FOT_129_201.png,drivingAlone_RVL_RAB_FOT,129,201,0,0,3.8496541720309363,
Image_0_drivingAlone_RVL_RAB_FOT_130_681.png,drivingAlone_RVL_RAB_FOT,130,681,0,0,2.8258205724473093,
Image_0_drivingAlone_RVL_RAB_FOT_130_981.png,drivingAlone_RVL_RAB_FOT,130,981,0,0,2.7986803209017257,
Image_0_drivingAlone_RVL_RAB_FOT_131_1286.png,drivingAlone_RVL_RAB_FOT,131,1286,0,0,2.9070008806078502,
Image_0_drivingAlone_RVL_RAB_FOT_131_1386.png,drivingAlone_RVL_RAB_FOT,131,1386,0,0,nan,
Image_0_drivingAlone_RVL_RAB_FOT_131_986.png,drivingAlone_RVL_RAB_FOT,131,986,0,0,3.0194533789842044,
Image_0_drivingAlone_RVL_RAB_FOT_132_311.png,drivingAlone_RVL_RAB_FOT,132,311,0,0,3.4781651066681682,
Image_0_drivingAlone_RVL_RAB_FOT_133_1031.png,drivingAlone_RVL_RAB_FOT,133,1031,0,0,3.2306035636698076,
Image_0_drivingAlone_RVL_RAB_FOT_133_231.png,drivingAlone_RVL_RAB_FOT,133,231,0,0,3.9224208603854667,
Image_0_drivingAlone_RVL_RAB_FOT_133_331.png,drivingAlone_RVL_RAB_FOT,133,331,0,0,4.017584916245296,
Image_0_drivingAlone_RVL_RAB_FOT_133_431.png,drivingAlone_RVL_RAB_FOT,133,431,0,0,3.586716259687032,
Image_0_drivingAlone_RVL_RAB_FOT_133_831.png,drivingAlone_RVL_RAB_FOT,133,831,0,0,3.2141572840104313,
Image_0_drivingAlone_RVL_RAB_FOT_134_1246.png,drivingAlone_RVL_RAB_FOT,134,1246,0,0,2.488849110747356,
Image_0_drivingAlone_RVL_RAB_FOT_134_446.png,drivingAlone_RVL_RAB_FOT,134,446,0,0,2.720516324829319,
Image_0_drivingAlone_RVL_RAB_FOT_134_946.png,drivingAlone_RVL_RAB_FOT,134,946,0,0,2.431787481596116,
Image_0_drivingAlone_RVL_RAB_FOT_135_1366.png,drivingAlone_RVL_RAB_FOT,135,1366,0,0,nan,
Image_0_drivingAlone_RVL_RAB_FOT_135_466.png,drivingAlone_RVL_RAB_FOT,135,466,0,0,2.278483891018542,
Image_0_drivingAlone_RVL_RAB_FOT_135_966.png,drivingAlone_RVL_RAB_FOT,135,966,0,0,2.152428127632324,
Image_0_drivingAlone_RVL_RAB_FOT_136_1311.png,drivingAlone_RVL_RAB_FOT,136,1311,0,0,nan,
Image_0_drivingAlone_RVL_RAB_FOT_136_511.png,drivingAlone_RVL_RAB_FOT,136,511,0,0,3.484570044482224,
Image_0_drivingAlone_RVL_RAB_FOT_136_811.png,drivingAlone_RVL_RAB_FOT,136,811,0,0,3.4005051317974777,
Image_0_drivingAlone_RVL_RAB_FOT_137_1021.png,drivingAlone_RVL_RAB_FOT,137,1021,0,0,1.92475357087738,
Image_0_drivingAlone_RVL_RAB_FOT_137_621.png,drivingAlone_RVL_RAB_FOT,137,621,0,0,1.9930587845470482,
Image_0_drivingAlone_RVL_RAB_FOT_138_1266.png,drivingAlone_RVL_RAB_FOT,138,1266,0,0,nan,
Image_0_drivingAlone_RVL_RAB_FOT_138_766.png,drivingAlone_RVL_RAB_FOT,138,766,0,0,2.2083729182931378,
Image_0_drivingAlone_RVL_RAB_FOT_140_606.png,drivingAlone_RVL_RAB_FOT,140,606,0,0,1.987581433745838,
Image_0_drivingAlone_RVL_RAB_FOT_141_1431.png,drivingAlone_RVL_RAB_FOT,141,1431,0,0,nan,
Image_0_drivingAlone_RVL_RAB_FOT_141_331.png,drivingAlone_RVL_RAB_FOT,141,331,0,0,3.543225277516715,
Image_0_drivingAlone_RVL_RAB_FOT_142_1426.png,drivingAlone_RVL_RAB_FOT,142,1426,0,0,nan,
Image_0_drivingAlone_RVL_RAB_FOT_143_1321.png,drivingAlone_RVL_RAB_FOT,143,1321,0,0,nan,
Image_0_drivingAlone_RVL_RAB_FOT_143_721.png,drivingAlone_RVL_RAB_FOT,143,721,0,0,3.5303476398194773,
Image_0_drivingAlone_RVL_RAB_FOT_144_331.png,drivingAlone_RVL_RAB_FOT,144,331,0,0,3.38755995124553,
Image_0_drivingAlone_RVL_RAB_FOT_144_531.png,drivingAlone_RVL_RAB_FOT,144,531,0,0,2.7393729772644484,
Image_0_drivingAlone_RVL_RAB_FOT_144_731.png,drivingAlone_RVL_RAB_FOT,144,731,0,0,2.628090948342062,
Image_0_drivingAlone_RVL_RAB_FOT_145_1276.png,drivingAlone_RVL_RAB_FOT,145,1276,0,0,nan,
Image_0_drivingAlone_RVL_RAB_FOT_145_376.png,drivingAlone_RVL_RAB_FOT,145,376,0,0,3.527307166421352,
Image_0_drivingAlone_RVL_RAB_FOT_145_476.png,drivingAlone_RVL_RAB_FOT,145,476,0,0,3.134633357037094,
Image_0_drivingAlone_RVL_RAB_FOT_145_576.png,drivingAlone_RVL_RAB_FOT,145,576,0,0,2.9540352839848225,
Image_0_drivingAlone_RVL_RAB_FOT_145_676.png,drivingAlone_RVL_RAB_FOT,145,676,0,0,2.9244782455343064,
Image_0_drivingAlone_RVL_RAB_FOT_145_876.png,drivingAlone_RVL_RAB_FOT,145,876,0,0,2.966830048576444,
Image_0_drivingAlone_RVL_RAB_FOT_146_391.png,drivingAlone_RVL_RAB_FOT,146,391,0,0,4.078369069160457,
Image_0_drivingAlone_RVL_RAB_FOT_147_826.png,drivingAlone_RVL_RAB_FOT,147,826,0,0,2.4321002522098922,
Image_0_drivingAlone_RVL_RAB_FOT_148_646.png,drivingAlone_RVL_RAB_FOT,148,646,0,0,2.9456168312442053,
Image_0_drivingAlone_RVL_RAB_FOT_149_1126.png,drivingAlone_RVL_RAB_FOT,149,1126,0,0,3.2764714370938295,
Image_0_drivingAlone_RVL_RAB_FOT_150_191.png,drivingAlone_RVL_RAB_FOT,150,191,0,0,4.491614421645078,
Image_0_drivingAlone_RVL_RAB_FOT_150_391.png,drivingAlone_RVL_RAB_FOT,150,391,0,0,4.583801660375754,
Image_0_drivingAlone_RVL_RAB_FOT_152_1016.png,drivingAlone_RVL_RAB_FOT,152,1016,0,0,3.3334235979321094,
Image_0_drivingAlone_RVL_RAB_FOT_152_216.png,drivingAlone_RVL_RAB_FOT,152,216,0,0,3.81118237809107,
Image_0_drivingAlone_RVL_RAB_FOT_153_401.png,drivingAlone_RVL_RAB_FOT,153,401,0,0,3.9381093744093185,
Image_0_drivingAlone_RVL_RAB_FOT_154_1031.png,drivingAlone_RVL_RAB_FOT,154,1031,0,0,2.904206696978053,
Image_0_drivingAlone_RVL_RAB_FOT_154_931.png,drivingAlone_RVL_RAB_FOT,154,931,0,0,2.9414148690194146,
Image_0_drivingAlone_RVL_RAB_FOT_156_1026.png,drivingAlone_RVL_RAB_FOT,156,1026,0,0,3.2595315914074052,
Image_0_drivingAlone_RVL_RAB_FOT_156_1426.png,drivingAlone_RVL_RAB_FOT,156,1426,0,0,nan,
Image_0_drivingAlone_RVL_RAB_FOT_157_306.png,drivingAlone_RVL_RAB_FOT,157,306,0,0,3.7336970983767124,
Image_0_drivingAlone_RVL_RAB_FOT_157_406.png,drivingAlone_RVL_RAB_FOT,157,406,0,0,3.339790558096606,
Image_0_drivingAlone_RVL_RAB_FOT_157_806.png,drivingAlone_RVL_RAB_FOT,157,806,0,0,3.0286779333172733,
Image_0_drivingAlone_RVL_RAB_FOT_158_1011.png,drivingAlone_RVL_RAB_FOT,158,1011,0,0,1.8252025230506994,
Image_0_drivingAlone_RVL_RAB_FOT_160_1386.png,drivingAlone_RVL_RAB_FOT,160,1386,0,0,nan,
Image_0_drivingAlone_RVL_RAB_FOT_160_386.png,drivingAlone_RVL_RAB_FOT,160,386,0,0,4.16535714026714,
Image_0_drivingAlone_RVL_RAB_FOT_160_686.png,drivingAlone_RVL_RAB_FOT,160,686,0,0,3.597471161646933,
Image_0_drivingAlone_RVL_RAB_FOT_160_786.png,drivingAlone_RVL_RAB_FOT,160,786,0,0,3.494588955944974,
Image_0_drivingAlone_RVL_RAB_FOT_161_506.png,drivingAlone_RVL_RAB_FOT,161,506,0,0,2.971942733218616,
Image_0_drivingAlone_RVL_RAB_FOT_162_1301.png,drivingAlone_RVL_RAB_FOT,162,1301,0,0,nan,
Image_0_drivingAlone_RVL_RAB_FOT_162_301.png,drivingAlone_RVL_RAB_FOT,162,301,0,0,3.7123050250954837,
Image_0_drivingAlone_RVL_RAB_FOT_162_601.png,drivingAlone_RVL_RAB_FOT,162,601,0,0,2.900276931738447,
Image_0_drivingAlone_RVL_RAB_FOT_163_291.png,drivingAlone_RVL_RAB_FOT,163,291,0,0,4.619411492274986,
Image_0_drivingAlone_RVL_RAB_FOT_164_941.png,drivingAlone_RVL_RAB_FOT,164,941,0,0,3.3355792817730907,
Image_0_drivingAlone_RVL_RAB_FOT_165_1326.png,drivingAlone_RVL_RAB_FOT,165,1326,0,0,nan,
Image_0_drivingAlone_RVL_RAB_FOT_165_926.png,drivingAlone_RVL_RAB_FOT,165,926,0,0,3.1034511413227794,
Image_0_drivingAlone_RVL_RAB_FOT_167_1036.png,drivingAlone_RVL_RAB_FOT,167,1036,0,0,3.3573527104710275,
Image_0_drivingAlone_RVL_RAB_FOT_167_1436.png,drivingAlone_RVL_RAB_FOT,167,1436,0,0,nan,
Image_0_drivingAlone_RVL_RAB_FOT_167_236.png,drivingAlone_RVL_RAB_FOT,167,236,0,0,4.04334819218141,
Image_0_drivingAlone_RVL_RAB_FOT_167_336.png,drivingAlone_RVL_RAB_FOT,167,336,0,0,4.142879481210157,
Image_0_drivingAlone_RVL_RAB_FOT_169_1331.png,drivingAlone_RVL_RAB_FOT,169,1331,0,0,nan,
Image_0_drivingAlone_RVL_RAB_FOT_169_831.png,drivingAlone_RVL_RAB_FOT,169,831,0,0,3.091279612002259,
Image_0_drivingAlone_RVL_RAB_FOT_169_931.png,drivingAlone_RVL_RAB_FOT,169,931,0,0,3.1440866890565387,
Image_0_drivingAlone_RVL_RAB_FOT_170_1171.png,drivingAlone_RVL_RAB_FOT,170,1171,0,0,2.88577259652051,
Image_0_drivingAlone_RVL_RAB_FOT_170_1371.png,drivingAlone_RVL_RAB_FOT,170,1371,0,0,nan,
Image_0_drivingAlone_RVL_RAB_FOT_170_1471.png,drivingAlone_RVL_RAB_FOT,170,1471,0,0,nan,
Image_0_drivingAlone_RVL_RAB_FOT_170_571.png,drivingAlone_RVL_RAB_FOT,170,571,0,0,2.8893540885759235,
Image_0_drivingAlone_RVL_RAB_FOT_171_636.png,drivingAlone_RVL_RAB_FOT,171,636,0,0,2.0804110199334573,
Image_0_drivingAlone_RVL_RAB_FOT_171_836.png,drivingAlone_RVL_RAB_FOT,171,836,0,0,2.0621596252996763,
Image_0_drivingAlone_RVL_RAB_FOT_172_456.png,drivingAlone_RVL_RAB_FOT,172,456,0,0,3.229622271061073,
Image_0_drivingAlone_RVL_RAB_FOT_172_756.png,drivingAlone_RVL_RAB_FOT,172,756,0,0,3.0045668456242636,
Image_0_drivingAlone_RVL_RAB_FOT_173_341.png,drivingAlone_RVL_RAB_FOT,173,341,0,0,2.457599050269099,
Image_0_drivingAlone_RVL_RAB_FOT_173_941.png,drivingAlone_RVL_RAB_FOT,173,941,0,0,2.0061950593394515,
Image_0_drivingAlone_RVL_RAB_FOT_174_1256.png,drivingAlone_RVL_RAB_FOT,174,1256,0,0,2.859284570550109,
Image_0_drivingAlone_RVL_RAB_FOT_175_1016.png,drivingAlone_RVL_RAB_FOT,175,1016,0,0,3.315345383826651,
Image_0_drivingAlone_RVL_RAB_FOT_175_1316.png,drivingAlone_RVL_RAB_FOT,175,1316,0,0,nan,
Image_0_drivingAlone_RVL_RAB_FOT_175_916.png,drivingAlone_RVL_RAB_FOT,175,916,0,0,3.3556113683094906,
Image_0_drivingAlone_RVL_RAB_FOT_176_1196.png,drivingAlone_RVL_RAB_FOT,176,1196,0,0,2.0574765749122417,
Image_0_drivingAlone_RVL_RAB_FOT_176_696.png,drivingAlone_RVL_RAB_FOT,176,696,0,0,1.98656443206891,
Image_0_drivingAlone_RVL_RAB_FOT_177_1131.png,drivingAlone_RVL_RAB_FOT,177,1131,0,0,nan,
Image_0_drivingAlone_RVL_RAB_FOT_177_831.png,drivingAlone_RVL_RAB_FOT,177,831,0,0,1.9650450050514294,
Image_0_drivingAlone_RVL_RAB_FOT_178_1256.png,drivingAlone_RVL_RAB_FOT,178,1256,0,0,3.093497153973112,
Image_0_drivingAlone_RVL_RAB_FOT_178_1356.png,drivingAlone_RVL_RAB_FOT,178,1356,0,0,nan,
Image_0_drivingAlone_RVL_RAB_FOT_178_556.png,drivingAlone_RVL_RAB_FOT,178,556,0,0,2.9523695913378214,
Image_0_drivingAlone_RVL_RAB_FOT_178_656.png,drivingAlone_RVL_RAB_FOT,178,656,0,0,2.920479825962355,
Image_0_drivingAlone_RVL_RAB_FOT_178_856.png,drivingAlone_RVL_RAB_FOT,178,856,0,0,3.0372722307886977,
Image_0_drivingAlone_RVL_RAB_FOT_180_1061.png,drivingAlone_RVL_RAB_FOT,180,1061,0,0,2.8317404935870467,
Image_0_drivingAlone_RVL_RAB_FOT_180_361.png,drivingAlone_RVL_RAB_FOT,180,361,0,0,3.5236752851378643,
Image_0_drivingAlone_RVL_RAB_FOT_180_761.png,drivingAlone_RVL_RAB_FOT,180,761,0,0,2.980176661916518,
Image_0_drivingAlone_RVL_RAB_FOT_181_1141.png,drivingAlone_RVL_RAB_FOT,181,1141,0,0,nan,
Image_0_drivingAlone_RVL_RAB_FOT_181_1241.png,drivingAlone_RVL_RAB_FOT,181,1241,0,0,nan,
Image_0_drivingAlone_RVL_RAB_FOT_183_1376.png,drivingAlone_RVL_RAB_FOT,183,1376,0,0,nan,
Image_0_drivingAlone_RVL_RAB_FOT_183_476.png,drivingAlone_RVL_RAB_FOT,183,476,0,0,2.9729831878257906,
Image_0_drivingAlone_RVL_RAB_FOT_183_676.png,drivingAlone_RVL_RAB_FOT,183,676,0,0,2.836708657686297,
Image_0_drivingAlone_RVL_RAB_FOT_184_1026.png,drivingAlone_RVL_RAB_FOT,184,1026,0,0,3.0519079672512595,
Image_0_drivingAlone_RVL_RAB_FOT_184_1426.png,drivingAlone_RVL_RAB_FOT,184,1426,0,0,nan,
Image_0_drivingAlone_RVL_RAB_FOT_184_426.png,drivingAlone_RVL_RAB_FOT,184,426,0,0,3.385178893090517,
Image_0_drivingAlone_RVL_RAB_FOT_185_1116.png,drivingAlone_RVL_RAB_FOT,185,1116,0,0,3.1227337361368352,
Image_0_drivingAlone_RVL_RAB_FOT_185_316.png,drivingAlone_RVL_RAB_FOT,185,316,0,0,3.905780434457496,
Image_0_drivingAlone_RVL_RAB_FOT_185_716.png,drivingAlone_RVL_RAB_FOT,185,716,0,0,3.0156391201579584,
Image_0_drivingAlone_RVL_RAB_FOT_187_1356.png,drivingAlone_RVL_RAB_FOT,187,1356,0,0,nan,
Image_0_drivingAlone_RVL_RAB_FOT_187_956.png,drivingAlone_RVL_RAB_FOT,187,956,0,0,3.1800812169961934,
Image_0_drivingAlone_RVL_RAB_FOT_189_1141.png,drivingAlone_RVL_RAB_FOT,189,1141,0,0,3.0585852526572834,
Image_0_drivingAlone_RVL_RAB_FOT_189_541.png,drivingAlone_RVL_RAB_FOT,189,541,0,0,3.1683624758828,
Image_0_drivingAlone_RVL_RAB_FOT_189_741.png,drivingAlone_RVL_RAB_FOT,189,741,0,0,3.005635288200275,
Image_0_drivingAlone_RVL_RAB_FOT_189_941.png,drivingAlone_RVL_RAB_FOT,189,941,0,0,3.075101543413957,
Image_0_drivingAlone_RVL_RAB_FOT_190_441.png,drivingAlone_RVL_RAB_FOT,190,441,0,0,3.3550991850228398,
Image_0_drivingAlone_RVL_RAB_FOT_190_741.png,drivingAlone_RVL_RAB_FOT,190,741,0,0,3.0599769922181563,
Image_0_drivingAlone_RVL_RAB_FOT_191_1216.png,drivingAlone_RVL_RAB_FOT,191,1216,0,0,2.522658887343829,
Image_0_drivingAlone_RVL_RAB_FOT_193_1311.png,drivingAlone_RVL_RAB_FOT,193,1311,0,1,nan,
Image_0_drivingAlone_RVL_RAB_FOT_194_1026.png,drivingAlone_RVL_RAB_FOT,194,1026,0,0,1.7669025016087694,
Image_0_drivingAlone_RVL_RAB_FOT_194_326.png,drivingAlone_RVL_RAB_FOT,194,326,0,0,2.2836379432049103,
Image_0_drivingAlone_RVL_RAB_FOT_195_226.png,drivingAlone_RVL_RAB_FOT,195,226,0,0,4.238127244551773,
Image_0_drivingAlone_RVL_RAB_FOT_195_326.png,drivingAlone_RVL_RAB_FOT,195,326,0,0,4.126295929126792,
Image_0_drivingAlone_RVL_RAB_FOT_196_1366.png,drivingAlone_RVL_RAB_FOT,196,1366,0,0,nan,
Image_0_drivingAlone_RVL_RAB_FOT_196_366.png,drivingAlone_RVL_RAB_FOT,196,366,0,0,3.5455781911091524,
Image_0_drivingAlone_RVL_RAB_FOT_196_766.png,drivingAlone_RVL_RAB_FOT,196,766,0,0,2.8967874722108924,
Image_0_drivingAlone_RVL_RAB_FOT_196_866.png,drivingAlone_RVL_RAB_FOT,196,866,0,0,2.968977445977747,
Image_0_drivingAlone_RVL_RAB_FOT_198_766.png,drivingAlone_RVL_RAB_FOT,198,766,0,0,2.8446587628437374,
Image_0_drivingAlone_RVL_RAB_FOT_199_1151.png,drivingAlone_RVL_RAB_FOT,199,1151,0,0,3.1588429179843676,
Image_0_drivingAlone_RVL_RAB_FOT_199_251.png,drivingAlone_RVL_RAB_FOT,199,251,0,0,3.978396566673009,
Image_0_drivingAlone_RVL_RAB_FOT_199_651.png,drivingAlone_RVL_RAB_FOT,199,651,0,0,3.2026334481818637,
Image_0_drivingAlone_RVL_RAB_FOT_199_751.png,drivingAlone_RVL_RAB_FOT,199,751,0,0,3.083702754316401,
Image_0_drivingAlone_RVL_RAB_FOT_199_851.png,drivingAlone_RVL_RAB_FOT,199,851,0,0,3.087418769449007,
Image_0_drivingAlone_RVL_RAB_FOT_200_1086.png,drivingAlone_RVL_RAB_FOT,200,1086,0,0,2.745212062597446,
Image_0_drivingAlone_RVL_RAB_FOT_200_1286.png,drivingAlone_RVL_RAB_FOT,200,1286,0,0,nan,
Image_0_drivingAlone_RVL_RAB_FOT_201_406.png,drivingAlone_RVL_RAB_FOT,201,406,0,0,3.0430867370574735,
Image_0_drivingAlone_RVL_RAB_FOT_201_506.png,drivingAlone_RVL_RAB_FOT,201,506,0,0,2.7849526539408513,
Image_0_drivingAlone_RVL_RAB_FOT_201_606.png,drivingAlone_RVL_RAB_FOT,201,606,0,0,2.680008246265099,
Image_0_drivingAlone_RVL_RAB_FOT_202_306.png,drivingAlone_RVL_RAB_FOT,202,306,0,0,4.180234233014348,
Image_0_drivingAlone_RVL_RAB_FOT_203_1086.png,drivingAlone_RVL_RAB_FOT,203,1086,0,0,2.6749393557733327,
Image_0_drivingAlone_RVL_RAB_FOT_203_486.png,drivingAlone_RVL_RAB_FOT,203,486,0,0,2.714776348950365,
Image_0_drivingAlone_RVL_RAB_FOT_204_311.png,drivingAlone_RVL_RAB_FOT,204,311,0,0,4.238513304184288,
Image_0_drivingAlone_RVL_RAB_FOT_205_1391.png,drivingAlone_RVL_RAB_FOT,205,1391,0,0,nan,
Image_0_drivingAlone_RVL_RAB_FOT_206_331.png,drivingAlone_RVL_RAB_FOT,206,331,0,0,4.043081536692576,
Image_0_drivingAlone_RVL_RAB_FOT_207_1051.png,drivingAlone_RVL_RAB_FOT,207,1051,0,0,3.0167239647835604,
Image_0_drivingAlone_RVL_RAB_FOT_207_1451.png,drivingAlone_RVL_RAB_FOT,207,1451,0,0,nan,
Image_0_drivingAlone_RVL_RAB_FOT_207_751.png,drivingAlone_RVL_RAB_FOT,207,751,0,0,2.9857997447951456,
Image_0_drivingAlone_RVL_RAB_FOT_208_1456.png,drivingAlone_RVL_RAB_FOT,208,1456,0,0,nan,
Image_0_drivingAlone_RVL_RAB_FOT_208_356.png,drivingAlone_RVL_RAB_FOT,208,356,0,0,3.744514567362204,
Image_0_drivingAlone_RVL_RAB_FOT_208_556.png,drivingAlone_RVL_RAB_FOT,208,556,0,0,3.1802630653005632,
Image_0_drivingAlone_RVL_RAB_FOT_209_511.png,drivingAlone_RVL_RAB_FOT,209,511,0,0,2.8280787451912195,
Image_0_drivingAlone_RVL_RAB_FOT_210_1436.png,drivingAlone_RVL_RAB_FOT,210,1436,0,0,nan,
Image_0_drivingAlone_RVL_RAB_FOT_211_1016.png,drivingAlone_RVL_RAB_FOT,211,1016,0,0,3.474556250600145,
Image_0_drivingAlone_RVL_RAB_FOT_211_1316.png,drivingAlone_RVL_RAB_FOT,211,1316,0,0,nan,
Image_0_drivingAlone_RVL_RAB_FOT_211_316.png,drivingAlone_RVL_RAB_FOT,211,316,0,0,4.096335701246463,
Image_0_drivingAlone_RVL_RAB_FOT_211_716.png,drivingAlone_RVL_RAB_FOT,211,716,0,0,3.309550898158726,
Image_0_drivingAlone_RVL_RAB_FOT_212_1081.png,drivingAlone_RVL_RAB_FOT,212,1081,0,0,2.1609878174823027,
Image_0_drivingAlone_RVL_RAB_FOT_212_681.png,drivingAlone_RVL_RAB_FOT,212,681,0,0,2.213094758486406,
Image_0_drivingAlone_RVL_RAB_FOT_213_1066.png,drivingAlone_RVL_RAB_FOT,213,1066,0,0,2.878975226715376,
Image_0_drivingAlone_RVL_RAB_FOT_213_1266.png,drivingAlone_RVL_RAB_FOT,213,1266,0,0,2.985470603277028,
Image_0_drivingAlone_RVL_RAB_FOT_213_566.png,drivingAlone_RVL_RAB_FOT,213,566,0,0,2.9035773831779093,
Image_0_drivingAlone_RVL_RAB_FOT_213_866.png,drivingAlone_RVL_RAB_FOT,213,866,0,0,2.900721813892539,
Image_0_drivingAlone_RVL_RAB_FOT_214_526.png,drivingAlone_RVL_RAB_FOT,214,526,0,0,1.7282951969678875,
Image_0_drivingAlone_RVL_RAB_FOT_214_726.png,drivingAlone_RVL_RAB_FOT,214,726,0,0,1.5831569854629892,
Image_0_drivingAlone_RVL_RAB_FOT_214_826.png,drivingAlone_RVL_RAB_FOT,214,826,0,0,1.581301380895327,
Image_0_drivingAlone_RVL_RAB_FOT_215_1341.png,drivingAlone_RVL_RAB_FOT,215,1341,0,0,nan,
Image_0_drivingAlone_RVL_RAB_FOT_215_1441.png,drivingAlone_RVL_RAB_FOT,215,1441,0,0,nan,
Image_0_drivingAlone_RVL_RAB_FOT_215_341.png,drivingAlone_RVL_RAB_FOT,215,341,0,0,3.812576277748109,
Image_0_drivingAlone_RVL_RAB_FOT_215_441.png,drivingAlone_RVL_RAB_FOT,215,441,0,0,3.4374380415351293,
Image_0_drivingAlone_RVL_RAB_FOT_216_531.png,drivingAlone_RVL_RAB_FOT,216,531,0,0,2.545241561777721,
Image_0_drivingAlone_RVL_RAB_FOT_216_931.png,drivingAlone_RVL_RAB_FOT,216,931,0,0,2.5525129218788303,
Image_0_drivingAlone_RVL_RAB_FOT_217_1311.png,drivingAlone_RVL_RAB_FOT,217,1311,0,0,nan,
Image_0_drivingAlone_RVL_RAB_FOT_217_611.png,drivingAlone_RVL_RAB_FOT,217,611,0,0,2.573481488533327,
Image_0_drivingAlone_RVL_RAB_FOT_217_711.png,drivingAlone_RVL_RAB_FOT,217,711,0,0,2.6855882580978303,
Image_0_drivingAlone_RVL_RAB_FOT_217_811.png,drivingAlone_RVL_RAB_FOT,217,811,0,0,2.7693108244016083,
Image_0_drivingAlone_RVL_RAB_FOT_218_1291.png,drivingAlone_RVL_RAB_FOT,218,1291,0,0,nan,
Image_0_drivingAlone_RVL_RAB_FOT_218_891.png,drivingAlone_RVL_RAB_FOT,218,891,0,0,2.605772066306858,
Image_0_drivingAlone_RVL_RAB_FOT_220_1056.png,drivingAlone_RVL_RAB_FOT,220,1056,0,0,3.1358585934601884,
Image_0_drivingAlone_RVL_RAB_FOT_220_1356.png,drivingAlone_RVL_RAB_FOT,220,1356,0,0,nan,
Image_0_drivingAlone_RVL_RAB_FOT_220_1456.png,drivingAlone_RVL_RAB_FOT,220,1456,0,0,nan,
Image_0_drivingAlone_RVL_RAB_FOT_220_256.png,drivingAlone_RVL_RAB_FOT,220,256,0,0,4.007888503480503,
Image_0_drivingAlone_RVL_RAB_FOT_220_456.png,drivingAlone_RVL_RAB_FOT,220,456,0,0,3.3145491958729467,
Image_0_drivingAlone_RVL_RAB_FOT_221_1071.png,drivingAlone_RVL_RAB_FOT,221,1071,0,0,2.236558940073934,
Image_0_drivingAlone_RVL_RAB_FOT_222_1016.png,drivingAlone_RVL_RAB_FOT,222,1016,0,0,3.308527412338767,
Image_0_drivingAlone_RVL_RAB_FOT_222_1116.png,drivingAlone_RVL_RAB_FOT,222,1116,0,0,3.265768932947309,
Image_0_drivingAlone_RVL_RAB_FOT_222_516.png,drivingAlone_RVL_RAB_FOT,222,516,0,0,3.396590220487445,
Image_0_drivingAlone_RVL_RAB_FOT_222_716.png,drivingAlone_RVL_RAB_FOT,222,716,0,0,3.240481890573899,
Image_0_drivingAlone_RVL_RAB_FOT_222_816.png,drivingAlone_RVL_RAB_FOT,222,816,0,0,3.3021629970424717,
Image_0_drivingAlone_RVL_RAB_FOT_223_1246.png,drivingAlone_RVL_RAB_FOT,223,1246,0,0,3.0412061749244397,
Image_0_drivingAlone_RVL_RAB_FOT_223_646.png,drivingAlone_RVL_RAB_FOT,223,646,0,0,3.026799083515896,
Image_0_drivingAlone_RVL_RAB_FOT_223_846.png,drivingAlone_RVL_RAB_FOT,223,846,0,0,2.998809203324784,
Image_0_drivingAlone_RVL_RAB_FOT_224_1336.png,drivingAlone_RVL_RAB_FOT,224,1336,0,0,nan,
Image_0_drivingAlone_RVL_RAB_FOT_224_736.png,drivingAlone_RVL_RAB_FOT,224,736,0,0,3.0466977199388694,
Image_0_drivingAlone_RVL_RAB_FOT_225_1356.png,drivingAlone_RVL_RAB_FOT,225,1356,0,0,nan,
Image_0_drivingAlone_RVL_RAB_FOT_225_756.png,drivingAlone_RVL_RAB_FOT,225,756,0,0,3.1557193234502687,
Image_0_drivingAlone_RVL_RAB_FOT_225_956.png,drivingAlone_RVL_RAB_FOT,225,956,0,0,2.9986427489794187,
Image_0_drivingAlone_RVL_RAB_FOT_226_1156.png,drivingAlone_RVL_RAB_FOT,226,1156,0,0,3.045296579720678,
Image_0_drivingAlone_RVL_RAB_FOT_226_1456.png,drivingAlone_RVL_RAB_FOT,226,1456,0,0,nan,
Image_0_drivingAlone_RVL_RAB_FOT_226_456.png,drivingAlone_RVL_RAB_FOT,226,456,0,0,3.253251291666924,
Image_0_drivingAlone_RVL_RAB_FOT_226_956.png,drivingAlone_RVL_RAB_FOT,226,956,0,0,3.0634857318891995,
Image_0_drivingAlone_RVL_RAB_FOT_227_861.png,drivingAlone_RVL_RAB_FOT,227,861,0,0,3.24436900487047,
Image_0_drivingAlone_RVL_RAB_FOT_228_1196.png,drivingAlone_RVL_RAB_FOT,228,1196,0,0,2.7660930787793356,
Image_0_drivingAlone_RVL_RAB_FOT_228_496.png,drivingAlone_RVL_RAB_FOT,228,496,0,0,2.8826002670742277,
Image_0_drivingAlone_RVL_RAB_FOT_229_856.png,drivingAlone_RVL_RAB_FOT,229,856,0,0,3.1697900218536184,
Image_0_drivingAlone_RVL_RAB_FOT_230_1481.png,drivingAlone_RVL_RAB_FOT,230,1481,0,0,nan,
Image_0_drivingAlone_RVL_RAB_FOT_230_781.png,drivingAlone_RVL_RAB_FOT,230,781,0,0,3.039405529484964,
Image_0_drivingAlone_RVL_RAB_FOT_230_981.png,drivingAlone_RVL_RAB_FOT,230,981,0,0,3.021720887269231,
Image_0_drivingAlone_RVL_RAB_FOT_231_1371.png,drivingAlone_RVL_RAB_FOT,231,1371,0,0,nan,
Image_0_drivingAlone_RVL_RAB_FOT_231_771.png,drivingAlone_RVL_RAB_FOT,231,771,0,0,2.9108460015917164,
Image_0_drivingAlone_RVL_RAB_FOT_232_501.png,drivingAlone_RVL_RAB_FOT,232,501,0,0,2.1242989437466555,
Image_0_drivingAlone_RVL_RAB_FOT_233_336.png,drivingAlone_RVL_RAB_FOT,233,336,0,0,3.986583751726773,
Image_0_drivingAlone_RVL_RAB_FOT_233_536.png,drivingAlone_RVL_RAB_FOT,233,536,0,0,3.3005607411264917,
Image_0_drivingAlone_RVL_RAB_FOT_234_281.png,drivingAlone_RVL_RAB_FOT,234,281,0,0,2.3076642240989127,
Image_0_drivingAlone_RVL_RAB_FOT_234_681.png,drivingAlone_RVL_RAB_FOT,234,681,0,0,1.6550845101565042,
Image_0_drivingAlone_RVL_RAB_FOT_234_981.png,drivingAlone_RVL_RAB_FOT,234,981,0,0,1.651708517488243,
Image_0_drivingAlone_RVL_RAB_FOT_235_191.png,drivingAlone_RVL_RAB_FOT,235,191,0,0,4.443215134556859,
Image_0_drivingAlone_RVL_RAB_FOT_235_991.png,drivingAlone_RVL_RAB_FOT,235,991,0,0,nan,
Image_0_drivingAlone_RVL_RAB_FOT_236_1011.png,drivingAlone_RVL_RAB_FOT,236,1011,0,0,3.0410086871362005,
Image_0_drivingAlone_RVL_RAB_FOT_236_711.png,drivingAlone_RVL_RAB_FOT,236,711,0,0,2.910541217237289,
Image_0_drivingAlone_RVL_RAB_FOT_237_241.png,drivingAlone_RVL_RAB_FOT,237,241,0,0,2.5999667120831464,
Image_0_drivingAlone_RVL_RAB_FOT_238_266.png,drivingAlone_RVL_RAB_FOT,238,266,0,0,3.8915678311541466,
Image_0_drivingAlone_RVL_RAB_FOT_239_926.png,drivingAlone_RVL_RAB_FOT,239,926,0,0,3.149005529340493,
Image_0_drivingAlone_RVL_RAB_FOT_240_1121.png,drivingAlone_RVL_RAB_FOT,240,1121,0,0,nan,
Image_0_drivingAlone_RVL_RAB_FOT_240_221.png,drivingAlone_RVL_RAB_FOT,240,221,0,0,2.4768425105761125,
Image_0_drivingAlone_RVL_RAB_FOT_240_421.png,drivingAlone_RVL_RAB_FOT,240,421,0,0,2.162409910142321,
Image_0_drivingAlone_RVL_RAB_FOT_241_426.png,drivingAlone_RVL_RAB_FOT,241,426,0,0,3.3493298058729426,
Image_0_drivingAlone_RVL_RAB_FOT_241_526.png,drivingAlone_RVL_RAB_FOT,241,526,0,0,3.156285796398876,
Image_0_drivingAlone_RVL_RAB_FOT_241_826.png,drivingAlone_RVL_RAB_FOT,241,826,0,0,2.836180470690133,
Image_0_drivingAlone_RVL_RAB_FOT_242_886.png,drivingAlone_RVL_RAB_FOT,242,886,0,0,2.3401879177142786,
Image_0_drivingAlone_RVL_RAB_FOT_243_1026.png,drivingAlone_RVL_RAB_FOT,243,1026,0,0,1.637178375890724,
Image_0_drivingAlone_RVL_RAB_FOT_243_926.png,drivingAlone_RVL_RAB_FOT,243,926,0,0,1.6469669081080502,
Image_0_drivingAlone_RVL_RAB_FOT_244_1056.png,drivingAlone_RVL_RAB_FOT,244,1056,0,0,0.8805622168336933,
Image_0_drivingAlone_RVL_RAB_FOT_244_856.png,drivingAlone_RVL_RAB_FOT,244,856,0,0,0.8177234567219869,
Image_0_drivingAlone_RVL_RAB_FOT_245_1241.png,drivingAlone_RVL_RAB_FOT,245,1241,0,0,3.1002226462904594,
Image_0_drivingAlone_RVL_RAB_FOT_245_641.png,drivingAlone_RVL_RAB_FOT,245,641,0,0,3.148349184414749,
Image_0_drivingAlone_RVL_RAB_FOT_246_621.png,drivingAlone_RVL_RAB_FOT,246,621,0,0,3.318329493372528,
Image_0_drivingAlone_RVL_RAB_FOT_246_721.png,drivingAlone_RVL_RAB_FOT,246,721,0,0,3.293527262367858,
Image_0_drivingAlone_RVL_RAB_FOT_247_1191.png,drivingAlone_RVL_RAB_FOT,247,1191,0,0,2.743307024918713,
Image_0_drivingAlone_RVL_RAB_FOT_247_1391.png,drivingAlone_RVL_RAB_FOT,247,1391,0,0,nan,
Image_0_drivingAlone_RVL_RAB_FOT_247_591.png,drivingAlone_RVL_RAB_FOT,247,591,0,0,2.7655908866827126,
Image_0_drivingAlone_RVL_RAB_FOT_248_1081.png,drivingAlone_RVL_RAB_FOT,248,1081,0,0,2.678748782726613,
Image_0_drivingAlone_RVL_RAB_FOT_248_781.png,drivingAlone_RVL_RAB_FOT,248,781,0,0,2.5870734934967485,
Image_0_drivingAlone_RVL_RAB_FOT_249_511.png,drivingAlone_RVL_RAB_FOT,249,511,0,0,3.4870325940012403,
Image_0_drivingAlone_RVL_RAB_FOT_250_316.png,drivingAlone_RVL_RAB_FOT,250,316,0,0,4.020598840359975,
Image_0_drivingAlone_RVL_RAB_FOT_250_516.png,drivingAlone_RVL_RAB_FOT,250,516,0,0,3.275552525480254,
Image_0_drivingAlone_RVL_RAB_FOT_251_1061.png,drivingAlone_RVL_RAB_FOT,251,1061,0,0,2.9757785331019453,
Image_0_drivingAlone_RVL_RAB_FOT_251_1361.png,drivingAlone_RVL_RAB_FOT,251,1361,0,0,nan,
Image_0_drivingAlone_RVL_RAB_FOT_251_1461.png,drivingAlone_RVL_RAB_FOT,251,1461,0,0,nan,
Image_0_drivingAlone_RVL_RAB_FOT_251_861.png,drivingAlone_RVL_RAB_FOT,251,861,0,0,2.931101748513309,
Image_0_drivingAlone_RVL_RAB_FOT_253_266.png,drivingAlone_RVL_RAB_FOT,253,266,0,0,2.545995909953149,
Image_0_drivingAlone_RVL_RAB_FOT_253_366.png,drivingAlone_RVL_RAB_FOT,253,366,0,0,2.365215798998502,
Image_0_drivingAlone_RVL_RAB_FOT_253_666.png,drivingAlone_RVL_RAB_FOT,253,666,0,0,1.8159894870192241,
Image_0_drivingAlone_RVL_RAB_FOT_254_196.png,drivingAlone_RVL_RAB_FOT,254,196,0,0,3.845286571167332,
Image_0_drivingAlone_RVL_RAB_FOT_254_796.png,drivingAlone_RVL_RAB_FOT,254,796,0,0,3.3621509346071443,
Image_0_drivingAlone_RVL_RAB_FOT_254_896.png,drivingAlone_RVL_RAB_FOT,254,896,0,0,3.4407785867915557,
Image_0_drivingAlone_RVL_RAB_FOT_254_996.png,drivingAlone_RVL_RAB_FOT,254,996,0,0,3.5301615928543018,
Image_0_drivingAlone_RVL_RAB_FOT_255_1431.png,drivingAlone_RVL_RAB_FOT,255,1431,0,0,nan,
Image_0_drivingAlone_RVL_RAB_FOT_255_231.png,drivingAlone_RVL_RAB_FOT,255,231,0,0,3.9236428208182144,
Image_0_drivingAlone_RVL_RAB_FOT_255_331.png,drivingAlone_RVL_RAB_FOT,255,331,0,0,3.8918621787326266,
Image_0_drivingAlone_RVL_RAB_FOT_255_831.png,drivingAlone_RVL_RAB_FOT,255,831,0,0,3.1506171502628444,
Image_0_drivingAlone_RVL_RAB_FOT_256_1041.png,drivingAlone_RVL_RAB_FOT,256,1041,0,0,3.1561027003013846,
Image_0_drivingAlone_RVL_RAB_FOT_256_1341.png,drivingAlone_RVL_RAB_FOT,256,1341,0,0,nan,
Image_0_drivingAlone_RVL_RAB_FOT_256_541.png,drivingAlone_RVL_RAB_FOT,256,541,0,0,3.116731352590178,
Image_0_drivingAlone_RVL_RAB_FOT_257_1221.png,drivingAlone_RVL_RAB_FOT,257,1221,0,0,3.185035859368563,
Image_0_drivingAlone_RVL_RAB_FOT_257_521.png,drivingAlone_RVL_RAB_FOT,257,521,0,0,3.208476853158806,
Image_0_drivingAlone_RVL_RAB_FOT_257_921.png,drivingAlone_RVL_RAB_FOT,257,921,0,0,3.3346434914819025,
Image_0_drivingAlone_RVL_RAB_FOT_258_1071.png,drivingAlone_RVL_RAB_FOT,258,1071,0,0,3.0479939542792565,
Image_0_drivingAlone_RVL_RAB_FOT_258_771.png,drivingAlone_RVL_RAB_FOT,258,771,0,0,2.8120735632166722,
Image_0_drivingAlone_RVL_RAB_FOT_258_871.png,drivingAlone_RVL_RAB_FOT,258,871,0,0,2.869698455471945,
Image_0_drivingAlone_RVL_RAB_FOT_259_1086.png,drivingAlone_RVL_RAB_FOT,259,1086,0,0,2.9384398608230393,
Image_0_drivingAlone_RVL_RAB_FOT_259_286.png,drivingAlone_RVL_RAB_FOT,259,286,0,0,3.6827616536089547,
Image_0_drivingAlone_RVL_RAB_FOT_261_526.png,drivingAlone_RVL_RAB_FOT,261,526,0,0,2.469673340377958,
Image_0_drivingAlone_RVL_RAB_FOT_261_626.png,drivingAlone_RVL_RAB_FOT,261,626,0,0,2.355776885607974,
Image_0_drivingAlone_RVL_RAB_FOT_262_301.png,drivingAlone_RVL_RAB_FOT,262,301,0,0,4.424927641906738,
Image_0_drivingAlone_RVL_RAB_FOT_262_401.png,drivingAlone_RVL_RAB_FOT,262,401,0,0,3.9941456722844713,
Image_0_drivingAlone_RVL_RAB_FOT_262_501.png,drivingAlone_RVL_RAB_FOT,262,501,0,0,3.669847772914137,
Image_0_drivingAlone_RVL_RAB_FOT_263_1116.png,drivingAlone_RVL_RAB_FOT,263,1116,0,0,3.2627358660303334,
Image_0_drivingAlone_RVL_RAB_FOT_263_316.png,drivingAlone_RVL_RAB_FOT,263,316,0,0,4.033995727743388,
Image_0_drivingAlone_RVL_RAB_FOT_264_1461.png,drivingAlone_RVL_RAB_FOT,264,1461,0,0,nan,
Image_0_drivingAlone_RVL_RAB_FOT_264_261.png,drivingAlone_RVL_RAB_FOT,264,261,0,0,4.202638560386143,
Image_0_drivingAlone_RVL_RAB_FOT_264_661.png,drivingAlone_RVL_RAB_FOT,264,661,0,0,3.2165053600444313,
Image_0_drivingAlone_RVL_RAB_FOT_264_761.png,drivingAlone_RVL_RAB_FOT,264,761,0,0,3.1451312981788275,
Image_0_drivingAlone_RVL_RAB_FOT_265_906.png,drivingAlone_RVL_RAB_FOT,265,906,0,0,3.2469290698859656,
Image_0_drivingAlone_RVL_RAB_FOT_266_1016.png,drivingAlone_RVL_RAB_FOT,266,1016,0,0,2.881208684280797,
Image_0_drivingAlone_RVL_RAB_FOT_267_941.png,drivingAlone_RVL_RAB_FOT,267,941,0,0,3.289125383169317,
Image_0_drivingAlone_RVL_RAB_FOT_268_1241.png,drivingAlone_RVL_RAB_FOT,268,1241,0,0,2.4373037314358115,
Image_0_drivingAlone_RVL_RAB_FOT_268_1341.png,drivingAlone_RVL_RAB_FOT,268,1341,0,0,nan,
Image_0_drivingAlone_RVL_RAB_FOT_268_641.png,drivingAlone_RVL_RAB_FOT,268,641,0,0,2.3695206683306447,
Image_0_drivingAlone_RVL_RAB_FOT_268_741.png,drivingAlone_RVL_RAB_FOT,268,741,0,0,2.5029081058027947,
Image_0_drivingAlone_RVL_RAB_FOT_268_941.png,drivingAlone_RVL_RAB_FOT,268,941,0,0,2.4675213139774153,
Image_0_drivingAlone_RVL_RAB_FOT_270_1061.png,drivingAlone_RVL_RAB_FOT,270,1061,0,0,2.16369084615454,
Image_0_drivingAlone_RVL_RAB_FOT_270_561.png,drivingAlone_RVL_RAB_FOT,270,561,0,0,2.1391544321635987,
Image_0_drivingAlone_RVL_RAB_FOT_271_351.png,drivingAlone_RVL_RAB_FOT,271,351,0,0,3.007158636035264,
Image_0_drivingAlone_RVL_RAB_FOT_272_1236.png,drivingAlone_RVL_RAB_FOT,272,1236,0,0,3.086122052900775,
Image_0_drivingAlone_RVL_RAB_FOT_272_1336.png,drivingAlone_RVL_RAB_FOT,272,1336,0,0,nan,
Image_0_drivingAlone_RVL_RAB_FOT_272_736.png,drivingAlone_RVL_RAB_FOT,272,736,0,0,3.11166042342209,
Image_0_drivingAlone_RVL_RAB_FOT_273_231.png,drivingAlone_RVL_RAB_FOT,273,231,0,0,3.7711179714312397,
Image_0_drivingAlone_RVL_RAB_FOT_273_531.png,drivingAlone_RVL_RAB_FOT,273,531,0,0,2.969561427005039,
Image_0_drivingAlone_RVL_RAB_FOT_273_731.png,drivingAlone_RVL_RAB_FOT,273,731,0,0,2.9400661638062493,
Image_0_drivingAlone_RVL_RAB_FOT_274_1016.png,drivingAlone_RVL_RAB_FOT,274,1016,0,0,2.5022346980850934,
Image_0_drivingAlone_RVL_RAB_FOT_274_916.png,drivingAlone_RVL_RAB_FOT,274,916,0,0,2.503461920216518,
Image_0_drivingAlone_RVL_RAB_FOT_275_1006.png,drivingAlone_RVL_RAB_FOT,275,1006,0,0,2.6692157500357006,
Image_0_drivingAlone_RVL_RAB_FOT_275_806.png,drivingAlone_RVL_RAB_FOT,275,806,0,0,2.701140079738578,
Image_0_drivingAlone_RVL_RAB_FOT_276_1081.png,drivingAlone_RVL_RAB_FOT,276,1081,0,0,1.7135452354178498,
Image_0_drivingAlone_RVL_RAB_FOT_277_1426.png,drivingAlone_RVL_RAB_FOT,277,1426,0,0,nan,
Image_0_drivingAlone_RVL_RAB_FOT_277_426.png,drivingAlone_RVL_RAB_FOT,277,426,0,0,3.6629537378171317,
Image_0_drivingAlone_RVL_RAB_FOT_277_526.png,drivingAlone_RVL_RAB_FOT,277,526,0,0,3.4448510355690027,
Image_0_drivingAlone_RVL_RAB_FOT_277_626.png,drivingAlone_RVL_RAB_FOT,277,626,0,0,3.3245608083874156,
Image_0_drivingAlone_RVL_RAB_FOT_277_826.png,drivingAlone_RVL_RAB_FOT,277,826,0,0,3.195112983754493,
Image_0_drivingAlone_RVL_RAB_FOT_278_1046.png,drivingAlone_RVL_RAB_FOT,278,1046,0,0,2.7439064413362297,
Image_0_drivingAlone_RVL_RAB_FOT_279_1891.png,drivingAlone_RVL_RAB_FOT,279,1891,0,0,nan,
Image_0_drivingAlone_RVL_RAB_FOT_279_191.png,drivingAlone_RVL_RAB_FOT,279,191,0,0,16.02364753531608,
Image_0_drivingAlone_RVL_RAB_FOT_280_941.png,drivingAlone_RVL_RAB_FOT,280,941,0,0,2.356081644825113,
Image_0_drivingAlone_RVL_RAB_FOT_281_1206.png,drivingAlone_RVL_RAB_FOT,281,1206,0,0,2.5662603689585324,
Image_0_drivingAlone_RVL_RAB_FOT_281_806.png,drivingAlone_RVL_RAB_FOT,281,806,0,0,2.697347601607796,
Image_0_drivingAlone_RVL_RAB_FOT_281_906.png,drivingAlone_RVL_RAB_FOT,281,906,0,0,2.7082644978940826,
Image_0_drivingAlone_RVL_RAB_FOT_282_1076.png,drivingAlone_RVL_RAB_FOT,282,1076,0,0,1.5629729665099532,
Image_0_drivingAlone_RVL_RAB_FOT_283_1096.png,drivingAlone_RVL_RAB_FOT,283,1096,0,0,3.1127390173317098,
Image_0_drivingAlone_RVL_RAB_FOT_283_796.png,drivingAlone_RVL_RAB_FOT,283,796,0,0,3.03718759523702,
Image_0_drivingAlone_RVL_RAB_FOT_283_996.png,drivingAlone_RVL_RAB_FOT,283,996,0,0,3.1066355315079175,
Image_0_drivingAlone_RVL_RAB_FOT_284_346.png,drivingAlone_RVL_RAB_FOT,284,346,0,0,2.991656182805521,
Image_0_drivingAlone_RVL_RAB_FOT_284_646.png,drivingAlone_RVL_RAB_FOT,284,646,0,0,2.3190926107612206,
Image_0_drivingAlone_RVL_RAB_FOT_284_846.png,drivingAlone_RVL_RAB_FOT,284,846,0,0,2.339985029356498,
Image_0_drivingAlone_RVL_RAB_FOT_286_1361.png,drivingAlone_RVL_RAB_FOT,286,1361,0,0,nan,
Image_0_drivingAlone_RVL_RAB_FOT_287_571.png,drivingAlone_RVL_RAB_FOT,287,571,0,0,2.8908885186667392,
Image_0_drivingAlone_RVL_RAB_FOT_288_526.png,drivingAlone_RVL_RAB_FOT,288,526,0,0,2.0404619269309086,
Image_0_drivingAlone_RVL_RAB_FOT_288_826.png,drivingAlone_RVL_RAB_FOT,288,826,0,0,1.7953806390697107,
Image_0_drivingAlone_RVL_RAB_FOT_289_541.png,drivingAlone_RVL_RAB_FOT,289,541,0,0,2.3459749023768683,
Image_0_drivingAlone_RVL_RAB_FOT_290_276.png,drivingAlone_RVL_RAB_FOT,290,276,0,0,1.8787322457431563,
Image_0_drivingAlone_RVL_RAB_FOT_291_606.png,drivingAlone_RVL_RAB_FOT,291,606,0,0,0.9378118886478832,
Image_0_drivingAlone_RVL_RAB_FOT_292_776.png,drivingAlone_RVL_RAB_FOT,292,776,0,0,2.8547841703010652,
Image_0_drivingAlone_RVL_RAB_FOT_293_351.png,drivingAlone_RVL_RAB_FOT,293,351,0,0,3.488614179074105,
Image_0_drivingAlone_RVL_RAB_FOT_294_1071.png,drivingAlone_RVL_RAB_FOT,294,1071,0,0,2.9259868950350008,
Image_0_drivingAlone_RVL_RAB_FOT_294_271.png,drivingAlone_RVL_RAB_FOT,294,271,0,0,3.7816624913614945,
Image_0_drivingAlone_RVL_RAB_FOT_294_571.png,drivingAlone_RVL_RAB_FOT,294,571,0,0,2.8703003137564274,
Image_0_drivingAlone_RVL_RAB_FOT_295_1026.png,drivingAlone_RVL_RAB_FOT,295,1026,0,0,3.2185046478647386,
Image_0_drivingAlone_RVL_RAB_FOT_295_426.png,drivingAlone_RVL_RAB_FOT,295,426,0,0,3.6693986144399435,
Image_0_drivingAlone_RVL_RAB_FOT_295_726.png,drivingAlone_RVL_RAB_FOT,295,726,0,0,3.3288293297013114,
Image_0_drivingAlone_RVL_RAB_FOT_297_1306.png,drivingAlone_RVL_RAB_FOT,297,1306,0,0,nan,
Image_0_drivingAlone_RVL_RAB_FOT_297_306.png,drivingAlone_RVL_RAB_FOT,297,306,0,0,3.990499956592,
Image_0_drivingAlone_RVL_RAB_FOT_298_1101.png,drivingAlone_RVL_RAB_FOT,298,1101,0,0,2.419644678839786,
Image_0_drivingAlone_RVL_RAB_FOT_298_601.png,drivingAlone_RVL_RAB_FOT,298,601,0,0,2.439029839419973,
Image_0_drivingAlone_RVL_RAB_FOT_299_1311.png,drivingAlone_RVL_RAB_FOT,299,1311,0,0,nan,
Image_0_drivingAlone_RVL_RAB_FOT_299_511.png,drivingAlone_RVL_RAB_FOT,299,511,0,0,3.5531783411066753,
Image_0_drivingAlone_RVL_RAB_FOT_299_711.png,drivingAlone_RVL_RAB_FOT,299,711,0,0,3.3143284692025032,
Image_0_drivingAlone_RVL_RAB_FOT_299_811.png,drivingAlone_RVL_RAB_FOT,299,811,0,0,3.283496690090904,
Image_0_drivingAlone_RVL_RAB_FOT_299_911.png,drivingAlone_RVL_RAB_FOT,299,911,0,0,3.3193691920778288,
Image_0_drivingAlone_RVL_RAB_FOT_300_1196.png,drivingAlone_RVL_RAB_FOT,300,1196,0,0,nan,
Image_0_drivingAlone_RVL_RAB_FOT_300_496.png,drivingAlone_RVL_RAB_FOT,300,496,0,0,2.377067462658296,
Image_0_drivingAlone_RVL_RAB_FOT_301_1296.png,drivingAlone_RVL_RAB_FOT,301,1296,0,0,nan,
Image_0_drivingAlone_RVL_RAB_FOT_302_936.png,drivingAlone_RVL_RAB_FOT,302,936,0,0,3.2032012880134655,
Image_0_drivingAlone_RVL_RAB_FOT_304_426.png,drivingAlone_RVL_RAB_FOT,304,426,0,0,1.7852778768605129,
Image_0_drivingAlone_RVL_RAB_FOT_304_826.png,drivingAlone_RVL_RAB_FOT,304,826,0,0,1.5299573720732207,
Image_0_drivingAlone_RVL_RAB_FOT_304_926.png,drivingAlone_RVL_RAB_FOT,304,926,0,0,1.5133716793353276,
Image_0_drivingAlone_RVL_RAB_FOT_305_1161.png,drivingAlone_RVL_RAB_FOT,305,1161,0,0,2.8956613404245064,
Image_0_drivingAlone_RVL_RAB_FOT_305_1461.png,drivingAlone_RVL_RAB_FOT,305,1461,0,0,nan,
Image_0_drivingAlone_RVL_RAB_FOT_305_661.png,drivingAlone_RVL_RAB_FOT,305,661,0,0,2.767497451294055,
Image_0_drivingAlone_RVL_RAB_FOT_306_1341.png,drivingAlone_RVL_RAB_FOT,306,1341,0,0,nan,
Image_0_drivingAlone_RVL_RAB_FOT_306_1441.png,drivingAlone_RVL_RAB_FOT,306,1441,0,0,nan,
Image_0_drivingAlone_RVL_RAB_FOT_306_341.png,drivingAlone_RVL_RAB_FOT,306,341,0,0,3.8563214821415475,
Image_0_drivingAlone_RVL_RAB_FOT_306_541.png,drivingAlone_RVL_RAB_FOT,306,541,0,0,3.189642989064641,
Image_0_drivingAlone_RVL_RAB_FOT_306_741.png,drivingAlone_RVL_RAB_FOT,306,741,0,0,3.147815378233112,
Image_0_drivingAlone_RVL_RAB_FOT_307_1106.png,drivingAlone_RVL_RAB_FOT,307,1106,0,0,3.340572658621231,
Image_0_drivingAlone_RVL_RAB_FOT_307_506.png,drivingAlone_RVL_RAB_FOT,307,506,0,0,3.5567464227015924,
Image_0_drivingAlone_RVL_RAB_FOT_308_341.png,drivingAlone_RVL_RAB_FOT,308,341,0,0,3.01157708147222,
Image_0_drivingAlone_RVL_RAB_FOT_308_541.png,drivingAlone_RVL_RAB_FOT,308,541,0,0,2.464402192766192,
Image_0_drivingAlone_RVL_RAB_FOT_309_746.png,drivingAlone_RVL_RAB_FOT,309,746,0,0,2.983065360880415,
Image_0_drivingAlone_RVL_RAB_FOT_310_471.png,drivingAlone_RVL_RAB_FOT,310,471,0,0,2.274648897015547,
Image_0_drivingAlone_RVL_RAB_FOT_310_671.png,drivingAlone_RVL_RAB_FOT,310,671,0,0,2.0985788561248224,
Image_0_drivingAlone_RVL_RAB_FOT_312_1421.png,drivingAlone_RVL_RAB_FOT,312,1421,0,0,nan,
Image_0_drivingAlone_RVL_RAB_FOT_312_521.png,drivingAlone_RVL_RAB_FOT,312,521,0,0,2.513351189058948,
Image_0_drivingAlone_RVL_RAB_FOT_312_621.png,drivingAlone_RVL_RAB_FOT,312,621,0,0,2.461394530377812,
Image_0_drivingAlone_RVL_RAB_FOT_312_821.png,drivingAlone_RVL_RAB_FOT,312,821,0,0,2.4114795507520963,
Image_0_drivingAlone_RVL_RAB_FOT_313_1046.png,drivingAlone_RVL_RAB_FOT,313,1046,0,0,2.428715306694486,
Image_0_drivingAlone_RVL_RAB_FOT_313_1146.png,drivingAlone_RVL_RAB_FOT,313,1146,0,0,2.4373092674503454,
Image_0_drivingAlone_RVL_RAB_FOT_313_1246.png,drivingAlone_RVL_RAB_FOT,313,1246,0,0,2.4579790745704404,
Image_0_drivingAlone_RVL_RAB_FOT_313_346.png,drivingAlone_RVL_RAB_FOT,313,346,0,0,3.113487626530338,
Image_0_drivingAlone_RVL_RAB_FOT_314_626.png,drivingAlone_RVL_RAB_FOT,314,626,0,0,2.395016638763904,
Image_0_drivingAlone_RVL_RAB_FOT_314_726.png,drivingAlone_RVL_RAB_FOT,314,726,0,0,2.485823159308211,
Image_0_drivingAlone_RVL_RAB_FOT_315_291.png,drivingAlone_RVL_RAB_FOT,315,291,0,0,2.983940323980938,
Image_0_drivingAlone_RVL_RAB_FOT_316_1061.png,drivingAlone_RVL_RAB_FOT,316,1061,0,0,3.0495672784268395,
Image_0_drivingAlone_RVL_RAB_FOT_316_861.png,drivingAlone_RVL_RAB_FOT,316,861,0,0,3.057061439675866,
Image_0_drivingAlone_RVL_RAB_FOT_317_1401.png,drivingAlone_RVL_RAB_FOT,317,1401,0,0,nan,
Image_0_drivingAlone_RVL_RAB_FOT_317_501.png,drivingAlone_RVL_RAB_FOT,317,501,0,0,3.6531819190069807,
Image_0_drivingAlone_RVL_RAB_FOT_318_356.png,drivingAlone_RVL_RAB_FOT,318,356,0,0,3.3605569430851094,
Image_0_drivingAlone_RVL_RAB_FOT_319_1351.png,drivingAlone_RVL_RAB_FOT,319,1351,0,0,nan,
Image_0_drivingAlone_RVL_RAB_FOT_319_1451.png,drivingAlone_RVL_RAB_FOT,319,1451,0,0,nan,
Image_0_drivingAlone_RVL_RAB_FOT_319_951.png,drivingAlone_RVL_RAB_FOT,319,951,0,0,3.2015834689375504,
Image_0_drivingAlone_RVL_RAB_FOT_320_336.png,drivingAlone_RVL_RAB_FOT,320,336,0,0,3.401948200246464,
Image_0_drivingAlone_RVL_RAB_FOT_320_636.png,drivingAlone_RVL_RAB_FOT,320,636,0,0,2.7062153662743187,
Image_0_drivingAlone_RVL_RAB_FOT_320_836.png,drivingAlone_RVL_RAB_FOT,320,836,0,0,2.678581843131246,
Image_0_drivingAlone_RVL_RAB_FOT_321_841.png,drivingAlone_RVL_RAB_FOT,321,841,0,0,1.9084137486441977,
Image_0_drivingAlone_RVL_RAB_FOT_322_321.png,drivingAlone_RVL_RAB_FOT,322,321,0,0,4.138237203560417,
Image_0_drivingAlone_RVL_RAB_FOT_322_521.png,drivingAlone_RVL_RAB_FOT,322,521,0,0,3.2379615694692374,
Image_0_drivingAlone_RVL_RAB_FOT_323_1056.png,drivingAlone_RVL_RAB_FOT,323,1056,0,0,3.0355654460466734,
Image_0_drivingAlone_RVL_RAB_FOT_323_356.png,drivingAlone_RVL_RAB_FOT,323,356,0,0,3.5996413165541536,
Image_0_drivingAlone_RVL_RAB_FOT_323_456.png,drivingAlone_RVL_RAB_FOT,323,456,0,0,3.2388642125016975,
Image_0_drivingAlone_RVL_RAB_FOT_324_1316.png,drivingAlone_RVL_RAB_FOT,324,1316,0,0,nan,
Image_0_drivingAlone_RVL_RAB_FOT_324_716.png,drivingAlone_RVL_RAB_FOT,324,716,0,0,3.1619720035518695,
Image_0_drivingAlone_RVL_RAB_FOT_325_346.png,drivingAlone_RVL_RAB_FOT,325,346,0,0,3.88807559162999,
Image_0_drivingAlone_RVL_RAB_FOT_325_646.png,drivingAlone_RVL_RAB_FOT,325,646,0,0,3.1934481633771625,
Image_0_drivingAlone_RVL_RAB_FOT_325_946.png,drivingAlone_RVL_RAB_FOT,325,946,0,0,3.180497145571231,
Image_0_drivingAlone_RVL_RAB_FOT_326_1266.png,drivingAlone_RVL_RAB_FOT,326,1266,0,0,3.0212358696705133,
Image_0_drivingAlone_RVL_RAB_FOT_326_266.png,drivingAlone_RVL_RAB_FOT,326,266,0,0,3.7759803895196953,
Image_0_drivingAlone_RVL_RAB_FOT_326_766.png,drivingAlone_RVL_RAB_FOT,326,766,0,0,2.8437842823482296,
Image_0_drivingAlone_RVL_RAB_FOT_327_1116.png,drivingAlone_RVL_RAB_FOT,327,1116,0,0,3.2040014767001157,
Image_0_drivingAlone_RVL_RAB_FOT_328_1071.png,drivingAlone_RVL_RAB_FOT,328,1071,0,0,2.71375500792101,
Image_0_drivingAlone_RVL_RAB_FOT_329_1486.png,drivingAlone_RVL_RAB_FOT,329,1486,0,0,nan,
Image_0_drivingAlone_RVL_RAB_FOT_330_1061.png,drivingAlone_RVL_RAB_FOT,330,1061,0,0,2.8603883448918612,
Image_0_drivingAlone_RVL_RAB_FOT_330_261.png,drivingAlone_RVL_RAB_FOT,330,261,0,0,3.784640099734542,
Image_0_drivingAlone_RVL_RAB_FOT_330_861.png,drivingAlone_RVL_RAB_FOT,330,861,0,0,3.0646460850248936,
Image_0_drivingAlone_RVL_RAB_FOT_331_1146.png,drivingAlone_RVL_RAB_FOT,331,1146,0,0,nan,
Image_0_drivingAlone_RVL_RAB_FOT_331_446.png,drivingAlone_RVL_RAB_FOT,331,446,0,0,2.634114638811572,
Image_0_drivingAlone_RVL_RAB_FOT_332_1131.png,drivingAlone_RVL_RAB_FOT,332,1131,0,0,3.1308414535914064,
Image_0_drivingAlone_RVL_RAB_FOT_332_831.png,drivingAlone_RVL_RAB_FOT,332,831,0,0,3.1554381807491367,
Image_0_drivingAlone_RVL_RAB_FOT_333_1026.png,drivingAlone_RVL_RAB_FOT,333,1026,0,0,3.0673118593690614,
Image_0_drivingAlone_RVL_RAB_FOT_333_1226.png,drivingAlone_RVL_RAB_FOT,333,1226,0,0,3.1243162347262174,
Image_0_drivingAlone_RVL_RAB_FOT_333_226.png,drivingAlone_RVL_RAB_FOT,333,226,0,0,3.886371698612667,
Image_0_drivingAlone_RVL_RAB_FOT_333_526.png,drivingAlone_RVL_RAB_FOT,333,526,0,0,3.1743046108426585,
Image_0_drivingAlone_RVL_RAB_FOT_333_726.png,drivingAlone_RVL_RAB_FOT,333,726,0,0,3.1271975820922355,
Image_0_drivingAlone_RVL_RAB_FOT_334_1186.png,drivingAlone_RVL_RAB_FOT,334,1186,0,0,nan,
Image_0_drivingAlone_RVL_RAB_FOT_334_186.png,drivingAlone_RVL_RAB_FOT,334,186,0,0,2.284813311787861,
Image_0_drivingAlone_RVL_RAB_FOT_334_486.png,drivingAlone_RVL_RAB_FOT,334,486,0,0,2.1844344121742996,
Image_0_drivingAlone_RVL_RAB_FOT_334_986.png,drivingAlone_RVL_RAB_FOT,334,986,0,0,2.110805449106326,
Image_0_drivingAlone_RVL_RAB_FOT_335_1106.png,drivingAlone_RVL_RAB_FOT,335,1106,0,0,2.5441125911602205,
Image_0_drivingAlone_RVL_RAB_FOT_335_1306.png,drivingAlone_RVL_RAB_FOT,335,1306,0,0,nan,
Image_0_drivingAlone_RVL_RAB_FOT_335_206.png,drivingAlone_RVL_RAB_FOT,335,206,0,0,2.8327205486862574,
Image_0_drivingAlone_RVL_RAB_FOT_335_406.png,drivingAlone_RVL_RAB_FOT,335,406,0,0,2.8537855970729584,
Image_0_drivingAlone_RVL_RAB_FOT_335_506.png,drivingAlone_RVL_RAB_FOT,335,506,0,0,2.636516472337461,
Image_0_drivingAlone_RVL_RAB_FOT_335_606.png,drivingAlone_RVL_RAB_FOT,335,606,0,0,2.600248154026292,
Image_0_drivingAlone_RVL_RAB_FOT_336_1196.png,drivingAlone_RVL_RAB_FOT,336,1196,0,0,2.710919474319804,
Image_0_drivingAlone_RVL_RAB_FOT_336_296.png,drivingAlone_RVL_RAB_FOT,336,296,0,0,3.536745318693807,
Image_0_drivingAlone_RVL_RAB_FOT_337_1151.png,drivingAlone_RVL_RAB_FOT,337,1151,0,0,nan,
Image_0_drivingAlone_RVL_RAB_FOT_338_1391.png,drivingAlone_RVL_RAB_FOT,338,1391,0,0,nan,
Image_0_drivingAlone_RVL_RAB_FOT_338_991.png,drivingAlone_RVL_RAB_FOT,338,991,0,0,2.7734014814496106,
Image_0_drivingAlone_RVL_RAB_FOT_340_1031.png,drivingAlone_RVL_RAB_FOT,340,1031,0,0,3.298316730759533,
Image_0_drivingAlone_RVL_RAB_FOT_340_1331.png,drivingAlone_RVL_RAB_FOT,340,1331,0,0,nan,
Image_0_drivingAlone_RVL_RAB_FOT_340_1431.png,drivingAlone_RVL_RAB_FOT,340,1431,0,0,nan,
Image_0_drivingAlone_RVL_RAB_FOT_340_331.png,drivingAlone_RVL_RAB_FOT,340,331,0,0,4.078732849549196,
Image_0_drivingAlone_RVL_RAB_FOT_340_431.png,drivingAlone_RVL_RAB_FOT,340,431,0,0,3.6241464906859537,
Image_0_drivingAlone_RVL_RAB_FOT_340_631.png,drivingAlone_RVL_RAB_FOT,340,631,0,0,3.277870384613135,
Image_0_drivingAlone_RVL_RAB_FOT_340_831.png,drivingAlone_RVL_RAB_FOT,340,831,0,0,3.252194763305198,
Image_0_drivingAlone_RVL_RAB_FOT_341_1461.png,drivingAlone_RVL_RAB_FOT,341,1461,0,0,nan,
Image_0_drivingAlone_RVL_RAB_FOT_341_361.png,drivingAlone_RVL_RAB_FOT,341,361,0,0,2.9744773132430673,
Image_0_drivingAlone_RVL_RAB_FOT_341_561.png,drivingAlone_RVL_RAB_FOT,341,561,0,0,2.4180919358300494,
Image_0_drivingAlone_RVL_RAB_FOT_341_661.png,drivingAlone_RVL_RAB_FOT,341,661,0,0,2.3802233511419058,
Image_0_drivingAlone_RVL_RAB_FOT_342_1256.png,drivingAlone_RVL_RAB_FOT,342,1256,0,0,2.322515831285979,
Image_0_drivingAlone_RVL_RAB_FOT_342_1356.png,drivingAlone_RVL_RAB_FOT,342,1356,0,0,nan,
Image_0_drivingAlone_RVL_RAB_FOT_342_456.png,drivingAlone_RVL_RAB_FOT,342,456,0,0,2.600563620584138,
Image_0_drivingAlone_RVL_RAB_FOT_344_751.png,drivingAlone_RVL_RAB_FOT,344,751,0,0,3.1737327577764702,
Image_0_drivingAlone_RVL_RAB_FOT_344_851.png,drivingAlone_RVL_RAB_FOT,344,851,0,0,3.2055763032832587,
Image_0_drivingAlone_RVL_RAB_FOT_345_496.png,drivingAlone_RVL_RAB_FOT,345,496,0,0,2.5275329910138655,
Image_0_drivingAlone_RVL_RAB_FOT_346_1141.png,drivingAlone_RVL_RAB_FOT,346,1141,0,0,2.239816015059244,
Image_0_drivingAlone_RVL_RAB_FOT_346_741.png,drivingAlone_RVL_RAB_FOT,346,741,0,0,2.4106644286442984,
Image_0_drivingAlone_RVL_RAB_FOT_346_941.png,drivingAlone_RVL_RAB_FOT,346,941,0,0,2.331358622913735,
Image_0_drivingAlone_RVL_RAB_FOT_347_1051.png,drivingAlone_RVL_RAB_FOT,347,1051,0,0,3.1838725930457015,
Image_0_drivingAlone_RVL_RAB_FOT_347_451.png,drivingAlone_RVL_RAB_FOT,347,451,0,0,3.416395582452566,
Image_0_drivingAlone_RVL_RAB_FOT_347_551.png,drivingAlone_RVL_RAB_FOT,347,551,0,0,3.209592778211703,
Image_0_drivingAlone_RVL_RAB_FOT_348_1021.png,drivingAlone_RVL_RAB_FOT,348,1021,0,0,3.36457375647434,
Image_0_drivingAlone_RVL_RAB_FOT_348_721.png,drivingAlone_RVL_RAB_FOT,348,721,0,0,3.377707978971734,
Image_0_drivingAlone_RVL_RAB_FOT_349_1141.png,drivingAlone_RVL_RAB_FOT,349,1141,0,0,3.208643035614659,
Image_0_drivingAlone_RVL_RAB_FOT_349_241.png,drivingAlone_RVL_RAB_FOT,349,241,0,0,4.001364274809545,
Image_0_drivingAlone_RVL_RAB_FOT_350_641.png,drivingAlone_RVL_RAB_FOT,350,641,0,0,3.0703707512034155,
Image_0_drivingAlone_RVL_RAB_FOT_350_941.png,drivingAlone_RVL_RAB_FOT,350,941,0,0,2.9827846594822858,
Image_0_drivingAlone_RVL_RAB_FOT_351_341.png,drivingAlone_RVL_RAB_FOT,351,341,0,0,3.180043850530854,
Image_0_drivingAlone_RVL_RAB_FOT_351_741.png,drivingAlone_RVL_RAB_FOT,351,741,0,0,2.562561418880499,
Image_0_drivingAlone_RVL_RAB_FOT_352_1406.png,drivingAlone_RVL_RAB_FOT,352,1406,0,0,nan,
Image_0_drivingAlone_RVL_RAB_FOT_352_706.png,drivingAlone_RVL_RAB_FOT,352,706,0,0,3.284373127388215,
Image_0_drivingAlone_RVL_RAB_FOT_353_416.png,drivingAlone_RVL_RAB_FOT,353,416,0,0,3.7319927071451957,
Image_0_drivingAlone_RVL_RAB_FOT_353_816.png,drivingAlone_RVL_RAB_FOT,353,816,0,0,3.2683549630029463,
Image_0_drivingAlone_RVL_RAB_FOT_354_791.png,drivingAlone_RVL_RAB_FOT,354,791,0,0,2.306759809139411,
Image_0_drivingAlone_RVL_RAB_FOT_356_1161.png,drivingAlone_RVL_RAB_FOT,356,1161,0,0,2.832790566183707,
Image_0_drivingAlone_RVL_RAB_FOT_356_561.png,drivingAlone_RVL_RAB_FOT,356,561,0,0,2.89435459333869,
Image_0_drivingAlone_RVL_RAB_FOT_356_861.png,drivingAlone_RVL_RAB_FOT,356,861,0,0,2.985646128068079,
Image_0_drivingAlone_RVL_RAB_FOT_357_1151.png,drivingAlone_RVL_RAB_FOT,357,1151,0,0,2.9354773278307533,
Image_0_drivingAlone_RVL_RAB_FOT_357_1451.png,drivingAlone_RVL_RAB_FOT,357,1451,0,0,nan,
Image_0_drivingAlone_RVL_RAB_FOT_357_351.png,drivingAlone_RVL_RAB_FOT,357,351,0,0,3.5801481039042624,
Image_0_drivingAlone_RVL_RAB_FOT_357_851.png,drivingAlone_RVL_RAB_FOT,357,851,0,0,2.879450899296624,
Image_0_drivingAlone_RVL_RAB_FOT_358_281.png,drivingAlone_RVL_RAB_FOT,358,281,0,0,1.0650664598801427,
Image_0_drivingAlone_RVL_RAB_FOT_358_681.png,drivingAlone_RVL_RAB_FOT,358,681,0,0,0.6319431493780261,
Image_0_drivingAlone_RVL_RAB_FOT_359_1186.png,drivingAlone_RVL_RAB_FOT,359,1186,0,0,nan,
Image_0_drivingAlone_RVL_RAB_FOT_359_486.png,drivingAlone_RVL_RAB_FOT,359,486,0,0,1.9654380040122224,
Image_0_drivingAlone_RVL_RAB_FOT_359_786.png,drivingAlone_RVL_RAB_FOT,359,786,0,0,1.8084490605220416,
Image_0_drivingAlone_RVL_RAB_FOT_360_1081.png,drivingAlone_RVL_RAB_FOT,360,1081,0,0,2.7256978806665293,
Image_0_drivingAlone_RVL_RAB_FOT_360_381.png,drivingAlone_RVL_RAB_FOT,360,381,0,0,3.29133459279506,
Image_0_drivingAlone_RVL_RAB_FOT_360_481.png,drivingAlone_RVL_RAB_FOT,360,481,0,0,2.8792210703433962,
Image_0_drivingAlone_RVL_RAB_FOT_360_681.png,drivingAlone_RVL_RAB_FOT,360,681,0,0,2.747552618256913,
Image_0_drivingAlone_RVL_RAB_FOT_360_881.png,drivingAlone_RVL_RAB_FOT,360,881,0,0,2.8081795501646156,
Image_0_drivingAlone_RVL_RAB_FOT_361_1491.png,drivingAlone_RVL_RAB_FOT,361,1491,0,0,nan,
Image_0_drivingAlone_RVL_RAB_FOT_361_591.png,drivingAlone_RVL_RAB_FOT,361,591,0,0,3.5880120331727126,
Image_0_drivingAlone_RVL_RAB_FOT_361_691.png,drivingAlone_RVL_RAB_FOT,361,691,0,0,3.556205163080654,
Image_0_drivingAlone_RVL_RAB_FOT_362_336.png,drivingAlone_RVL_RAB_FOT,362,336,0,0,3.885474245271654,
Image_0_drivingAlone_RVL_RAB_FOT_363_1156.png,drivingAlone_RVL_RAB_FOT,363,1156,0,0,3.195717109592993,
Image_0_drivingAlone_RVL_RAB_FOT_363_256.png,drivingAlone_RVL_RAB_FOT,363,256,0,0,4.13488310611257,
Image_0_drivingAlone_RVL_RAB_FOT_363_456.png,drivingAlone_RVL_RAB_FOT,363,456,0,0,3.4218489665768086,
Image_0_drivingAlone_RVL_RAB_FOT_363_556.png,drivingAlone_RVL_RAB_FOT,363,556,0,0,3.2359712142732686,
Image_0_drivingAlone_RVL_RAB_FOT_363_656.png,drivingAlone_RVL_RAB_FOT,363,656,0,0,3.2404345556515173,
Image_0_drivingAlone_RVL_RAB_FOT_363_856.png,drivingAlone_RVL_RAB_FOT,363,856,0,0,3.271498542371294,
Image_0_drivingAlone_RVL_RAB_FOT_364_1091.png,drivingAlone_RVL_RAB_FOT,364,1091,0,0,2.7827135790577344,
Image_0_drivingAlone_RVL_RAB_FOT_364_691.png,drivingAlone_RVL_RAB_FOT,364,691,0,0,2.8124921628581676,
Image_0_drivingAlone_RVL_RAB_FOT_364_791.png,drivingAlone_RVL_RAB_FOT,364,791,0,0,2.8313308981649508,
Image_0_drivingAlone_RVL_RAB_FOT_365_836.png,drivingAlone_RVL_RAB_FOT,365,836,0,0,3.2305272697866068,
Image_0_drivingAlone_RVL_RAB_FOT_366_546.png,drivingAlone_RVL_RAB_FOT,366,546,0,0,1.8385581431446774,
Image_0_drivingAlone_RVL_RAB_FOT_366_946.png,drivingAlone_RVL_RAB_FOT,366,946,0,0,1.813715486486535,
Image_0_drivingAlone_RVL_RAB_FOT_367_321.png,drivingAlone_RVL_RAB_FOT,367,321,0,0,4.330464557411348,
Image_0_drivingAlone_RVL_RAB_FOT_367_521.png,drivingAlone_RVL_RAB_FOT,367,521,0,0,3.594892425780208,
Image_0_drivingAlone_RVL_RAB_FOT_368_1071.png,drivingAlone_RVL_RAB_FOT,368,1071,0,0,2.826112104577703,
Image_0_drivingAlone_RVL_RAB_FOT_368_471.png,drivingAlone_RVL_RAB_FOT,368,471,0,0,3.0380484991214534,
Image_0_drivingAlone_RVL_RAB_FOT_368_571.png,drivingAlone_RVL_RAB_FOT,368,571,0,0,2.838206664672078,
Image_0_drivingAlone_RVL_RAB_FOT_368_771.png,drivingAlone_RVL_RAB_FOT,368,771,0,0,2.8804164423330256,
Image_0_drivingAlone_RVL_RAB_FOT_369_831.png,drivingAlone_RVL_RAB_FOT,369,831,0,0,2.0615756323115972,
Image_0_drivingAlone_RVL_RAB_FOT_370_1216.png,drivingAlone_RVL_RAB_FOT,370,1216,0,0,2.9265667562972157,
Image_0_drivingAlone_RVL_RAB_FOT_370_616.png,drivingAlone_RVL_RAB_FOT,370,616,0,0,2.7923545284820284,
Image_0_drivingAlone_RVL_RAB_FOT_370_716.png,drivingAlone_RVL_RAB_FOT,370,716,0,0,2.808594061196991,
Image_0_drivingAlone_RVL_RAB_FOT_371_1031.png,drivingAlone_RVL_RAB_FOT,371,1031,0,0,3.0691212534061547,
Image_0_drivingAlone_RVL_RAB_FOT_371_1331.png,drivingAlone_RVL_RAB_FOT,371,1331,0,0,nan,
Image_0_drivingAlone_RVL_RAB_FOT_371_431.png,drivingAlone_RVL_RAB_FOT,371,431,0,0,3.335460989203135,
Image_0_drivingAlone_RVL_RAB_FOT_372_1446.png,drivingAlone_RVL_RAB_FOT,372,1446,0,0,nan,
Image_0_drivingAlone_RVL_RAB_FOT_372_746.png,drivingAlone_RVL_RAB_FOT,372,746,0,0,3.0628863120314325,
Image_0_drivingAlone_RVL_RAB_FOT_373_1466.png,drivingAlone_RVL_RAB_FOT,373,1466,0,0,nan,
Image_0_drivingAlone_RVL_RAB_FOT_374_1071.png,drivingAlone_RVL_RAB_FOT,374,1071,0,0,2.3060907809198317,
Image_0_drivingAlone_RVL_RAB_FOT_374_771.png,drivingAlone_RVL_RAB_FOT,374,771,0,0,2.4292231016118535,
Image_0_drivingAlone_RVL_RAB_FOT_375_991.png,drivingAlone_RVL_RAB_FOT,375,991,0,0,3.504103618657204,
Image_0_drivingAlone_RVL_RAB_FOT_377_1061.png,drivingAlone_RVL_RAB_FOT,377,1061,0,0,2.69755970318714,
Image_0_drivingAlone_RVL_RAB_FOT_377_661.png,drivingAlone_RVL_RAB_FOT,377,661,0,0,2.6122388734056123,
Image_0_drivingAlone_RVL_RAB_FOT_377_761.png,drivingAlone_RVL_RAB_FOT,377,761,0,0,2.5968717198070372,
Image_0_drivingAlone_RVL_RAB_FOT_377_961.png,drivingAlone_RVL_RAB_FOT,377,961,0,0,2.6695141270498914,
Image_0_drivingAlone_RVL_RAB_FOT_378_686.png,drivingAlone_RVL_RAB_FOT,378,686,0,0,2.6788406809963385,
Image_0_drivingAlone_RVL_RAB_FOT_379_1426.png,drivingAlone_RVL_RAB_FOT,379,1426,0,0,nan,
Image_0_drivingAlone_RVL_RAB_FOT_379_526.png,drivingAlone_RVL_RAB_FOT,379,526,0,0,3.247133682133202,
Image_0_drivingAlone_RVL_RAB_FOT_379_626.png,drivingAlone_RVL_RAB_FOT,379,626,0,0,3.093587992420182,
Image_0_drivingAlone_RVL_RAB_FOT_379_826.png,drivingAlone_RVL_RAB_FOT,379,826,0,0,3.091202667454966,
Image_0_drivingAlone_RVL_RAB_FOT_380_1091.png,drivingAlone_RVL_RAB_FOT,380,1091,0,0,3.001823039163043,
Image_0_drivingAlone_RVL_RAB_FOT_380_1491.png,drivingAlone_RVL_RAB_FOT,380,1491,0,0,nan,
Image_0_drivingAlone_RVL_RAB_FOT_380_791.png,drivingAlone_RVL_RAB_FOT,380,791,0,0,3.0717553965198103,
Image_0_drivingAlone_RVL_RAB_FOT_381_1021.png,drivingAlone_RVL_RAB_FOT,381,1021,0,0,2.3798310043200765,
Image_0_drivingAlone_RVL_RAB_FOT_382_261.png,drivingAlone_RVL_RAB_FOT,382,261,0,0,2.357986306710428,
Image_0_drivingAlone_RVL_RAB_FOT_382_961.png,drivingAlone_RVL_RAB_FOT,382,961,0,0,1.7262098839975293,
Image_0_drivingAlone_RVL_RAB_FOT_383_1396.png,drivingAlone_RVL_RAB_FOT,383,1396,0,0,nan,
Image_0_drivingAlone_RVL_RAB_FOT_383_196.png,drivingAlone_RVL_RAB_FOT,383,196,0,0,3.9069698884537036,
Image_0_drivingAlone_RVL_RAB_FOT_384_1216.png,drivingAlone_RVL_RAB_FOT,384,1216,0,0,nan,
Image_0_drivingAlone_RVL_RAB_FOT_384_516.png,drivingAlone_RVL_RAB_FOT,384,516,0,0,1.9674348307768303,
Image_0_drivingAlone_RVL_RAB_FOT_385_576.png,drivingAlone_RVL_RAB_FOT,385,576,0,0,3.0525296387273686,
Image_0_drivingAlone_RVL_RAB_FOT_385_676.png,drivingAlone_RVL_RAB_FOT,385,676,0,0,2.935242757174646,
Image_0_drivingAlone_RVL_RAB_FOT_385_776.png,drivingAlone_RVL_RAB_FOT,385,776,0,0,2.8846991362934062,
Image_0_drivingAlone_RVL_RAB_FOT_385_976.png,drivingAlone_RVL_RAB_FOT,385,976,0,0,3.0296144060510524,
Image_0_drivingAlone_RVL_RAB_FOT_386_1321.png,drivingAlone_RVL_RAB_FOT,386,1321,0,0,nan,
Image_0_drivingAlone_RVL_RAB_FOT_386_321.png,drivingAlone_RVL_RAB_FOT,386,321,0,0,4.305394447473704,
Image_0_drivingAlone_RVL_RAB_FOT_386_421.png,drivingAlone_RVL_RAB_FOT,386,421,0,0,3.8128565108375927,
Image_0_drivingAlone_RVL_RAB_FOT_386_921.png,drivingAlone_RVL_RAB_FOT,386,921,0,0,3.389651694567175,
Image_0_drivingAlone_RVL_RAB_FOT_387_1036.png,drivingAlone_RVL_RAB_FOT,387,1036,0,0,3.0323938408972264,
Image_0_drivingAlone_RVL_RAB_FOT_387_236.png,drivingAlone_RVL_RAB_FOT,387,236,0,0,3.835344753379502,
Image_0_drivingAlone_RVL_RAB_FOT_388_461.png,drivingAlone_RVL_RAB_FOT,388,461,0,0,2.5016072151794155,
Image_0_drivingAlone_RVL_RAB_FOT_388_561.png,drivingAlone_RVL_RAB_FOT,388,561,0,0,2.360096308303267,
Image_0_drivingAlone_RVL_RAB_FOT_388_961.png,drivingAlone_RVL_RAB_FOT,388,961,0,0,2.3157399495255984,
Image_0_drivingAlone_RVL_RAB_FOT_389_1386.png,drivingAlone_RVL_RAB_FOT,389,1386,0,0,nan,
Image_0_drivingAlone_RVL_RAB_FOT_389_786.png,drivingAlone_RVL_RAB_FOT,389,786,0,0,2.125845856592874,
Image_0_drivingAlone_RVL_RAB_FOT_390_1336.png,drivingAlone_RVL_RAB_FOT,390,1336,0,0,nan,
Image_0_drivingAlone_RVL_RAB_FOT_390_336.png,drivingAlone_RVL_RAB_FOT,390,336,0,0,4.1018970771602365,
Image_0_drivingAlone_RVL_RAB_FOT_391_326.png,drivingAlone_RVL_RAB_FOT,391,326,0,0,3.794705462951381,
Image_0_drivingAlone_RVL_RAB_FOT_391_926.png,drivingAlone_RVL_RAB_FOT,391,926,0,0,3.0172563177241596,
Image_0_drivingAlone_RVL_RAB_FOT_392_471.png,drivingAlone_RVL_RAB_FOT,392,471,0,0,3.0663098387900733,
Image_0_drivingAlone_RVL_RAB_FOT_393_191.png,drivingAlone_RVL_RAB_FOT,393,191,0,0,3.8371618460220294,
Image_0_drivingAlone_RVL_RAB_FOT_394_366.png,drivingAlone_RVL_RAB_FOT,394,366,0,0,1.959526283744399,
Image_0_drivingAlone_RVL_RAB_FOT_394_566.png,drivingAlone_RVL_RAB_FOT,394,566,0,0,1.6098676437689194,
Image_0_drivingAlone_RVL_RAB_FOT_394_866.png,drivingAlone_RVL_RAB_FOT,394,866,0,0,1.532281732304905,
Image_0_drivingAlone_RVL_RAB_FOT_395_1096.png,drivingAlone_RVL_RAB_FOT,395,1096,0,0,2.3254818429017976,
Image_0_drivingAlone_RVL_RAB_FOT_395_1396.png,drivingAlone_RVL_RAB_FOT,395,1396,0,0,nan,
Image_0_drivingAlone_RVL_RAB_FOT_396_496.png,drivingAlone_RVL_RAB_FOT,396,496,0,0,2.227992120032412,
Image_0_drivingAlone_RVL_RAB_FOT_396_696.png,drivingAlone_RVL_RAB_FOT,396,696,0,0,2.0669312855849475,
Image_0_drivingAlone_RVL_RAB_FOT_396_896.png,drivingAlone_RVL_RAB_FOT,396,896,0,0,2.0925212959628325,
Image_0_drivingAlone_RVL_RAB_FOT_396_996.png,drivingAlone_RVL_RAB_FOT,396,996,0,0,2.104644026058763,
Image_0_drivingAlone_RVL_RAB_FOT_397_251.png,drivingAlone_RVL_RAB_FOT,397,251,0,0,3.967344246690441,
Image_0_drivingAlone_RVL_RAB_FOT_397_751.png,drivingAlone_RVL_RAB_FOT,397,751,0,0,3.0996095438339495,
Image_0_drivingAlone_RVL_RAB_FOT_397_951.png,drivingAlone_RVL_RAB_FOT,397,951,0,0,3.158630947593645,
Image_0_drivingAlone_RVL_RAB_FOT_398_1161.png,drivingAlone_RVL_RAB_FOT,398,1161,0,0,nan,
Image_0_drivingAlone_RVL_RAB_FOT_398_461.png,drivingAlone_RVL_RAB_FOT,398,461,0,0,1.9751175081242165,
Image_0_drivingAlone_RVL_RAB_FOT_398_761.png,drivingAlone_RVL_RAB_FOT,398,761,0,0,1.840062501490416,
Image_0_drivingAlone_RVL_RAB_FOT_398_861.png,drivingAlone_RVL_RAB_FOT,398,861,0,0,1.8694177452531746,
Image_0_drivingAlone_RVL_RAB_FOT_399_246.png,drivingAlone_RVL_RAB_FOT,399,246,0,0,2.6012938608174956,
Image_0_drivingAlone_RVL_RAB_FOT_399_746.png,drivingAlone_RVL_RAB_FOT,399,746,0,0,1.97923449344606,
Image_0_drivingAlone_RVL_RAB_FOT_400_1341.png,drivingAlone_RVL_RAB_FOT,400,1341,0,0,nan,
Image_0_drivingAlone_RVL_RAB_FOT_400_241.png,drivingAlone_RVL_RAB_FOT,400,241,0,0,4.027379373122379,
Image_0_drivingAlone_RVL_RAB_FOT_400_341.png,drivingAlone_RVL_RAB_FOT,400,341,0,0,3.8407911409500866,
Image_0_drivingAlone_RVL_RAB_FOT_400_841.png,drivingAlone_RVL_RAB_FOT,400,841,0,0,3.0974881757666157,
Image_0_drivingAlone_RVL_RAB_FOT_401_571.png,drivingAlone_RVL_RAB_FOT,401,571,0,0,2.3573669615654973,
Image_0_drivingAlone_RVL_RAB_FOT_401_671.png,drivingAlone_RVL_RAB_FOT,401,671,0,0,2.323805573710743,
Image_0_drivingAlone_RVL_RAB_FOT_402_1401.png,drivingAlone_RVL_RAB_FOT,402,1401,0,0,nan,
Image_0_drivingAlone_RVL_RAB_FOT_405_1476.png,drivingAlone_RVL_RAB_FOT,405,1476,0,0,nan,
Image_0_drivingAlone_RVL_RAB_FOT_405_576.png,drivingAlone_RVL_RAB_FOT,405,576,0,0,2.857891195115073,
Image_0_drivingAlone_RVL_RAB_FOT_406_1321.png,drivingAlone_RVL_RAB_FOT,406,1321,0,0,nan,
Image_0_drivingAlone_RVL_RAB_FOT_406_421.png,drivingAlone_RVL_RAB_FOT,406,421,0,0,3.016161469681684,
Image_0_drivingAlone_RVL_RAB_FOT_407_1096.png,drivingAlone_RVL_RAB_FOT,407,1096,0,0,2.9320267480975013,
Image_0_drivingAlone_RVL_RAB_FOT_407_1496.png,drivingAlone_RVL_RAB_FOT,407,1496,0,0,nan,
Image_0_drivingAlone_RVL_RAB_FOT_407_496.png,drivingAlone_RVL_RAB_FOT,407,496,0,0,3.1057502062319475,
Image_0_drivingAlone_RVL_RAB_FOT_407_696.png,drivingAlone_RVL_RAB_FOT,407,696,0,0,3.0307598383473184,
Image_0_drivingAlone_RVL_RAB_FOT_408_1386.png,drivingAlone_RVL_RAB_FOT,408,1386,0,0,nan,
Image_0_drivingAlone_RVL_RAB_FOT_409_1396.png,drivingAlone_RVL_RAB_FOT,409,1396,0,0,nan,
Image_0_drivingAlone_RVL_RAB_FOT_409_696.png,drivingAlone_RVL_RAB_FOT,409,696,0,0,2.7817060820519224,
Image_0_drivingAlone_RVL_RAB_FOT_410_406.png,drivingAlone_RVL_RAB_FOT,410,406,0,0,3.7713868369747434,
Image_0_drivingAlone_RVL_RAB_FOT_410_506.png,drivingAlone_RVL_RAB_FOT,410,506,0,0,3.513886559606216,
Image_0_drivingAlone_RVL_RAB_FOT_411_1366.png,drivingAlone_RVL_RAB_FOT,411,1366,0,0,nan,
Image_0_drivingAlone_RVL_RAB_FOT_411_266.png,drivingAlone_RVL_RAB_FOT,411,266,0,0,3.967882281099369,
Image_0_drivingAlone_RVL_RAB_FOT_411_366.png,drivingAlone_RVL_RAB_FOT,411,366,0,0,3.7070121680809436,
Image_0_drivingAlone_RVL_RAB_FOT_411_866.png,drivingAlone_RVL_RAB_FOT,411,866,0,0,3.1322581111138685,
Image_0_drivingAlone_RVL_RAB_FOT_412_256.png,drivingAlone_RVL_RAB_FOT,412,256,0,0,3.8933270862244598,
Image_0_drivingAlone_RVL_RAB_FOT_412_356.png,drivingAlone_RVL_RAB_FOT,412,356,0,0,3.715203516191764,
Image_0_drivingAlone_RVL_RAB_FOT_412_856.png,drivingAlone_RVL_RAB_FOT,412,856,0,0,3.095301057887944,
Image_0_drivingAlone_RVL_RAB_FOT_413_231.png,drivingAlone_RVL_RAB_FOT,413,231,0,0,3.755112735638548,
Image_0_drivingAlone_RVL_RAB_FOT_413_531.png,drivingAlone_RVL_RAB_FOT,413,531,0,0,2.9765030014914373,
Image_0_drivingAlone_RVL_RAB_FOT_413_731.png,drivingAlone_RVL_RAB_FOT,413,731,0,0,3.100636330304109,
Image_0_drivingAlone_RVL_RAB_FOT_414_1326.png,drivingAlone_RVL_RAB_FOT,414,1326,0,0,nan,
Image_0_drivingAlone_RVL_RAB_FOT_414_726.png,drivingAlone_RVL_RAB_FOT,414,726,0,0,2.5488002551054594,
Image_0_drivingAlone_RVL_RAB_FOT_415_371.png,drivingAlone_RVL_RAB_FOT,415,371,0,0,3.5750865363516855,
Image_0_drivingAlone_RVL_RAB_FOT_415_771.png,drivingAlone_RVL_RAB_FOT,415,771,0,0,3.031615920091892,
Image_0_drivingAlone_RVL_RAB_FOT_415_871.png,drivingAlone_RVL_RAB_FOT,415,871,0,0,3.054188445689179,
Image_0_drivingAlone_RVL_RAB_FOT_416_1096.png,drivingAlone_RVL_RAB_FOT,416,1096,0,0,2.3682127920339773,
Image_0_drivingAlone_RVL_RAB_FOT_416_1196.png,drivingAlone_RVL_RAB_FOT,416,1196,0,0,nan,
Image_0_drivingAlone_RVL_RAB_FOT_416_796.png,drivingAlone_RVL_RAB_FOT,416,796,0,0,2.2201877230453873,
Image_0_drivingAlone_RVL_RAB_FOT_416_996.png,drivingAlone_RVL_RAB_FOT,416,996,0,0,2.2340316795212365,
Image_0_drivingAlone_RVL_RAB_FOT_417_206.png,drivingAlone_RVL_RAB_FOT,417,206,0,0,3.6265829210705256,
Image_0_drivingAlone_RVL_RAB_FOT_417_706.png,drivingAlone_RVL_RAB_FOT,417,706,0,0,3.137559287191575,
Image_0_drivingAlone_RVL_RAB_FOT_418_1446.png,drivingAlone_RVL_RAB_FOT,418,1446,0,0,nan,
Image_0_drivingAlone_RVL_RAB_FOT_418_746.png,drivingAlone_RVL_RAB_FOT,418,746,0,0,3.1428666763121322,
Image_0_drivingAlone_RVL_RAB_FOT_419_1061.png,drivingAlone_RVL_RAB_FOT,419,1061,0,0,3.069120521301529,
Image_0_drivingAlone_RVL_RAB_FOT_419_1361.png,drivingAlone_RVL_RAB_FOT,419,1361,0,0,nan,
Image_0_drivingAlone_RVL_RAB_FOT_419_561.png,drivingAlone_RVL_RAB_FOT,419,561,0,0,3.097157206035231,
Image_0_drivingAlone_RVL_RAB_FOT_420_1346.png,drivingAlone_RVL_RAB_FOT,420,1346,0,0,nan,
Image_0_drivingAlone_RVL_RAB_FOT_420_1446.png,drivingAlone_RVL_RAB_FOT,420,1446,0,0,nan,
Image_0_drivingAlone_RVL_RAB_FOT_420_946.png,drivingAlone_RVL_RAB_FOT,420,946,0,0,3.305699696301162,
Image_0_drivingAlone_RVL_RAB_FOT_421_1401.png,drivingAlone_RVL_RAB_FOT,421,1401,0,0,nan,
Image_0_drivingAlone_RVL_RAB_FOT_421_401.png,drivingAlone_RVL_RAB_FOT,421,401,0,0,3.950443473916822,
Image_0_drivingAlone_RVL_RAB_FOT_421_701.png,drivingAlone_RVL_RAB_FOT,421,701,0,0,3.478200516982331,
Image_0_drivingAlone_RVL_RAB_FOT_422_1156.png,drivingAlone_RVL_RAB_FOT,422,1156,0,0,2.425560497740787,
Image_0_drivingAlone_RVL_RAB_FOT_422_1456.png,drivingAlone_RVL_RAB_FOT,422,1456,0,0,nan,
Image_0_drivingAlone_RVL_RAB_FOT_422_456.png,drivingAlone_RVL_RAB_FOT,422,456,0,0,2.81336416024514,
Image_0_drivingAlone_RVL_RAB_FOT_422_756.png,drivingAlone_RVL_RAB_FOT,422,756,0,0,2.2700512232295216,
Image_0_drivingAlone_RVL_RAB_FOT_423_1041.png,drivingAlone_RVL_RAB_FOT,423,1041,0,0,3.317926279029874,
Image_0_drivingAlone_RVL_RAB_FOT_423_1341.png,drivingAlone_RVL_RAB_FOT,423,1341,0,0,nan,
Image_0_drivingAlone_RVL_RAB_FOT_423_741.png,drivingAlone_RVL_RAB_FOT,423,741,0,0,3.350009475684474,
Image_0_drivingAlone_RVL_RAB_FOT_423_841.png,drivingAlone_RVL_RAB_FOT,423,841,0,0,3.399737040605449,
Image_0_drivingAlone_RVL_RAB_FOT_424_1201.png,drivingAlone_RVL_RAB_FOT,424,1201,0,0,nan,
Image_0_drivingAlone_RVL_RAB_FOT_424_301.png,drivingAlone_RVL_RAB_FOT,424,301,0,0,2.6905129023449943,
Image_0_drivingAlone_RVL_RAB_FOT_424_401.png,drivingAlone_RVL_RAB_FOT,424,401,0,0,2.4214673814934775,
Image_0_drivingAlone_RVL_RAB_FOT_424_701.png,drivingAlone_RVL_RAB_FOT,424,701,0,0,2.15924459180853,
Image_0_drivingAlone_RVL_RAB_FOT_425_1311.png,drivingAlone_RVL_RAB_FOT,425,1311,0,0,nan,
Image_0_drivingAlone_RVL_RAB_FOT_426_1406.png,drivingAlone_RVL_RAB_FOT,426,1406,0,0,nan,
Image_0_drivingAlone_RVL_RAB_FOT_426_206.png,drivingAlone_RVL_RAB_FOT,426,206,0,0,3.7127904300361507,
Image_0_drivingAlone_RVL_RAB_FOT_426_306.png,drivingAlone_RVL_RAB_FOT,426,306,0,0,3.892254988794111,
Image_0_drivingAlone_RVL_RAB_FOT_426_506.png,drivingAlone_RVL_RAB_FOT,426,506,0,0,3.3430269364346046,
Image_0_drivingAlone_RVL_RAB_FOT_426_606.png,drivingAlone_RVL_RAB_FOT,426,606,0,0,3.2149131817535226,
Image_0_drivingAlone_RVL_RAB_FOT_427_1051.png,drivingAlone_RVL_RAB_FOT,427,1051,0,0,3.010262507751696,
Image_0_drivingAlone_RVL_RAB_FOT_427_1251.png,drivingAlone_RVL_RAB_FOT,427,1251,0,0,3.0285910104516764,
Image_0_drivingAlone_RVL_RAB_FOT_427_451.png,drivingAlone_RVL_RAB_FOT,427,451,0,0,3.2708147159483287,
Image_0_drivingAlone_RVL_RAB_FOT_427_951.png,drivingAlone_RVL_RAB_FOT,427,951,0,0,3.0485059117609428,
Image_0_drivingAlone_RVL_RAB_FOT_428_231.png,drivingAlone_RVL_RAB_FOT,428,231,0,0,3.9244389168027194,
Image_0_drivingAlone_RVL_RAB_FOT_428_331.png,drivingAlone_RVL_RAB_FOT,428,331,0,0,4.088770170938883,
Image_0_drivingAlone_RVL_RAB_FOT_428_831.png,drivingAlone_RVL_RAB_FOT,428,831,0,0,3.3609490847079693,
Image_0_drivingAlone_RVL_RAB_FOT_428_931.png,drivingAlone_RVL_RAB_FOT,428,931,0,0,3.351378502485582,
Image_0_drivingAlone_RVL_RAB_FOT_429_1106.png,drivingAlone_RVL_RAB_FOT,429,1106,0,0,nan,
Image_0_drivingAlone_RVL_RAB_FOT_429_1206.png,drivingAlone_RVL_RAB_FOT,429,1206,0,0,nan,
Image_0_drivingAlone_RVL_RAB_FOT_429_306.png,drivingAlone_RVL_RAB_FOT,429,306,0,0,2.6090814402233526,
Image_0_drivingAlone_RVL_RAB_FOT_429_606.png,drivingAlone_RVL_RAB_FOT,429,606,0,0,2.0550207867289334,
Image_0_drivingAlone_RVL_RAB_FOT_429_906.png,drivingAlone_RVL_RAB_FOT,429,906,0,0,1.9524771292081227,
Image_0_drivingAlone_RVL_RAB_FOT_431_1041.png,drivingAlone_RVL_RAB_FOT,431,1041,0,0,1.4729493552171518,
Image_0_drivingAlone_RVL_RAB_FOT_431_541.png,drivingAlone_RVL_RAB_FOT,431,541,0,0,1.5044423585519864,
Image_0_drivingAlone_RVL_RAB_FOT_432_1081.png,drivingAlone_RVL_RAB_FOT,432,1081,0,0,2.8662219207344495,
Image_0_drivingAlone_RVL_RAB_FOT_432_1181.png,drivingAlone_RVL_RAB_FOT,432,1181,0,0,2.9421383892214976,
Image_0_drivingAlone_RVL_RAB_FOT_432_1381.png,drivingAlone_RVL_RAB_FOT,432,1381,0,0,nan,
Image_0_drivingAlone_RVL_RAB_FOT_432_581.png,drivingAlone_RVL_RAB_FOT,432,581,0,0,2.9076635979961543,
Image_0_drivingAlone_RVL_RAB_FOT_433_1136.png,drivingAlone_RVL_RAB_FOT,433,1136,0,0,3.0103449770954454,
Image_0_drivingAlone_RVL_RAB_FOT_433_1436.png,drivingAlone_RVL_RAB_FOT,433,1436,0,0,nan,
Image_0_drivingAlone_RVL_RAB_FOT_433_236.png,drivingAlone_RVL_RAB_FOT,433,236,0,0,3.8040107743520313,
Image_0_drivingAlone_RVL_RAB_FOT_434_1021.png,drivingAlone_RVL_RAB_FOT,434,1021,0,0,3.2371626853046376,
Image_0_drivingAlone_RVL_RAB_FOT_434_221.png,drivingAlone_RVL_RAB_FOT,434,221,0,0,3.9381933669981333,
Image_0_drivingAlone_RVL_RAB_FOT_434_421.png,drivingAlone_RVL_RAB_FOT,434,421,0,0,3.581236134258422,
Image_0_drivingAlone_RVL_RAB_FOT_434_521.png,drivingAlone_RVL_RAB_FOT,434,521,0,0,3.3612972152623533,
Image_0_drivingAlone_RVL_RAB_FOT_434_721.png,drivingAlone_RVL_RAB_FOT,434,721,0,0,3.058742643964302,
Image_0_drivingAlone_RVL_RAB_FOT_434_821.png,drivingAlone_RVL_RAB_FOT,434,821,0,0,3.0403910002356893,
Image_0_drivingAlone_RVL_RAB_FOT_435_1336.png,drivingAlone_RVL_RAB_FOT,435,1336,0,0,nan,
Image_0_drivingAlone_RVL_RAB_FOT_435_636.png,drivingAlone_RVL_RAB_FOT,435,636,0,0,2.575780527811486,
Image_0_drivingAlone_RVL_RAB_FOT_436_836.png,drivingAlone_RVL_RAB_FOT,436,836,0,0,2.6334368260080243,
Image_0_drivingAlone_RVL_RAB_FOT_437_906.png,drivingAlone_RVL_RAB_FOT,437,906,0,0,1.371153808662875,
Image_0_drivingAlone_RVL_RAB_FOT_438_1036.png,drivingAlone_RVL_RAB_FOT,438,1036,0,0,3.2447420799476507,
Image_0_drivingAlone_RVL_RAB_FOT_438_1336.png,drivingAlone_RVL_RAB_FOT,438,1336,0,0,nan,
Image_0_drivingAlone_RVL_RAB_FOT_438_536.png,drivingAlone_RVL_RAB_FOT,438,536,0,0,3.2963675094476077,
Image_0_drivingAlone_RVL_RAB_FOT_438_836.png,drivingAlone_RVL_RAB_FOT,438,836,0,0,3.2395701183615273,
Image_0_drivingAlone_RVL_RAB_FOT_439_1166.png,drivingAlone_RVL_RAB_FOT,439,1166,0,0,2.890719181478829,
Image_0_drivingAlone_RVL_RAB_FOT_439_1366.png,drivingAlone_RVL_RAB_FOT,439,1366,0,0,nan,
Image_0_drivingAlone_RVL_RAB_FOT_439_1466.png,drivingAlone_RVL_RAB_FOT,439,1466,0,0,nan,
Image_0_drivingAlone_RVL_RAB_FOT_439_266.png,drivingAlone_RVL_RAB_FOT,439,266,0,0,3.728007583533783,
Image_0_drivingAlone_RVL_RAB_FOT_439_666.png,drivingAlone_RVL_RAB_FOT,439,666,0,0,2.780807094434013,
Image_0_drivingAlone_RVL_RAB_FOT_439_766.png,drivingAlone_RVL_RAB_FOT,439,766,0,0,2.8740351266080078,
Image_0_drivingAlone_RVL_RAB_FOT_439_866.png,drivingAlone_RVL_RAB_FOT,439,866,0,0,2.947431655032719,
Image_0_drivingAlone_RVL_RAB_FOT_440_471.png,drivingAlone_RVL_RAB_FOT,440,471,0,0,3.134939935565199,
Image_0_drivingAlone_RVL_RAB_FOT_441_1106.png,drivingAlone_RVL_RAB_FOT,441,1106,0,0,2.8294117100436313,
Image_0_drivingAlone_RVL_RAB_FOT_441_1206.png,drivingAlone_RVL_RAB_FOT,441,1206,0,0,2.857311655561388,
Image_0_drivingAlone_RVL_RAB_FOT_442_231.png,drivingAlone_RVL_RAB_FOT,442,231,0,0,3.7874274072948104,
Image_0_drivingAlone_RVL_RAB_FOT_442_631.png,drivingAlone_RVL_RAB_FOT,442,631,0,0,2.9574748786396547,
Image_0_drivingAlone_RVL_RAB_FOT_442_831.png,drivingAlone_RVL_RAB_FOT,442,831,0,0,2.871338410949874,
Image_0_drivingAlone_RVL_RAB_FOT_444_396.png,drivingAlone_RVL_RAB_FOT,444,396,0,0,4.129212814574521,
Image_0_drivingAlone_RVL_RAB_FOT_444_596.png,drivingAlone_RVL_RAB_FOT,444,596,0,0,3.6641349127810185,
Image_0_drivingAlone_RVL_RAB_FOT_445_1131.png,drivingAlone_RVL_RAB_FOT,445,1131,0,0,3.4046076237458003,
Image_0_drivingAlone_RVL_RAB_FOT_445_231.png,drivingAlone_RVL_RAB_FOT,445,231,0,0,4.049921058800395,
Image_0_drivingAlone_RVL_RAB_FOT_445_931.png,drivingAlone_RVL_RAB_FOT,445,931,0,0,3.2955117794735824,
Image_0_drivingAlone_RVL_RAB_FOT_446_1241.png,drivingAlone_RVL_RAB_FOT,446,1241,0,0,1.9232102528489035,
Image_0_drivingAlone_RVL_RAB_FOT_446_1441.png,drivingAlone_RVL_RAB_FOT,446,1441,0,0,nan,
Image_0_drivingAlone_RVL_RAB_FOT_446_741.png,drivingAlone_RVL_RAB_FOT,446,741,0,0,1.886743425292793,
Image_0_drivingAlone_RVL_RAB_FOT_446_941.png,drivingAlone_RVL_RAB_FOT,446,941,0,0,1.9254488106902734,
Image_0_drivingAlone_RVL_RAB_FOT_447_371.png,drivingAlone_RVL_RAB_FOT,447,371,0,0,2.119320023222567,
Image_0_drivingAlone_RVL_RAB_FOT_447_671.png,drivingAlone_RVL_RAB_FOT,447,671,0,0,1.6889783583360334,
Image_0_drivingAlone_RVL_RAB_FOT_447_971.png,drivingAlone_RVL_RAB_FOT,447,971,0,0,1.7323869021248979,
Image_0_drivingAlone_RVL_RAB_FOT_448_1141.png,drivingAlone_RVL_RAB_FOT,448,1141,0,0,nan,
Image_0_drivingAlone_RVL_RAB_FOT_448_941.png,drivingAlone_RVL_RAB_FOT,448,941,0,0,1.6089644141321489,
Image_0_drivingAlone_RVL_RAB_FOT_449_1166.png,drivingAlone_RVL_RAB_FOT,449,1166,0,0,3.2831424395039353,
Image_0_drivingAlone_RVL_RAB_FOT_449_566.png,drivingAlone_RVL_RAB_FOT,449,566,0,0,3.324954274893253,
Image_0_drivingAlone_RVL_RAB_FOT_449_666.png,drivingAlone_RVL_RAB_FOT,449,666,0,0,3.3686291090010805,
Image_0_drivingAlone_RVL_RAB_FOT_450_491.png,drivingAlone_RVL_RAB_FOT,450,491,0,0,3.5932078708048474,
Image_0_drivingAlone_RVL_RAB_FOT_450_591.png,drivingAlone_RVL_RAB_FOT,450,591,0,0,3.4482938527457376,
Image_0_drivingAlone_RVL_RAB_FOT_450_691.png,drivingAlone_RVL_RAB_FOT,450,691,0,0,3.3632965314183103,
Image_0_drivingAlone_RVL_RAB_FOT_451_1031.png,drivingAlone_RVL_RAB_FOT,451,1031,0,0,2.1575390413611255,
Image_0_drivingAlone_RVL_RAB_FOT_451_731.png,drivingAlone_RVL_RAB_FOT,451,731,0,0,2.2179071618633444,
Image_0_drivingAlone_RVL_RAB_FOT_452_1081.png,drivingAlone_RVL_RAB_FOT,452,1081,0,0,nan,
Image_0_drivingAlone_RVL_RAB_FOT_452_381.png,drivingAlone_RVL_RAB_FOT,452,381,0,0,2.9876705812753395,
Image_0_drivingAlone_RVL_RAB_FOT_452_881.png,drivingAlone_RVL_RAB_FOT,452,881,0,0,2.5141090256307783,
Image_0_drivingAlone_RVL_RAB_FOT_453_676.png,drivingAlone_RVL_RAB_FOT,453,676,0,0,2.817015380736585,
Image_0_drivingAlone_RVL_RAB_FOT_453_976.png,drivingAlone_RVL_RAB_FOT,453,976,0,0,2.8242456895030417,
Image_0_drivingAlone_RVL_RAB_FOT_454_1061.png,drivingAlone_RVL_RAB_FOT,454,1061,0,0,2.3482940916388464,
Image_0_drivingAlone_RVL_RAB_FOT_454_1161.png,drivingAlone_RVL_RAB_FOT,454,1161,0,0,2.3650745827818125,
Image_0_drivingAlone_RVL_RAB_FOT_454_1261.png,drivingAlone_RVL_RAB_FOT,454,1261,0,0,2.3711406236398793,
Image_0_drivingAlone_RVL_RAB_FOT_454_561.png,drivingAlone_RVL_RAB_FOT,454,561,0,0,2.2935732366696726,
Image_0_drivingAlone_RVL_RAB_FOT_455_581.png,drivingAlone_RVL_RAB_FOT,455,581,0,0,3.074045407156074,
Image_0_drivingAlone_RVL_RAB_FOT_455_781.png,drivingAlone_RVL_RAB_FOT,455,781,0,0,2.9406378098144934,
Image_0_drivingAlone_RVL_RAB_FOT_456_1266.png,drivingAlone_RVL_RAB_FOT,456,1266,0,0,3.118328105903952,
Image_0_drivingAlone_RVL_RAB_FOT_456_1366.png,drivingAlone_RVL_RAB_FOT,456,1366,0,0,nan,
Image_0_drivingAlone_RVL_RAB_FOT_457_1071.png,drivingAlone_RVL_RAB_FOT,457,1071,0,0,2.913734456145212,
Image_0_drivingAlone_RVL_RAB_FOT_457_1271.png,drivingAlone_RVL_RAB_FOT,457,1271,0,0,nan,
Image_0_drivingAlone_RVL_RAB_FOT_457_971.png,drivingAlone_RVL_RAB_FOT,457,971,0,0,2.8678440999131127,
Image_0_drivingAlone_RVL_RAB_FOT_459_1036.png,drivingAlone_RVL_RAB_FOT,459,1036,0,0,2.494369314972542,
Image_0_drivingAlone_RVL_RAB_FOT_459_1336.png,drivingAlone_RVL_RAB_FOT,459,1336,0,0,nan,
Image_0_drivingAlone_RVL_RAB_FOT_459_436.png,drivingAlone_RVL_RAB_FOT,459,436,0,0,2.7648456058242523,
Image_0_drivingAlone_RVL_RAB_FOT_459_736.png,drivingAlone_RVL_RAB_FOT,459,736,0,0,2.475461732646914,
Image_0_drivingAlone_RVL_RAB_FOT_460_1031.png,drivingAlone_RVL_RAB_FOT,460,1031,0,0,1.467133679721241,
Image_0_drivingAlone_RVL_RAB_FOT_460_431.png,drivingAlone_RVL_RAB_FOT,460,431,0,0,1.6403911859214917,
Image_0_drivingAlone_RVL_RAB_FOT_460_731.png,drivingAlone_RVL_RAB_FOT,460,731,0,0,1.5541905530950388,
Image_0_drivingAlone_RVL_RAB_FOT_461_266.png,drivingAlone_RVL_RAB_FOT,461,266,0,0,3.821439364717447,
Image_0_drivingAlone_RVL_RAB_FOT_461_966.png,drivingAlone_RVL_RAB_FOT,461,966,0,0,2.8989110331517365,
Image_0_drivingAlone_RVL_RAB_FOT_462_396.png,drivingAlone_RVL_RAB_FOT,462,396,0,0,3.862231795153896,
Image_0_drivingAlone_RVL_RAB_FOT_462_896.png,drivingAlone_RVL_RAB_FOT,462,896,0,0,3.3586801541909748,
Image_0_drivingAlone_RVL_RAB_FOT_462_996.png,drivingAlone_RVL_RAB_FOT,462,996,0,0,3.449918572972883,
Image_0_drivingAlone_RVL_RAB_FOT_464_241.png,drivingAlone_RVL_RAB_FOT,464,241,0,0,4.017380641379935,
Image_0_drivingAlone_RVL_RAB_FOT_464_341.png,drivingAlone_RVL_RAB_FOT,464,341,0,0,3.8889095479071596,
Image_0_drivingAlone_RVL_RAB_FOT_464_841.png,drivingAlone_RVL_RAB_FOT,464,841,0,0,3.129155827075544,
Image_0_drivingAlone_RVL_RAB_FOT_465_531.png,drivingAlone_RVL_RAB_FOT,465,531,0,0,2.2872316959504477,
Image_0_drivingAlone_RVL_RAB_FOT_465_831.png,drivingAlone_RVL_RAB_FOT,465,831,0,0,2.3708568012208104,
Image_0_drivingAlone_RVL_RAB_FOT_466_1186.png,drivingAlone_RVL_RAB_FOT,466,1186,0,0,2.633528807343601,
Image_0_drivingAlone_RVL_RAB_FOT_466_1386.png,drivingAlone_RVL_RAB_FOT,466,1386,0,0,nan,
Image_0_drivingAlone_RVL_RAB_FOT_466_386.png,drivingAlone_RVL_RAB_FOT,466,386,0,0,3.1225215049215063,
Image_0_drivingAlone_RVL_RAB_FOT_466_486.png,drivingAlone_RVL_RAB_FOT,466,486,0,0,2.79771394982704,
Image_0_drivingAlone_RVL_RAB_FOT_466_886.png,drivingAlone_RVL_RAB_FOT,466,886,0,0,2.667943174311331,
Image_0_drivingAlone_RVL_RAB_FOT_466_986.png,drivingAlone_RVL_RAB_FOT,466,986,0,0,2.6253785955685305,
Image_0_drivingAlone_RVL_RAB_FOT_467_201.png,drivingAlone_RVL_RAB_FOT,467,201,0,0,3.648905661944651,
Image_0_drivingAlone_RVL_RAB_FOT_467_401.png,drivingAlone_RVL_RAB_FOT,467,401,0,0,3.7304522064413774,
Image_0_drivingAlone_RVL_RAB_FOT_469_1211.png,drivingAlone_RVL_RAB_FOT,469,1211,0,0,nan,
Image_0_drivingAlone_RVL_RAB_FOT_469_711.png,drivingAlone_RVL_RAB_FOT,469,711,0,0,2.177906131900049,
Image_0_drivingAlone_RVL_RAB_FOT_469_811.png,drivingAlone_RVL_RAB_FOT,469,811,0,0,2.1395728148900743,
Image_0_drivingAlone_RVL_RAB_FOT_470_1021.png,drivingAlone_RVL_RAB_FOT,470,1021,0,0,3.370264832345986,
Image_0_drivingAlone_RVL_RAB_FOT_470_1321.png,drivingAlone_RVL_RAB_FOT,470,1321,0,0,nan,
Image_0_drivingAlone_RVL_RAB_FOT_470_1521.png,drivingAlone_RVL_RAB_FOT,470,1521,0,0,nan,
Image_0_drivingAlone_RVL_RAB_FOT_470_721.png,drivingAlone_RVL_RAB_FOT,470,721,0,0,3.164994077883607,
Image_0_drivingAlone_RVL_RAB_FOT_471_1026.png,drivingAlone_RVL_RAB_FOT,471,1026,0,0,3.2954310853078335,
Image_0_drivingAlone_RVL_RAB_FOT_471_626.png,drivingAlone_RVL_RAB_FOT,471,626,0,0,3.2329834308681216,
Image_0_drivingAlone_RVL_RAB_FOT_472_1051.png,drivingAlone_RVL_RAB_FOT,472,1051,0,0,2.6821725360684017,
Image_0_drivingAlone_RVL_RAB_FOT_472_1151.png,drivingAlone_RVL_RAB_FOT,472,1151,0,1,2.6797376715782786,
Image_0_drivingAlone_RVL_RAB_FOT_472_1251.png,drivingAlone_RVL_RAB_FOT,472,1251,0,0,2.7607822380614317,
Image_0_drivingAlone_RVL_RAB_FOT_472_551.png,drivingAlone_RVL_RAB_FOT,472,551,0,0,2.814375800710363,
Image_0_drivingAlone_RVL_RAB_FOT_473_366.png,drivingAlone_RVL_RAB_FOT,473,366,0,0,3.634931461674464,
Image_0_drivingAlone_RVL_RAB_FOT_474_296.png,drivingAlone_RVL_RAB_FOT,474,296,0,0,2.7202655093395807,
Image_0_drivingAlone_RVL_RAB_FOT_474_696.png,drivingAlone_RVL_RAB_FOT,474,696,0,0,2.085798950504604,
Image_0_drivingAlone_RVL_RAB_FOT_475_326.png,drivingAlone_RVL_RAB_FOT,475,326,0,0,3.879638646057959,
Image_0_drivingAlone_RVL_RAB_FOT_475_426.png,drivingAlone_RVL_RAB_FOT,475,426,0,0,3.439079126393331,
Image_0_drivingAlone_RVL_RAB_FOT_475_526.png,drivingAlone_RVL_RAB_FOT,475,526,0,0,3.1325566021131834,
Image_0_drivingAlone_RVL_RAB_FOT_475_726.png,drivingAlone_RVL_RAB_FOT,475,726,0,0,3.1578954646449553,
Image_0_drivingAlone_RVL_RAB_FOT_476_1061.png,drivingAlone_RVL_RAB_FOT,476,1061,0,0,1.2418086899223981,
Image_0_drivingAlone_RVL_RAB_FOT_476_661.png,drivingAlone_RVL_RAB_FOT,476,661,0,0,1.2450679908329807,
Image_0_drivingAlone_RVL_RAB_FOT_476_761.png,drivingAlone_RVL_RAB_FOT,476,761,0,0,1.2914546702151268,
Image_0_drivingAlone_RVL_RAB_FOT_476_861.png,drivingAlone_RVL_RAB_FOT,476,861,0,0,1.2904433691698967,
Image_0_drivingAlone_RVL_RAB_FOT_477_1006.png,drivingAlone_RVL_RAB_FOT,477,1006,0,0,3.498688464483654,
Image_0_drivingAlone_RVL_RAB_FOT_477_1306.png,drivingAlone_RVL_RAB_FOT,477,1306,0,0,nan,
Image_0_drivingAlone_RVL_RAB_FOT_477_806.png,drivingAlone_RVL_RAB_FOT,477,806,0,0,3.3157136445173894,
Image_0_drivingAlone_RVL_RAB_FOT_478_1436.png,drivingAlone_RVL_RAB_FOT,478,1436,0,0,nan,
Image_0_drivingAlone_RVL_RAB_FOT_478_836.png,drivingAlone_RVL_RAB_FOT,478,836,0,0,2.5838092992323576,
Image_0_drivingAlone_RVL_RAB_FOT_478_936.png,drivingAlone_RVL_RAB_FOT,478,936,0,0,2.647609231896484,
Image_0_drivingAlone_RVL_RAB_FOT_479_1351.png,drivingAlone_RVL_RAB_FOT,479,1351,0,0,nan,
Image_0_drivingAlone_RVL_RAB_FOT_479_851.png,drivingAlone_RVL_RAB_FOT,479,851,0,0,3.0045199884712224,
Image_0_drivingAlone_RVL_RAB_FOT_479_951.png,drivingAlone_RVL_RAB_FOT,479,951,0,0,2.9137743303620125,
Image_0_drivingAlone_RVL_RAB_FOT_480_1296.png,drivingAlone_RVL_RAB_FOT,480,1296,0,0,nan,
Image_0_drivingAlone_RVL_RAB_FOT_480_596.png,drivingAlone_RVL_RAB_FOT,480,596,0,0,2.7984475704308567,
Image_0_drivingAlone_RVL_RAB_FOT_481_1496.png,drivingAlone_RVL_RAB_FOT,481,1496,0,0,nan,
Image_0_drivingAlone_RVL_RAB_FOT_481_496.png,drivingAlone_RVL_RAB_FOT,481,496,0,0,2.866368198189855,
Image_0_drivingAlone_RVL_RAB_FOT_481_596.png,drivingAlone_RVL_RAB_FOT,481,596,0,0,2.727472195347435,
Image_0_drivingAlone_RVL_RAB_FOT_481_696.png,drivingAlone_RVL_RAB_FOT,481,696,0,0,2.8410780256079837,
Image_0_drivingAlone_RVL_RAB_FOT_481_796.png,drivingAlone_RVL_RAB_FOT,481,796,0,0,2.960113678987863,
Image_0_drivingAlone_RVL_RAB_FOT_481_896.png,drivingAlone_RVL_RAB_FOT,481,896,0,0,2.9726191332536422,
Image_0_drivingAlone_RVL_RAB_FOT_481_996.png,drivingAlone_RVL_RAB_FOT,481,996,0,0,2.9068055873513274,
Image_0_drivingAlone_RVL_RAB_FOT_482_1146.png,drivingAlone_RVL_RAB_FOT,482,1146,0,0,2.564371268946002,
Image_0_drivingAlone_RVL_RAB_FOT_482_746.png,drivingAlone_RVL_RAB_FOT,482,746,0,0,2.560473420168467,
Image_0_drivingAlone_RVL_RAB_FOT_483_1441.png,drivingAlone_RVL_RAB_FOT,483,1441,0,0,nan,
Image_0_drivingAlone_RVL_RAB_FOT_483_641.png,drivingAlone_RVL_RAB_FOT,483,641,0,0,2.6456712890438725,
Image_0_drivingAlone_RVL_RAB_FOT_483_841.png,drivingAlone_RVL_RAB_FOT,483,841,0,0,2.679125465984309,
Image_0_drivingAlone_RVL_RAB_FOT_484_466.png,drivingAlone_RVL_RAB_FOT,484,466,0,0,3.305777903879301,
Image_0_drivingAlone_RVL_RAB_FOT_484_866.png,drivingAlone_RVL_RAB_FOT,484,866,0,0,3.034586194643895,
Image_0_drivingAlone_RVL_RAB_FOT_485_326.png,drivingAlone_RVL_RAB_FOT,485,326,0,0,3.146636392883533,
Image_0_drivingAlone_RVL_RAB_FOT_485_426.png,drivingAlone_RVL_RAB_FOT,485,426,0,0,2.736665106030932,
Image_0_drivingAlone_RVL_RAB_FOT_485_526.png,drivingAlone_RVL_RAB_FOT,485,526,0,0,2.4751414836601517,
Image_0_drivingAlone_RVL_RAB_FOT_485_726.png,drivingAlone_RVL_RAB_FOT,485,726,0,0,2.4195714380131372,
Image_0_drivingAlone_RVL_RAB_FOT_485_826.png,drivingAlone_RVL_RAB_FOT,485,826,0,0,2.445406928847947,
Image_0_drivingAlone_RVL_RAB_FOT_486_1016.png,drivingAlone_RVL_RAB_FOT,486,1016,0,0,2.155508747526324,
Image_0_drivingAlone_RVL_RAB_FOT_486_616.png,drivingAlone_RVL_RAB_FOT,486,616,0,0,2.1337804591948046,
Image_0_drivingAlone_RVL_RAB_FOT_487_1281.png,drivingAlone_RVL_RAB_FOT,487,1281,0,0,3.0697017538027165,
Image_0_drivingAlone_RVL_RAB_FOT_487_1481.png,drivingAlone_RVL_RAB_FOT,487,1481,0,0,nan,
Image_0_drivingAlone_RVL_RAB_FOT_487_881.png,drivingAlone_RVL_RAB_FOT,487,881,0,0,3.0627717416784495,
Image_0_drivingAlone_RVL_RAB_FOT_487_981.png,drivingAlone_RVL_RAB_FOT,487,981,0,0,3.0596574423703125,
Image_0_drivingAlone_RVL_RAB_FOT_488_1281.png,drivingAlone_RVL_RAB_FOT,488,1281,0,0,nan,
Image_0_drivingAlone_RVL_RAB_FOT_488_281.png,drivingAlone_RVL_RAB_FOT,488,281,0,0,3.8063967572288657,
Image_0_drivingAlone_RVL_RAB_FOT_488_381.png,drivingAlone_RVL_RAB_FOT,488,381,0,0,3.418401477315342,
Image_0_drivingAlone_RVL_RAB_FOT_488_881.png,drivingAlone_RVL_RAB_FOT,488,881,0,0,2.927660664681106,
Image_0_drivingAlone_RVL_RAB_FOT_488_981.png,drivingAlone_RVL_RAB_FOT,488,981,0,0,2.839010921908691,
Image_0_drivingAlone_RVL_RAB_FOT_489_566.png,drivingAlone_RVL_RAB_FOT,489,566,0,0,3.055330827827036,
Image_0_drivingAlone_RVL_RAB_FOT_489_766.png,drivingAlone_RVL_RAB_FOT,489,766,0,0,2.8152159482017476,
Image_0_drivingAlone_RVL_RAB_FOT_490_321.png,drivingAlone_RVL_RAB_FOT,490,321,0,0,2.875172315598512,
Image_0_drivingAlone_RVL_RAB_FOT_491_441.png,drivingAlone_RVL_RAB_FOT,491,441,0,0,2.1283379736978745,
Image_0_drivingAlone_RVL_RAB_FOT_491_941.png,drivingAlone_RVL_RAB_FOT,491,941,0,0,1.9550060029171314,
Image_0_drivingAlone_RVL_RAB_FOT_492_351.png,drivingAlone_RVL_RAB_FOT,492,351,0,0,2.3109940832202494,
Image_0_drivingAlone_RVL_RAB_FOT_493_1436.png,drivingAlone_RVL_RAB_FOT,493,1436,0,0,nan,
Image_0_drivingAlone_RVL_RAB_FOT_493_436.png,drivingAlone_RVL_RAB_FOT,493,436,0,0,3.6059367350055958,
Image_0_drivingAlone_RVL_RAB_FOT_494_1121.png,drivingAlone_RVL_RAB_FOT,494,1121,0,0,2.3504126130069265,
Image_0_drivingAlone_RVL_RAB_FOT_495_1061.png,drivingAlone_RVL_RAB_FOT,495,1061,0,0,1.7681368316156014,
Image_0_drivingAlone_RVL_RAB_FOT_495_261.png,drivingAlone_RVL_RAB_FOT,495,261,0,0,2.2604022953532974,
Image_0_drivingAlone_RVL_RAB_FOT_495_461.png,drivingAlone_RVL_RAB_FOT,495,461,0,0,1.8313574175772187,
Image_0_drivingAlone_RVL_RAB_FOT_495_561.png,drivingAlone_RVL_RAB_FOT,495,561,0,0,1.6902148466554578,
Image_0_drivingAlone_RVL_RAB_FOT_495_761.png,drivingAlone_RVL_RAB_FOT,495,761,0,0,1.6316367618927599,
Image_0_drivingAlone_RVL_RAB_FOT_496_331.png,drivingAlone_RVL_RAB_FOT,496,331,0,0,3.409364930434446,
Image_0_drivingAlone_RVL_RAB_FOT_497_1316.png,drivingAlone_RVL_RAB_FOT,497,1316,0,0,nan,
Image_0_drivingAlone_RVL_RAB_FOT_497_1416.png,drivingAlone_RVL_RAB_FOT,497,1416,0,0,nan,
Image_0_drivingAlone_RVL_RAB_FOT_497_716.png,drivingAlone_RVL_RAB_FOT,497,716,0,0,2.71716263470236,
Image_0_drivingAlone_RVL_RAB_FOT_498_1231.png,drivingAlone_RVL_RAB_FOT,498,1231,0,0,3.208420953379648,
Image_0_drivingAlone_RVL_RAB_FOT_499_401.png,drivingAlone_RVL_RAB_FOT,499,401,0,0,3.827292598219051,
Image_0_drivingAlone_RVL_RAB_FOT_500_1141.png,drivingAlone_RVL_RAB_FOT,500,1141,0,0,nan,
Image_0_drivingAlone_RVL_RAB_FOT_501_1426.png,drivingAlone_RVL_RAB_FOT,501,1426,0,0,nan,
Image_0_drivingAlone_RVL_RAB_FOT_501_526.png,drivingAlone_RVL_RAB_FOT,501,526,0,0,3.4612413043592785,
Image_0_drivingAlone_RVL_RAB_FOT_501_826.png,drivingAlone_RVL_RAB_FOT,501,826,0,0,3.3514551974811546,
Image_0_drivingAlone_RVL_RAB_FOT_502_1216.png,drivingAlone_RVL_RAB_FOT,502,1216,0,0,2.7267330926164233,
Image_0_drivingAlone_RVL_RAB_FOT_503_201.png,drivingAlone_RVL_RAB_FOT,503,201,0,0,3.6713073647948082,
Image_0_drivingAlone_RVL_RAB_FOT_503_701.png,drivingAlone_RVL_RAB_FOT,503,701,0,0,3.1522393706114773,
Image_0_drivingAlone_RVL_RAB_FOT_504_1001.png,drivingAlone_RVL_RAB_FOT,504,1001,0,0,2.4601831666453826,
Image_0_drivingAlone_RVL_RAB_FOT_504_1101.png,drivingAlone_RVL_RAB_FOT,504,1101,0,0,2.4879505318659794,
Image_0_drivingAlone_RVL_RAB_FOT_504_1201.png,drivingAlone_RVL_RAB_FOT,504,1201,0,0,2.4850296732646804,
Image_0_drivingAlone_RVL_RAB_FOT_504_1301.png,drivingAlone_RVL_RAB_FOT,504,1301,0,0,nan,
Image_0_drivingAlone_RVL_RAB_FOT_504_501.png,drivingAlone_RVL_RAB_FOT,504,501,0,0,2.6478200957875044,
Image_0_drivingAlone_RVL_RAB_FOT_505_501.png,drivingAlone_RVL_RAB_FOT,505,501,0,0,2.7080164935294038,
Image_0_drivingAlone_RVL_RAB_FOT_505_601.png,drivingAlone_RVL_RAB_FOT,505,601,0,0,2.593723933393579,
Image_0_drivingAlone_RVL_RAB_FOT_505_801.png,drivingAlone_RVL_RAB_FOT,505,801,0,0,2.738313567579824,
Image_0_drivingAlone_RVL_RAB_FOT_506_1041.png,drivingAlone_RVL_RAB_FOT,506,1041,0,0,1.6866862977036807,
Image_0_drivingAlone_RVL_RAB_FOT_506_441.png,drivingAlone_RVL_RAB_FOT,506,441,0,0,1.9923539458446742,
Image_0_drivingAlone_RVL_RAB_FOT_508_1391.png,drivingAlone_RVL_RAB_FOT,508,1391,0,0,nan,
Image_0_drivingAlone_RVL_RAB_FOT_508_491.png,drivingAlone_RVL_RAB_FOT,508,491,0,0,2.885940716669947,
Image_0_drivingAlone_RVL_RAB_FOT_510_826.png,drivingAlone_RVL_RAB_FOT,510,826,0,0,1.8253770255091237,
Image_0_drivingAlone_RVL_RAB_FOT_510_926.png,drivingAlone_RVL_RAB_FOT,510,926,0,0,1.8215085051118707,
Image_0_drivingAlone_RVL_RAB_FOT_511_391.png,drivingAlone_RVL_RAB_FOT,511,391,0,0,4.546914083113421,
Image_0_drivingAlone_RVL_RAB_FOT_512_456.png,drivingAlone_RVL_RAB_FOT,512,456,0,0,3.286717005027122,
Image_0_drivingAlone_RVL_RAB_FOT_513_1151.png,drivingAlone_RVL_RAB_FOT,513,1151,0,0,2.213272627865746,
Image_0_drivingAlone_RVL_RAB_FOT_513_351.png,drivingAlone_RVL_RAB_FOT,513,351,0,0,2.8487191782723578,
Image_0_drivingAlone_RVL_RAB_FOT_513_751.png,drivingAlone_RVL_RAB_FOT,513,751,0,0,2.1307138675867163,
Image_0_drivingAlone_RVL_RAB_FOT_514_1186.png,drivingAlone_RVL_RAB_FOT,514,1186,0,0,2.9298592246788564,
Image_0_drivingAlone_RVL_RAB_FOT_514_1386.png,drivingAlone_RVL_RAB_FOT,514,1386,0,0,nan,
Image_0_drivingAlone_RVL_RAB_FOT_514_786.png,drivingAlone_RVL_RAB_FOT,514,786,0,0,2.842561289527712,
Image_0_drivingAlone_RVL_RAB_FOT_514_986.png,drivingAlone_RVL_RAB_FOT,514,986,0,0,2.9821715045723183,
Image_0_drivingAlone_RVL_RAB_FOT_516_1366.png,drivingAlone_RVL_RAB_FOT,516,1366,0,0,nan,
Image_0_drivingAlone_RVL_RAB_FOT_516_566.png,drivingAlone_RVL_RAB_FOT,516,566,0,0,2.9319126449768946,
Image_0_drivingAlone_RVL_RAB_FOT_516_766.png,drivingAlone_RVL_RAB_FOT,516,766,0,0,3.070057436438903,
Image_0_drivingAlone_RVL_RAB_FOT_517_536.png,drivingAlone_RVL_RAB_FOT,517,536,0,0,2.5582840637206035,
Image_0_drivingAlone_RVL_RAB_FOT_517_636.png,drivingAlone_RVL_RAB_FOT,517,636,0,0,2.4441364883851726,
Image_0_drivingAlone_RVL_RAB_FOT_517_736.png,drivingAlone_RVL_RAB_FOT,517,736,0,0,2.4540190531906863,
Image_0_drivingAlone_RVL_RAB_FOT_517_836.png,drivingAlone_RVL_RAB_FOT,517,836,0,0,2.522396244473657,
Image_0_drivingAlone_RVL_RAB_FOT_518_1116.png,drivingAlone_RVL_RAB_FOT,518,1116,0,0,2.5927741103228676,
Image_0_drivingAlone_RVL_RAB_FOT_518_316.png,drivingAlone_RVL_RAB_FOT,518,316,0,0,3.246736454526257,
Image_0_drivingAlone_RVL_RAB_FOT_518_516.png,drivingAlone_RVL_RAB_FOT,518,516,0,0,2.6977681067787476,
Image_0_drivingAlone_RVL_RAB_FOT_520_1186.png,drivingAlone_RVL_RAB_FOT,520,1186,0,0,nan,
Image_0_drivingAlone_RVL_RAB_FOT_521_1211.png,drivingAlone_RVL_RAB_FOT,521,1211,0,0,1.9774000575691644,
Image_0_drivingAlone_RVL_RAB_FOT_521_1411.png,drivingAlone_RVL_RAB_FOT,521,1411,0,0,nan,
Image_0_drivingAlone_RVL_RAB_FOT_521_611.png,drivingAlone_RVL_RAB_FOT,521,611,0,0,1.962114088606305,
Image_0_drivingAlone_RVL_RAB_FOT_522_421.png,drivingAlone_RVL_RAB_FOT,522,421,0,0,2.1224813212996176,
Image_0_drivingAlone_RVL_RAB_FOT_523_1286.png,drivingAlone_RVL_RAB_FOT,523,1286,0,0,nan,
Image_0_drivingAlone_RVL_RAB_FOT_523_1386.png,drivingAlone_RVL_RAB_FOT,523,1386,0,0,nan,
Image_0_drivingAlone_RVL_RAB_FOT_523_686.png,drivingAlone_RVL_RAB_FOT,523,686,0,0,2.756458425096591,
Image_0_drivingAlone_RVL_RAB_FOT_525_1486.png,drivingAlone_RVL_RAB_FOT,525,1486,0,0,nan,
Image_0_drivingAlone_RVL_RAB_FOT_525_186.png,drivingAlone_RVL_RAB_FOT,525,186,0,0,3.644644220307365,
Image_0_drivingAlone_RVL_RAB_FOT_525_586.png,drivingAlone_RVL_RAB_FOT,525,586,0,0,3.5093004160614267,
Image_0_drivingAlone_RVL_RAB_FOT_525_786.png,drivingAlone_RVL_RAB_FOT,525,786,0,0,3.3749506866250574,
Image_0_drivingAlone_RVL_RAB_FOT_526_591.png,drivingAlone_RVL_RAB_FOT,526,591,0,0,1.611183805234079,
Image_0_drivingAlone_RVL_RAB_FOT_526_991.png,drivingAlone_RVL_RAB_FOT,526,991,0,0,1.5595889430002103,
Image_0_drivingAlone_RVL_RAB_FOT_527_1151.png,drivingAlone_RVL_RAB_FOT,527,1151,0,0,3.0633286938328848,
Image_0_drivingAlone_RVL_RAB_FOT_527_1251.png,drivingAlone_RVL_RAB_FOT,527,1251,0,0,3.08278996612176,
Image_0_drivingAlone_RVL_RAB_FOT_527_1351.png,drivingAlone_RVL_RAB_FOT,527,1351,0,0,nan,
Image_0_drivingAlone_RVL_RAB_FOT_527_351.png,drivingAlone_RVL_RAB_FOT,527,351,0,0,3.766424456232013,
Image_0_drivingAlone_RVL_RAB_FOT_527_551.png,drivingAlone_RVL_RAB_FOT,527,551,0,0,3.091176488632364,
Image_0_drivingAlone_RVL_RAB_FOT_527_751.png,drivingAlone_RVL_RAB_FOT,527,751,0,0,3.1199915453082943,
Image_0_drivingAlone_RVL_RAB_FOT_528_1351.png,drivingAlone_RVL_RAB_FOT,528,1351,0,0,nan,
Image_0_drivingAlone_RVL_RAB_FOT_528_1551.png,drivingAlone_RVL_RAB_FOT,528,1551,0,0,nan,
Image_0_drivingAlone_RVL_RAB_FOT_528_1651.png,drivingAlone_RVL_RAB_FOT,528,1651,0,0,nan,
Image_0_drivingAlone_RVL_RAB_FOT_528_951.png,drivingAlone_RVL_RAB_FOT,528,951,0,0,nan,
Image_0_drivingAlone_RVL_RAB_FOT_529_1071.png,drivingAlone_RVL_RAB_FOT,529,1071,0,0,2.6666971947015004,
Image_0_drivingAlone_RVL_RAB_FOT_529_1171.png,drivingAlone_RVL_RAB_FOT,529,1171,0,0,2.67298406118368,
Image_0_drivingAlone_RVL_RAB_FOT_529_971.png,drivingAlone_RVL_RAB_FOT,529,971,0,0,2.7026931801968384,
Image_0_drivingAlone_RVL_RAB_FOT_530_601.png,drivingAlone_RVL_RAB_FOT,530,601,0,0,3.5752230385948307,
Image_0_drivingAlone_RVL_RAB_FOT_530_801.png,drivingAlone_RVL_RAB_FOT,530,801,0,0,3.61119036173867,
Image_0_drivingAlone_RVL_RAB_FOT_531_1046.png,drivingAlone_RVL_RAB_FOT,531,1046,0,0,2.8618574732885587,
Image_0_drivingAlone_RVL_RAB_FOT_531_1246.png,drivingAlone_RVL_RAB_FOT,531,1246,0,0,2.8471438509537115,
Image_0_drivingAlone_RVL_RAB_FOT_531_646.png,drivingAlone_RVL_RAB_FOT,531,646,0,0,2.784551297815547,
Image_0_drivingAlone_RVL_RAB_FOT_531_746.png,drivingAlone_RVL_RAB_FOT,531,746,0,0,2.7689334320605763,
Image_0_drivingAlone_RVL_RAB_FOT_532_1306.png,drivingAlone_RVL_RAB_FOT,532,1306,0,0,nan,
Image_0_drivingAlone_RVL_RAB_FOT_532_306.png,drivingAlone_RVL_RAB_FOT,532,306,0,0,3.335122231750935,
Image_0_drivingAlone_RVL_RAB_FOT_532_406.png,drivingAlone_RVL_RAB_FOT,532,406,0,0,2.9503073334648224,
Image_0_drivingAlone_RVL_RAB_FOT_532_606.png,drivingAlone_RVL_RAB_FOT,532,606,0,0,2.53805321926275,
Image_0_drivingAlone_RVL_RAB_FOT_532_906.png,drivingAlone_RVL_RAB_FOT,532,906,0,0,2.6222164575330367,
Image_0_drivingAlone_RVL_RAB_FOT_533_496.png,drivingAlone_RVL_RAB_FOT,533,496,0,0,2.9266463095741777,
Image_0_drivingAlone_RVL_RAB_FOT_534_1056.png,drivingAlone_RVL_RAB_FOT,534,1056,0,0,3.06294917768538,
Image_0_drivingAlone_RVL_RAB_FOT_534_756.png,drivingAlone_RVL_RAB_FOT,534,756,0,0,3.0958758811366485,
Image_0_drivingAlone_RVL_RAB_FOT_534_856.png,drivingAlone_RVL_RAB_FOT,534,856,0,0,3.0943073931857494,
Image_0_drivingAlone_RVL_RAB_FOT_535_1111.png,drivingAlone_RVL_RAB_FOT,535,1111,0,0,2.8425277792827868,
Image_0_drivingAlone_RVL_RAB_FOT_535_1311.png,drivingAlone_RVL_RAB_FOT,535,1311,0,0,3.015318810837864,
Image_0_drivingAlone_RVL_RAB_FOT_535_811.png,drivingAlone_RVL_RAB_FOT,535,811,0,0,2.9720385333533184,
Image_0_drivingAlone_RVL_RAB_FOT_536_391.png,drivingAlone_RVL_RAB_FOT,536,391,0,0,4.252446097538856,
Image_0_drivingAlone_RVL_RAB_FOT_537_1371.png,drivingAlone_RVL_RAB_FOT,537,1371,0,0,nan,
Image_0_drivingAlone_RVL_RAB_FOT_537_471.png,drivingAlone_RVL_RAB_FOT,537,471,0,0,3.1383048149997927,
Image_0_drivingAlone_RVL_RAB_FOT_538_201.png,drivingAlone_RVL_RAB_FOT,538,201,0,0,3.968689781819652,
Image_0_drivingAlone_RVL_RAB_FOT_538_601.png,drivingAlone_RVL_RAB_FOT,538,601,0,0,3.5394494972185795,
Image_0_drivingAlone_RVL_RAB_FOT_539_286.png,drivingAlone_RVL_RAB_FOT,539,286,0,0,1.84323331714561,
Image_0_drivingAlone_RVL_RAB_FOT_539_486.png,drivingAlone_RVL_RAB_FOT,539,486,0,0,1.310771665533867,
Image_0_drivingAlone_RVL_RAB_FOT_539_986.png,drivingAlone_RVL_RAB_FOT,539,986,0,0,1.2095766487946256,
Image_0_drivingAlone_RVL_RAB_FOT_540_1461.png,drivingAlone_RVL_RAB_FOT,540,1461,0,0,nan,
Image_0_drivingAlone_RVL_RAB_FOT_540_461.png,drivingAlone_RVL_RAB_FOT,540,461,0,0,3.2420690522135196,
Image_0_drivingAlone_RVL_RAB_FOT_541_1256.png,drivingAlone_RVL_RAB_FOT,541,1256,0,0,3.0799716899213525,
Image_0_drivingAlone_RVL_RAB_FOT_541_1456.png,drivingAlone_RVL_RAB_FOT,541,1456,0,0,nan,
Image_0_drivingAlone_RVL_RAB_FOT_541_656.png,drivingAlone_RVL_RAB_FOT,541,656,0,0,2.9751722713487574,
Image_0_drivingAlone_RVL_RAB_FOT_542_1406.png,drivingAlone_RVL_RAB_FOT,542,1406,0,0,nan,
Image_0_drivingAlone_RVL_RAB_FOT_542_1506.png,drivingAlone_RVL_RAB_FOT,542,1506,0,0,nan,
Image_0_drivingAlone_RVL_RAB_FOT_542_406.png,drivingAlone_RVL_RAB_FOT,542,406,0,0,3.757351149284947,
Image_0_drivingAlone_RVL_RAB_FOT_543_916.png,drivingAlone_RVL_RAB_FOT,543,916,0,0,3.451331600863527,
Image_0_drivingAlone_RVL_RAB_FOT_544_1116.png,drivingAlone_RVL_RAB_FOT,544,1116,0,0,3.184704674199757,
Image_0_drivingAlone_RVL_RAB_FOT_544_416.png,drivingAlone_RVL_RAB_FOT,544,416,0,0,3.4990066385432232,
Image_0_drivingAlone_RVL_RAB_FOT_544_916.png,drivingAlone_RVL_RAB_FOT,544,916,0,0,3.0891550369395433,
Image_0_drivingAlone_RVL_RAB_FOT_545_1346.png,drivingAlone_RVL_RAB_FOT,545,1346,0,0,nan,
Image_0_drivingAlone_RVL_RAB_FOT_545_946.png,drivingAlone_RVL_RAB_FOT,545,946,0,0,3.053584579109495,
Image_0_drivingAlone_RVL_RAB_FOT_546_1456.png,drivingAlone_RVL_RAB_FOT,546,1456,0,0,nan,
Image_0_drivingAlone_RVL_RAB_FOT_546_856.png,drivingAlone_RVL_RAB_FOT,546,856,0,1,2.9992650870155417,
Image_0_drivingAlone_RVL_RAB_FOT_546_956.png,drivingAlone_RVL_RAB_FOT,546,956,0,0,3.139762792881935,
Image_0_drivingAlone_RVL_RAB_FOT_547_1151.png,drivingAlone_RVL_RAB_FOT,547,1151,0,0,3.138019971097295,
Image_0_drivingAlone_RVL_RAB_FOT_547_251.png,drivingAlone_RVL_RAB_FOT,547,251,0,0,4.041000542867135,
Image_0_drivingAlone_RVL_RAB_FOT_547_751.png,drivingAlone_RVL_RAB_FOT,547,751,0,0,3.248208424254887,
Image_0_drivingAlone_RVL_RAB_FOT_548_1456.png,drivingAlone_RVL_RAB_FOT,548,1456,0,0,nan,
Image_0_drivingAlone_RVL_RAB_FOT_548_456.png,drivingAlone_RVL_RAB_FOT,548,456,0,0,3.4325473926758647,
Image_0_drivingAlone_RVL_RAB_FOT_549_1466.png,drivingAlone_RVL_RAB_FOT,549,1466,0,0,nan,
Image_0_drivingAlone_RVL_RAB_FOT_550_691.png,drivingAlone_RVL_RAB_FOT,550,691,0,0,3.5975993010077296,
Image_0_drivingAlone_RVL_RAB_FOT_552_1431.png,drivingAlone_RVL_RAB_FOT,552,1431,0,0,nan,
Image_0_drivingAlone_RVL_RAB_FOT_553_311.png,drivingAlone_RVL_RAB_FOT,553,311,0,0,4.173182544220964,
Image_0_drivingAlone_RVL_RAB_FOT_554_1086.png,drivingAlone_RVL_RAB_FOT,554,1086,0,0,2.827982457422043,
Image_0_drivingAlone_RVL_RAB_FOT_554_1386.png,drivingAlone_RVL_RAB_FOT,554,1386,0,0,nan,
Image_0_drivingAlone_RVL_RAB_FOT_554_1486.png,drivingAlone_RVL_RAB_FOT,554,1486,0,0,nan,
Image_0_drivingAlone_RVL_RAB_FOT_554_686.png,drivingAlone_RVL_RAB_FOT,554,686,0,0,2.7945327321449387,
Image_0_drivingAlone_RVL_RAB_FOT_554_786.png,drivingAlone_RVL_RAB_FOT,554,786,0,0,2.785360510369987,
Image_0_drivingAlone_RVL_RAB_FOT_554_986.png,drivingAlone_RVL_RAB_FOT,554,986,0,0,2.8250406296407284,
Image_0_drivingAlone_RVL_RAB_FOT_555_321.png,drivingAlone_RVL_RAB_FOT,555,321,0,0,3.032899088667799,
Image_0_drivingAlone_RVL_RAB_FOT_556_1036.png,drivingAlone_RVL_RAB_FOT,556,1036,0,0,3.3429026793425596,
Image_0_drivingAlone_RVL_RAB_FOT_556_1336.png,drivingAlone_RVL_RAB_FOT,556,1336,0,0,nan,
Image_0_drivingAlone_RVL_RAB_FOT_556_536.png,drivingAlone_RVL_RAB_FOT,556,536,0,0,3.397489482916126,
Image_0_drivingAlone_RVL_RAB_FOT_556_636.png,drivingAlone_RVL_RAB_FOT,556,636,0,0,3.28817848567022,
Image_0_drivingAlone_RVL_RAB_FOT_556_936.png,drivingAlone_RVL_RAB_FOT,556,936,0,0,3.3368877787320024,
Image_0_drivingAlone_RVL_RAB_FOT_557_1116.png,drivingAlone_RVL_RAB_FOT,557,1116,0,0,3.347914966271828,
Image_0_drivingAlone_RVL_RAB_FOT_557_1416.png,drivingAlone_RVL_RAB_FOT,557,1416,0,0,nan,
Image_0_drivingAlone_RVL_RAB_FOT_557_216.png,drivingAlone_RVL_RAB_FOT,557,216,0,0,3.8093820765885944,
Image_0_drivingAlone_RVL_RAB_FOT_557_916.png,drivingAlone_RVL_RAB_FOT,557,916,0,0,3.2552419883087995,
Image_0_drivingAlone_RVL_RAB_FOT_558_696.png,drivingAlone_RVL_RAB_FOT,558,696,0,0,3.0998222736690613,
Image_0_drivingAlone_RVL_RAB_FOT_559_1351.png,drivingAlone_RVL_RAB_FOT,559,1351,0,0,nan,
Image_0_drivingAlone_RVL_RAB_FOT_560_1026.png,drivingAlone_RVL_RAB_FOT,560,1026,0,0,2.430124834999937,
Image_0_drivingAlone_RVL_RAB_FOT_560_626.png,drivingAlone_RVL_RAB_FOT,560,626,0,0,2.439807556979069,
Image_0_drivingAlone_RVL_RAB_FOT_560_926.png,drivingAlone_RVL_RAB_FOT,560,926,0,0,2.4403211539077194,
Image_0_drivingAlone_RVL_RAB_FOT_561_1056.png,drivingAlone_RVL_RAB_FOT,561,1056,0,0,2.967371519533094,
Image_0_drivingAlone_RVL_RAB_FOT_561_1156.png,drivingAlone_RVL_RAB_FOT,561,1156,0,0,2.9585246601626047,
Image_0_drivingAlone_RVL_RAB_FOT_561_656.png,drivingAlone_RVL_RAB_FOT,561,656,0,0,3.0028262996682127,
Image_0_drivingAlone_RVL_RAB_FOT_562_511.png,drivingAlone_RVL_RAB_FOT,562,511,0,0,2.0830916456592847,
Image_0_drivingAlone_RVL_RAB_FOT_563_1146.png,drivingAlone_RVL_RAB_FOT,563,1146,0,0,3.2554825300300863,
Image_0_drivingAlone_RVL_RAB_FOT_563_446.png,drivingAlone_RVL_RAB_FOT,563,446,0,0,3.465714618316939,
Image_0_drivingAlone_RVL_RAB_FOT_564_1066.png,drivingAlone_RVL_RAB_FOT,564,1066,0,0,1.5664827050916834,
Image_0_drivingAlone_RVL_RAB_FOT_564_1166.png,drivingAlone_RVL_RAB_FOT,564,1166,0,0,nan,
Image_0_drivingAlone_RVL_RAB_FOT_564_366.png,drivingAlone_RVL_RAB_FOT,564,366,0,0,1.862428156944124,
Image_0_drivingAlone_RVL_RAB_FOT_564_866.png,drivingAlone_RVL_RAB_FOT,564,866,0,0,1.525437389998941,
Image_0_drivingAlone_RVL_RAB_FOT_565_1236.png,drivingAlone_RVL_RAB_FOT,565,1236,0,0,nan,
Image_0_drivingAlone_RVL_RAB_FOT_566_1041.png,drivingAlone_RVL_RAB_FOT,566,1041,0,0,3.01066414150233,
Image_0_drivingAlone_RVL_RAB_FOT_566_1241.png,drivingAlone_RVL_RAB_FOT,566,1241,0,0,3.1376525512122004,
Image_0_drivingAlone_RVL_RAB_FOT_566_1441.png,drivingAlone_RVL_RAB_FOT,566,1441,0,0,nan,
Image_0_drivingAlone_RVL_RAB_FOT_566_541.png,drivingAlone_RVL_RAB_FOT,566,541,0,0,2.988666692587598,
Image_0_drivingAlone_RVL_RAB_FOT_566_841.png,drivingAlone_RVL_RAB_FOT,566,841,0,0,3.0071978890939723,
Image_0_drivingAlone_RVL_RAB_FOT_568_941.png,drivingAlone_RVL_RAB_FOT,568,941,0,0,2.475894537358989,
Image_0_drivingAlone_RVL_RAB_FOT_569_1171.png,drivingAlone_RVL_RAB_FOT,569,1171,0,0,nan,
Image_0_drivingAlone_RVL_RAB_FOT_569_371.png,drivingAlone_RVL_RAB_FOT,569,371,0,0,2.2688800779638214,
Image_0_drivingAlone_RVL_RAB_FOT_569_671.png,drivingAlone_RVL_RAB_FOT,569,671,0,0,1.8593834986686266,
Image_0_drivingAlone_RVL_RAB_FOT_570_416.png,drivingAlone_RVL_RAB_FOT,570,416,0,0,3.5762927668623004,
Image_0_drivingAlone_RVL_RAB_FOT_571_1041.png,drivingAlone_RVL_RAB_FOT,571,1041,0,0,3.0157952616169155,
Image_0_drivingAlone_RVL_RAB_FOT_571_1141.png,drivingAlone_RVL_RAB_FOT,571,1141,0,0,3.0293000897598166,
Image_0_drivingAlone_RVL_RAB_FOT_571_1441.png,drivingAlone_RVL_RAB_FOT,571,1441,0,0,nan,
Image_0_drivingAlone_RVL_RAB_FOT_571_741.png,drivingAlone_RVL_RAB_FOT,571,741,0,0,2.9392314635696994,
Image_0_drivingAlone_RVL_RAB_FOT_572_421.png,drivingAlone_RVL_RAB_FOT,572,421,0,0,1.6182398025594695,
Image_0_drivingAlone_RVL_RAB_FOT_572_921.png,drivingAlone_RVL_RAB_FOT,572,921,0,0,1.3712179090563172,
Image_0_drivingAlone_RVL_RAB_FOT_574_1071.png,drivingAlone_RVL_RAB_FOT,574,1071,0,0,2.141620005180103,
Image_0_drivingAlone_RVL_RAB_FOT_574_1171.png,drivingAlone_RVL_RAB_FOT,574,1171,0,0,2.1462435579633943,
Image_0_drivingAlone_RVL_RAB_FOT_575_1086.png,drivingAlone_RVL_RAB_FOT,575,1086,0,0,3.6384277917430943,
Image_0_drivingAlone_RVL_RAB_FOT_575_386.png,drivingAlone_RVL_RAB_FOT,575,386,0,0,4.129229684971339,
Image_0_drivingAlone_RVL_RAB_FOT_576_1011.png,drivingAlone_RVL_RAB_FOT,576,1011,0,0,2.5352007005871418,
Image_0_drivingAlone_RVL_RAB_FOT_576_511.png,drivingAlone_RVL_RAB_FOT,576,511,0,0,2.580351744453713,
Image_0_drivingAlone_RVL_RAB_FOT_578_1316.png,drivingAlone_RVL_RAB_FOT,578,1316,0,0,nan,
Image_0_drivingAlone_RVL_RAB_FOT_578_616.png,drivingAlone_RVL_RAB_FOT,578,616,0,0,3.0199724847481084,
Image_0_drivingAlone_RVL_RAB_FOT_578_716.png,drivingAlone_RVL_RAB_FOT,578,716,0,0,2.8620945797977253,
Image_0_drivingAlone_RVL_RAB_FOT_579_1011.png,drivingAlone_RVL_RAB_FOT,579,1011,0,0,2.6086614975902265,
Image_0_drivingAlone_RVL_RAB_FOT_579_1311.png,drivingAlone_RVL_RAB_FOT,579,1311,0,0,nan,
Image_0_drivingAlone_RVL_RAB_FOT_579_411.png,drivingAlone_RVL_RAB_FOT,579,411,0,0,2.9523690382869354,
Image_0_drivingAlone_RVL_RAB_FOT_579_611.png,drivingAlone_RVL_RAB_FOT,579,611,0,0,2.54440644611231,
Image_0_drivingAlone_RVL_RAB_FOT_579_911.png,drivingAlone_RVL_RAB_FOT,579,911,0,0,2.601607306519192,
Image_0_drivingAlone_RVL_RAB_FOT_580_1316.png,drivingAlone_RVL_RAB_FOT,580,1316,0,0,nan,
Image_0_drivingAlone_RVL_RAB_FOT_580_516.png,drivingAlone_RVL_RAB_FOT,580,516,0,0,3.000234021048274,
Image_0_drivingAlone_RVL_RAB_FOT_581_246.png,drivingAlone_RVL_RAB_FOT,581,246,0,0,3.8647048969810402,
Image_0_drivingAlone_RVL_RAB_FOT_581_346.png,drivingAlone_RVL_RAB_FOT,581,346,0,0,3.8183097222645745,
Image_0_drivingAlone_RVL_RAB_FOT_582_406.png,drivingAlone_RVL_RAB_FOT,582,406,0,0,2.2221242845439413,
Image_0_drivingAlone_RVL_RAB_FOT_582_806.png,drivingAlone_RVL_RAB_FOT,582,806,0,0,1.8917789237320641,
Image_0_drivingAlone_RVL_RAB_FOT_583_1181.png,drivingAlone_RVL_RAB_FOT,583,1181,0,0,nan,
Image_0_drivingAlone_RVL_RAB_FOT_583_381.png,drivingAlone_RVL_RAB_FOT,583,381,0,0,1.860390329260313,
Image_0_drivingAlone_RVL_RAB_FOT_583_581.png,drivingAlone_RVL_RAB_FOT,583,581,0,0,1.5383627326876033,
Image_0_drivingAlone_RVL_RAB_FOT_583_881.png,drivingAlone_RVL_RAB_FOT,583,881,0,0,1.4494063875848067,
Image_0_drivingAlone_RVL_RAB_FOT_584_1241.png,drivingAlone_RVL_RAB_FOT,584,1241,0,0,2.309051800586671,
Image_0_drivingAlone_RVL_RAB_FOT_584_1341.png,drivingAlone_RVL_RAB_FOT,584,1341,0,0,nan,
Image_0_drivingAlone_RVL_RAB_FOT_584_541.png,drivingAlone_RVL_RAB_FOT,584,541,0,0,2.3538402964098584,
Image_0_drivingAlone_RVL_RAB_FOT_585_1091.png,drivingAlone_RVL_RAB_FOT,585,1091,0,0,nan,
Image_0_drivingAlone_RVL_RAB_FOT_585_391.png,drivingAlone_RVL_RAB_FOT,585,391,0,0,2.507063930024594,
Image_0_drivingAlone_RVL_RAB_FOT_585_791.png,drivingAlone_RVL_RAB_FOT,585,791,0,0,2.3225839839447757,
Image_0_drivingAlone_RVL_RAB_FOT_585_991.png,drivingAlone_RVL_RAB_FOT,585,991,0,0,2.3244541395386062,
Image_0_drivingAlone_RVL_RAB_FOT_586_311.png,drivingAlone_RVL_RAB_FOT,586,311,0,0,4.044872519047514,
Image_0_drivingAlone_RVL_RAB_FOT_586_911.png,drivingAlone_RVL_RAB_FOT,586,911,0,0,3.21309127804292,
Image_0_drivingAlone_RVL_RAB_FOT_587_836.png,drivingAlone_RVL_RAB_FOT,587,836,0,0,3.496024384339898,
Image_0_drivingAlone_RVL_RAB_FOT_587_936.png,drivingAlone_RVL_RAB_FOT,587,936,0,0,3.454779913705777,
Image_0_drivingAlone_RVL_RAB_FOT_589_261.png,drivingAlone_RVL_RAB_FOT,589,261,0,0,4.220264683967338,
Image_0_drivingAlone_RVL_RAB_FOT_591_1031.png,drivingAlone_RVL_RAB_FOT,591,1031,0,0,2.6573376703160623,
Image_0_drivingAlone_RVL_RAB_FOT_591_1131.png,drivingAlone_RVL_RAB_FOT,591,1131,0,0,2.643095605945481,
Image_0_drivingAlone_RVL_RAB_FOT_591_831.png,drivingAlone_RVL_RAB_FOT,591,831,0,0,2.5682270435280596,
Image_0_drivingAlone_RVL_RAB_FOT_592_1401.png,drivingAlone_RVL_RAB_FOT,592,1401,0,0,nan,
Image_0_drivingAlone_RVL_RAB_FOT_592_601.png,drivingAlone_RVL_RAB_FOT,592,601,0,0,2.745117853551138,
Image_0_drivingAlone_RVL_RAB_FOT_592_701.png,drivingAlone_RVL_RAB_FOT,592,701,0,0,2.7618420317858714,
Image_0_drivingAlone_RVL_RAB_FOT_592_901.png,drivingAlone_RVL_RAB_FOT,592,901,0,0,2.882095627994032,
Image_0_drivingAlone_RVL_RAB_FOT_593_191.png,drivingAlone_RVL_RAB_FOT,593,191,0,0,4.169161691747799,
Image_0_drivingAlone_RVL_RAB_FOT_593_391.png,drivingAlone_RVL_RAB_FOT,593,391,0,0,4.2946566581930385,
Image_0_drivingAlone_RVL_RAB_FOT_594_361.png,drivingAlone_RVL_RAB_FOT,594,361,0,0,3.4980472098514053,
Image_0_drivingAlone_RVL_RAB_FOT_594_461.png,drivingAlone_RVL_RAB_FOT,594,461,0,0,3.0740415551465885,
Image_0_drivingAlone_RVL_RAB_FOT_594_661.png,drivingAlone_RVL_RAB_FOT,594,661,0,0,2.8719246034620465,
Image_0_drivingAlone_RVL_RAB_FOT_595_1026.png,drivingAlone_RVL_RAB_FOT,595,1026,0,0,2.2504703684995637,
Image_0_drivingAlone_RVL_RAB_FOT_595_826.png,drivingAlone_RVL_RAB_FOT,595,826,0,0,2.225684223265421,
Image_0_drivingAlone_RVL_RAB_FOT_596_1066.png,drivingAlone_RVL_RAB_FOT,596,1066,0,0,3.027574398464931,
Image_0_drivingAlone_RVL_RAB_FOT_596_1166.png,drivingAlone_RVL_RAB_FOT,596,1166,0,0,3.050594065731193,
Image_0_drivingAlone_RVL_RAB_FOT_596_1266.png,drivingAlone_RVL_RAB_FOT,596,1266,0,0,3.094801303452747,
Image_0_drivingAlone_RVL_RAB_FOT_596_1466.png,drivingAlone_RVL_RAB_FOT,596,1466,0,0,nan,
Image_0_drivingAlone_RVL_RAB_FOT_596_666.png,drivingAlone_RVL_RAB_FOT,596,666,0,0,2.9439262700051527,
Image_0_drivingAlone_RVL_RAB_FOT_596_966.png,drivingAlone_RVL_RAB_FOT,596,966,0,0,3.0122431020195926,
Image_0_drivingAlone_RVL_RAB_FOT_598_1146.png,drivingAlone_RVL_RAB_FOT,598,1146,0,0,nan,
Image_0_drivingAlone_RVL_RAB_FOT_599_1131.png,drivingAlone_RVL_RAB_FOT,599,1131,0,0,2.5527909401673865,
Image_0_drivingAlone_RVL_RAB_FOT_599_531.png,drivingAlone_RVL_RAB_FOT,599,531,0,0,2.5308412205862956,
Image_0_drivingAlone_RVL_RAB_FOT_600_406.png,drivingAlone_RVL_RAB_FOT,600,406,0,0,3.9835132329083116,
Image_0_drivingAlone_RVL_RAB_FOT_600_506.png,drivingAlone_RVL_RAB_FOT,600,506,0,0,3.6685551476796494,
Image_0_drivingAlone_RVL_RAB_FOT_601_1201.png,drivingAlone_RVL_RAB_FOT,601,1201,0,0,2.858355567759655,
Image_0_drivingAlone_RVL_RAB_FOT_601_1301.png,drivingAlone_RVL_RAB_FOT,601,1301,0,0,nan,
Image_0_drivingAlone_RVL_RAB_FOT_601_401.png,drivingAlone_RVL_RAB_FOT,601,401,0,0,3.3431672787554785,
Image_0_drivingAlone_RVL_RAB_FOT_601_601.png,drivingAlone_RVL_RAB_FOT,601,601,0,0,2.8478170859175798,
Image_0_drivingAlone_RVL_RAB_FOT_602_1076.png,drivingAlone_RVL_RAB_FOT,602,1076,0,0,2.839214119931742,
Image_0_drivingAlone_RVL_RAB_FOT_602_1376.png,drivingAlone_RVL_RAB_FOT,602,1376,0,0,nan,
Image_0_drivingAlone_RVL_RAB_FOT_602_276.png,drivingAlone_RVL_RAB_FOT,602,276,0,0,3.7538877987725368,
Image_0_drivingAlone_RVL_RAB_FOT_602_776.png,drivingAlone_RVL_RAB_FOT,602,776,0,0,2.898461278721097,
Image_0_drivingAlone_RVL_RAB_FOT_603_1101.png,drivingAlone_RVL_RAB_FOT,603,1101,0,0,3.4195384867346323,
Image_0_drivingAlone_RVL_RAB_FOT_603_1401.png,drivingAlone_RVL_RAB_FOT,603,1401,0,0,nan,
Image_0_drivingAlone_RVL_RAB_FOT_603_601.png,drivingAlone_RVL_RAB_FOT,603,601,0,0,3.4113881553553664,
Image_0_drivingAlone_RVL_RAB_FOT_603_801.png,drivingAlone_RVL_RAB_FOT,603,801,0,0,3.3643112909258344,
Image_0_drivingAlone_RVL_RAB_FOT_604_1061.png,drivingAlone_RVL_RAB_FOT,604,1061,0,0,2.8170340501151854,
Image_0_drivingAlone_RVL_RAB_FOT_604_1161.png,drivingAlone_RVL_RAB_FOT,604,1161,0,0,2.9075655804814793,
Image_0_drivingAlone_RVL_RAB_FOT_604_861.png,drivingAlone_RVL_RAB_FOT,604,861,0,0,2.9854439039016576,
Image_0_drivingAlone_RVL_RAB_FOT_604_961.png,drivingAlone_RVL_RAB_FOT,604,961,0,0,2.858060811328148,
Image_0_drivingAlone_RVL_RAB_FOT_606_371.png,drivingAlone_RVL_RAB_FOT,606,371,0,0,3.517494326214832,
Image_0_drivingAlone_RVL_RAB_FOT_606_571.png,drivingAlone_RVL_RAB_FOT,606,571,0,0,3.00308029171362,
Image_0_drivingAlone_RVL_RAB_FOT_607_826.png,drivingAlone_RVL_RAB_FOT,607,826,0,0,2.5373451301933505,
Image_0_drivingAlone_RVL_RAB_FOT_608_1481.png,drivingAlone_RVL_RAB_FOT,608,1481,0,0,nan,
Image_0_drivingAlone_RVL_RAB_FOT_608_481.png,drivingAlone_RVL_RAB_FOT,608,481,0,0,2.9598931806704645,
Image_0_drivingAlone_RVL_RAB_FOT_609_341.png,drivingAlone_RVL_RAB_FOT,609,341,0,0,3.997549716461249,
Image_0_drivingAlone_RVL_RAB_FOT_609_441.png,drivingAlone_RVL_RAB_FOT,609,441,0,0,3.577778232836671,
Image_0_drivingAlone_RVL_RAB_FOT_609_541.png,drivingAlone_RVL_RAB_FOT,609,541,0,0,3.262291954252298,
Image_0_drivingAlone_RVL_RAB_FOT_609_641.png,drivingAlone_RVL_RAB_FOT,609,641,0,0,3.1406868734545013,
Image_0_drivingAlone_RVL_RAB_FOT_611_1406.png,drivingAlone_RVL_RAB_FOT,611,1406,0,0,nan,
Image_0_drivingAlone_RVL_RAB_FOT_613_1241.png,drivingAlone_RVL_RAB_FOT,613,1241,0,0,2.6362837903763987,
Image_0_drivingAlone_RVL_RAB_FOT_613_1441.png,drivingAlone_RVL_RAB_FOT,613,1441,0,0,nan,
Image_0_drivingAlone_RVL_RAB_FOT_613_441.png,drivingAlone_RVL_RAB_FOT,613,441,0,0,2.9628524691674425,
Image_0_drivingAlone_RVL_RAB_FOT_613_741.png,drivingAlone_RVL_RAB_FOT,613,741,0,0,2.4858441823072734,
Image_0_drivingAlone_RVL_RAB_FOT_613_941.png,drivingAlone_RVL_RAB_FOT,613,941,0,0,2.5654129682870046,
Image_0_drivingAlone_RVL_RAB_FOT_614_1011.png,drivingAlone_RVL_RAB_FOT,614,1011,0,0,3.4599880806071575,
Image_0_drivingAlone_RVL_RAB_FOT_614_1511.png,drivingAlone_RVL_RAB_FOT,614,1511,0,0,nan,
Image_0_drivingAlone_RVL_RAB_FOT_614_211.png,drivingAlone_RVL_RAB_FOT,614,211,0,0,3.9440442521396406,
Image_0_drivingAlone_RVL_RAB_FOT_614_611.png,drivingAlone_RVL_RAB_FOT,614,611,0,0,3.3303941390352936,
Image_0_drivingAlone_RVL_RAB_FOT_614_911.png,drivingAlone_RVL_RAB_FOT,614,911,0,0,3.511681626630797,
Image_0_drivingAlone_RVL_RAB_FOT_615_326.png,drivingAlone_RVL_RAB_FOT,615,326,0,0,2.564992170900532,
Image_0_drivingAlone_RVL_RAB_FOT_615_726.png,drivingAlone_RVL_RAB_FOT,615,726,0,0,1.9776291591428459,
Image_0_drivingAlone_RVL_RAB_FOT_615_826.png,drivingAlone_RVL_RAB_FOT,615,826,0,0,2.0126637529256346,
Image_0_drivingAlone_RVL_RAB_FOT_616_311.png,drivingAlone_RVL_RAB_FOT,616,311,0,0,3.424731610741688,
Image_0_drivingAlone_RVL_RAB_FOT_616_511.png,drivingAlone_RVL_RAB_FOT,616,511,0,0,2.722248768119993,
Image_0_drivingAlone_RVL_RAB_FOT_617_1126.png,drivingAlone_RVL_RAB_FOT,617,1126,0,0,2.511366704078104,
Image_0_drivingAlone_RVL_RAB_FOT_617_1226.png,drivingAlone_RVL_RAB_FOT,617,1226,0,0,2.510394336560971,
Image_0_drivingAlone_RVL_RAB_FOT_618_1346.png,drivingAlone_RVL_RAB_FOT,618,1346,0,0,nan,
Image_0_drivingAlone_RVL_RAB_FOT_618_346.png,drivingAlone_RVL_RAB_FOT,618,346,0,0,3.4168123681512412,
Image_0_drivingAlone_RVL_RAB_FOT_618_446.png,drivingAlone_RVL_RAB_FOT,618,446,0,0,3.025264296165524,
Image_0_drivingAlone_RVL_RAB_FOT_618_646.png,drivingAlone_RVL_RAB_FOT,618,646,0,0,2.6747742013024327,
Image_0_drivingAlone_RVL_RAB_FOT_620_1161.png,drivingAlone_RVL_RAB_FOT,620,1161,0,0,3.0913747056535428,
Image_0_drivingAlone_RVL_RAB_FOT_622_1206.png,drivingAlone_RVL_RAB_FOT,622,1206,0,0,1.9874990805024304,
Image_0_drivingAlone_RVL_RAB_FOT_622_1306.png,drivingAlone_RVL_RAB_FOT,622,1306,0,0,nan,
Image_0_drivingAlone_RVL_RAB_FOT_622_1406.png,drivingAlone_RVL_RAB_FOT,622,1406,0,0,nan,
Image_0_drivingAlone_RVL_RAB_FOT_622_506.png,drivingAlone_RVL_RAB_FOT,622,506,0,0,2.1197525531023427,
Image_0_drivingAlone_RVL_RAB_FOT_623_1236.png,drivingAlone_RVL_RAB_FOT,623,1236,0,0,nan,
Image_0_drivingAlone_RVL_RAB_FOT_623_736.png,drivingAlone_RVL_RAB_FOT,623,736,0,0,2.007783264207411,
Image_0_drivingAlone_RVL_RAB_FOT_624_311.png,drivingAlone_RVL_RAB_FOT,624,311,0,0,4.195534301311763,
Image_0_drivingAlone_RVL_RAB_FOT_624_811.png,drivingAlone_RVL_RAB_FOT,624,811,0,0,3.4011861556914127,
Image_0_drivingAlone_RVL_RAB_FOT_624_911.png,drivingAlone_RVL_RAB_FOT,624,911,0,0,3.3478795333127653,
Image_0_drivingAlone_RVL_RAB_FOT_625_1001.png,drivingAlone_RVL_RAB_FOT,625,1001,0,0,2.705929884317186,
Image_0_drivingAlone_RVL_RAB_FOT_625_801.png,drivingAlone_RVL_RAB_FOT,625,801,0,0,2.8237643807804176,
Image_0_drivingAlone_RVL_RAB_FOT_626_1496.png,drivingAlone_RVL_RAB_FOT,626,1496,0,0,nan,
Image_0_drivingAlone_RVL_RAB_FOT_626_196.png,drivingAlone_RVL_RAB_FOT,626,196,0,0,3.6786590919189504,
Image_0_drivingAlone_RVL_RAB_FOT_626_296.png,drivingAlone_RVL_RAB_FOT,626,296,0,0,4.203875163331016,
Image_0_drivingAlone_RVL_RAB_FOT_626_596.png,drivingAlone_RVL_RAB_FOT,626,596,0,0,3.4053680066077483,
Image_0_drivingAlone_RVL_RAB_FOT_626_696.png,drivingAlone_RVL_RAB_FOT,626,696,0,0,3.253882704294912,
Image_0_drivingAlone_RVL_RAB_FOT_626_896.png,drivingAlone_RVL_RAB_FOT,626,896,0,0,3.2607771893728152,
Image_0_drivingAlone_RVL_RAB_FOT_627_606.png,drivingAlone_RVL_RAB_FOT,627,606,0,0,nan,
Image_0_drivingAlone_RVL_RAB_FOT_628_481.png,drivingAlone_RVL_RAB_FOT,628,481,0,0,2.900464698762617,
Image_0_drivingAlone_RVL_RAB_FOT_628_781.png,drivingAlone_RVL_RAB_FOT,628,781,0,0,2.691380456301837,
Image_0_drivingAlone_RVL_RAB_FOT_629_1046.png,drivingAlone_RVL_RAB_FOT,629,1046,0,0,3.2310299123363673,
Image_0_drivingAlone_RVL_RAB_FOT_629_546.png,drivingAlone_RVL_RAB_FOT,629,546,0,0,3.2594407135589973,
Image_0_drivingAlone_RVL_RAB_FOT_629_846.png,drivingAlone_RVL_RAB_FOT,629,846,0,0,3.2460671817522355,
Image_0_drivingAlone_RVL_RAB_FOT_630_681.png,drivingAlone_RVL_RAB_FOT,630,681,0,0,2.0341279661330782,
Image_0_drivingAlone_RVL_RAB_FOT_630_781.png,drivingAlone_RVL_RAB_FOT,630,781,0,0,2.1230072577184975,
Image_0_drivingAlone_RVL_RAB_FOT_630_881.png,drivingAlone_RVL_RAB_FOT,630,881,0,0,2.0692576508570504,
Image_0_drivingAlone_RVL_RAB_FOT_631_1226.png,drivingAlone_RVL_RAB_FOT,631,1226,0,0,2.7469142496076535,
Image_0_drivingAlone_RVL_RAB_FOT_631_1426.png,drivingAlone_RVL_RAB_FOT,631,1426,0,0,nan,
Image_0_drivingAlone_RVL_RAB_FOT_631_526.png,drivingAlone_RVL_RAB_FOT,631,526,0,0,2.8582495080464865,
Image_0_drivingAlone_RVL_RAB_FOT_631_726.png,drivingAlone_RVL_RAB_FOT,631,726,0,0,2.729455315576174,
Image_0_drivingAlone_RVL_RAB_FOT_631_826.png,drivingAlone_RVL_RAB_FOT,631,826,0,0,2.7572359423753996,
Image_0_drivingAlone_RVL_RAB_FOT_632_1431.png,drivingAlone_RVL_RAB_FOT,632,1431,0,0,nan,
Image_0_drivingAlone_RVL_RAB_FOT_632_331.png,drivingAlone_RVL_RAB_FOT,632,331,0,0,3.1797254412058997,
Image_0_drivingAlone_RVL_RAB_FOT_632_431.png,drivingAlone_RVL_RAB_FOT,632,431,0,0,2.7302018558731973,
Image_0_drivingAlone_RVL_RAB_FOT_632_831.png,drivingAlone_RVL_RAB_FOT,632,831,0,0,2.4082767825003275,
Image_0_drivingAlone_RVL_RAB_FOT_633_1041.png,drivingAlone_RVL_RAB_FOT,633,1041,0,0,3.185098132498018,
Image_0_drivingAlone_RVL_RAB_FOT_633_241.png,drivingAlone_RVL_RAB_FOT,633,241,0,0,4.054027400922449,
Image_0_drivingAlone_RVL_RAB_FOT_634_1091.png,drivingAlone_RVL_RAB_FOT,634,1091,0,0,nan,
Image_0_drivingAlone_RVL_RAB_FOT_634_1191.png,drivingAlone_RVL_RAB_FOT,634,1191,0,0,nan,
Image_0_drivingAlone_RVL_RAB_FOT_634_491.png,drivingAlone_RVL_RAB_FOT,634,491,0,0,1.7050241362347753,
Image_0_drivingAlone_RVL_RAB_FOT_634_891.png,drivingAlone_RVL_RAB_FOT,634,891,0,0,1.6204271703332809,
Image_0_drivingAlone_RVL_RAB_FOT_635_271.png,drivingAlone_RVL_RAB_FOT,635,271,0,0,2.2305444619727792,
Image_0_drivingAlone_RVL_RAB_FOT_635_771.png,drivingAlone_RVL_RAB_FOT,635,771,0,0,1.5932796107835019,
Image_0_drivingAlone_RVL_RAB_FOT_635_871.png,drivingAlone_RVL_RAB_FOT,635,871,0,0,1.6070436783473576,
Image_0_drivingAlone_RVL_RAB_FOT_635_971.png,drivingAlone_RVL_RAB_FOT,635,971,0,0,1.5998346675275907,
Image_0_drivingAlone_RVL_RAB_FOT_636_1386.png,drivingAlone_RVL_RAB_FOT,636,1386,0,0,nan,
Image_0_drivingAlone_RVL_RAB_FOT_636_686.png,drivingAlone_RVL_RAB_FOT,636,686,0,0,3.4822157023638605,
Image_0_drivingAlone_RVL_RAB_FOT_636_786.png,drivingAlone_RVL_RAB_FOT,636,786,0,0,3.455441262803898,
Image_0_drivingAlone_RVL_RAB_FOT_637_1126.png,drivingAlone_RVL_RAB_FOT,637,1126,0,0,3.2344407466938483,
Image_0_drivingAlone_RVL_RAB_FOT_637_1426.png,drivingAlone_RVL_RAB_FOT,637,1426,0,0,nan,
Image_0_drivingAlone_RVL_RAB_FOT_638_1311.png,drivingAlone_RVL_RAB_FOT,638,1311,0,0,nan,
Image_0_drivingAlone_RVL_RAB_FOT_638_311.png,drivingAlone_RVL_RAB_FOT,638,311,0,0,3.3605045575951404,
Image_0_drivingAlone_RVL_RAB_FOT_638_511.png,drivingAlone_RVL_RAB_FOT,638,511,0,0,2.6903697534765403,
Image_0_drivingAlone_RVL_RAB_FOT_639_1026.png,drivingAlone_RVL_RAB_FOT,639,1026,0,0,2.592823991438797,
Image_0_drivingAlone_RVL_RAB_FOT_639_426.png,drivingAlone_RVL_RAB_FOT,639,426,0,0,2.983490734532019,
Image_0_drivingAlone_RVL_RAB_FOT_639_826.png,drivingAlone_RVL_RAB_FOT,639,826,0,0,2.6895156913802953,
Image_0_drivingAlone_RVL_RAB_FOT_639_926.png,drivingAlone_RVL_RAB_FOT,639,926,0,0,2.65268559488763,
Image_0_drivingAlone_RVL_RAB_FOT_640_336.png,drivingAlone_RVL_RAB_FOT,640,336,0,0,3.9324778977916157,
Image_0_drivingAlone_RVL_RAB_FOT_640_436.png,drivingAlone_RVL_RAB_FOT,640,436,0,0,3.4948280009276367,
Image_0_drivingAlone_RVL_RAB_FOT_641_1056.png,drivingAlone_RVL_RAB_FOT,641,1056,0,0,3.050819618450534,
Image_0_drivingAlone_RVL_RAB_FOT_641_1256.png,drivingAlone_RVL_RAB_FOT,641,1256,0,0,3.212617867859008,
Image_0_drivingAlone_RVL_RAB_FOT_641_1356.png,drivingAlone_RVL_RAB_FOT,641,1356,0,0,nan,
Image_0_drivingAlone_RVL_RAB_FOT_641_256.png,drivingAlone_RVL_RAB_FOT,641,256,0,0,3.90823536003413,
Image_0_drivingAlone_RVL_RAB_FOT_641_756.png,drivingAlone_RVL_RAB_FOT,641,756,0,0,3.150778815684932,
Image_0_drivingAlone_RVL_RAB_FOT_642_1076.png,drivingAlone_RVL_RAB_FOT,642,1076,0,0,2.0177401383721776,
Image_0_drivingAlone_RVL_RAB_FOT_642_1376.png,drivingAlone_RVL_RAB_FOT,642,1376,0,0,nan,
Image_0_drivingAlone_RVL_RAB_FOT_642_476.png,drivingAlone_RVL_RAB_FOT,642,476,0,0,2.1593297091052257,
Image_0_drivingAlone_RVL_RAB_FOT_642_576.png,drivingAlone_RVL_RAB_FOT,642,576,0,0,1.9858926212290795,
Image_0_drivingAlone_RVL_RAB_FOT_643_221.png,drivingAlone_RVL_RAB_FOT,643,221,0,0,4.082189098018558,
Image_0_drivingAlone_RVL_RAB_FOT_643_321.png,drivingAlone_RVL_RAB_FOT,643,321,0,0,4.2052475766329565,
Image_0_drivingAlone_RVL_RAB_FOT_643_621.png,drivingAlone_RVL_RAB_FOT,643,621,0,0,3.3480861753764346,
Image_0_drivingAlone_RVL_RAB_FOT_643_821.png,drivingAlone_RVL_RAB_FOT,643,821,0,0,3.3206866433108226,
Image_0_drivingAlone_RVL_RAB_FOT_644_1411.png,drivingAlone_RVL_RAB_FOT,644,1411,0,0,nan,
Image_0_drivingAlone_RVL_RAB_FOT_645_536.png,drivingAlone_RVL_RAB_FOT,645,536,0,0,3.2608090885468775,
Image_0_drivingAlone_RVL_RAB_FOT_646_1106.png,drivingAlone_RVL_RAB_FOT,646,1106,0,0,nan,
Image_0_drivingAlone_RVL_RAB_FOT_647_1041.png,drivingAlone_RVL_RAB_FOT,647,1041,0,0,3.235651725229866,
Image_0_drivingAlone_RVL_RAB_FOT_647_1341.png,drivingAlone_RVL_RAB_FOT,647,1341,0,0,nan,
Image_0_drivingAlone_RVL_RAB_FOT_647_541.png,drivingAlone_RVL_RAB_FOT,647,541,0,0,3.1688954639318627,
Image_0_drivingAlone_RVL_RAB_FOT_647_641.png,drivingAlone_RVL_RAB_FOT,647,641,0,0,3.0384252785426966,
Image_0_drivingAlone_RVL_RAB_FOT_647_941.png,drivingAlone_RVL_RAB_FOT,647,941,0,0,3.1777303769966316,
Image_0_drivingAlone_RVL_RAB_FOT_648_741.png,drivingAlone_RVL_RAB_FOT,648,741,0,0,2.68687315558826,
Image_0_drivingAlone_RVL_RAB_FOT_648_841.png,drivingAlone_RVL_RAB_FOT,648,841,0,0,2.693334626864333,
Image_0_drivingAlone_RVL_RAB_FOT_649_496.png,drivingAlone_RVL_RAB_FOT,649,496,0,0,2.9850657597146224,
Image_0_drivingAlone_RVL_RAB_FOT_649_796.png,drivingAlone_RVL_RAB_FOT,649,796,0,0,2.734928529542743,
Image_0_drivingAlone_RVL_RAB_FOT_650_1161.png,drivingAlone_RVL_RAB_FOT,650,1161,0,0,2.916639297770838,
Image_0_drivingAlone_RVL_RAB_FOT_650_1361.png,drivingAlone_RVL_RAB_FOT,650,1361,0,0,nan,
Image_0_drivingAlone_RVL_RAB_FOT_652_1186.png,drivingAlone_RVL_RAB_FOT,652,1186,0,0,nan,
Image_0_drivingAlone_RVL_RAB_FOT_652_986.png,drivingAlone_RVL_RAB_FOT,652,986,0,0,1.74517387389907,
Image_0_drivingAlone_RVL_RAB_FOT_653_256.png,drivingAlone_RVL_RAB_FOT,653,256,0,0,4.140242224175683,
Image_0_drivingAlone_RVL_RAB_FOT_653_656.png,drivingAlone_RVL_RAB_FOT,653,656,0,0,3.1827068257053526,
Image_0_drivingAlone_RVL_RAB_FOT_654_1216.png,drivingAlone_RVL_RAB_FOT,654,1216,0,0,2.4955727928992153,
Image_0_drivingAlone_RVL_RAB_FOT_654_1416.png,drivingAlone_RVL_RAB_FOT,654,1416,0,0,nan,
Image_0_drivingAlone_RVL_RAB_FOT_654_716.png,drivingAlone_RVL_RAB_FOT,654,716,0,0,2.591607240381056,
Image_0_drivingAlone_RVL_RAB_FOT_654_816.png,drivingAlone_RVL_RAB_FOT,654,816,0,0,2.682844524854806,
Image_0_drivingAlone_RVL_RAB_FOT_655_541.png,drivingAlone_RVL_RAB_FOT,655,541,0,0,3.2669639307057876,
Image_0_drivingAlone_RVL_RAB_FOT_655_641.png,drivingAlone_RVL_RAB_FOT,655,641,0,0,3.202940394154054,
Image_0_drivingAlone_RVL_RAB_FOT_655_741.png,drivingAlone_RVL_RAB_FOT,655,741,0,0,3.186918038562621,
Image_0_drivingAlone_RVL_RAB_FOT_656_881.png,drivingAlone_RVL_RAB_FOT,656,881,0,0,2.7009715510874877,
Image_0_drivingAlone_RVL_RAB_FOT_657_636.png,drivingAlone_RVL_RAB_FOT,657,636,0,0,3.1484412593683295,
Image_0_drivingAlone_RVL_RAB_FOT_658_911.png,drivingAlone_RVL_RAB_FOT,658,911,0,0,3.5504018542808673,
Image_0_drivingAlone_RVL_RAB_FOT_660_586.png,drivingAlone_RVL_RAB_FOT,660,586,0,0,3.6160993149733383,
Image_0_drivingAlone_RVL_RAB_FOT_660_986.png,drivingAlone_RVL_RAB_FOT,660,986,0,0,3.5207190631497967,
Image_0_drivingAlone_RVL_RAB_FOT_661_1321.png,drivingAlone_RVL_RAB_FOT,661,1321,0,0,nan,
Image_0_drivingAlone_RVL_RAB_FOT_661_1421.png,drivingAlone_RVL_RAB_FOT,661,1421,0,0,nan,
Image_0_drivingAlone_RVL_RAB_FOT_661_621.png,drivingAlone_RVL_RAB_FOT,661,621,0,0,2.632853718049864,
Image_0_drivingAlone_RVL_RAB_FOT_661_921.png,drivingAlone_RVL_RAB_FOT,661,921,0,0,2.803509394322798,
Image_0_drivingAlone_RVL_RAB_FOT_662_1366.png,drivingAlone_RVL_RAB_FOT,662,1366,0,0,nan,
Image_0_drivingAlone_RVL_RAB_FOT_662_1466.png,drivingAlone_RVL_RAB_FOT,662,1466,0,0,nan,
Image_0_drivingAlone_RVL_RAB_FOT_663_1051.png,drivingAlone_RVL_RAB_FOT,663,1051,0,0,3.0417005247896864,
Image_0_drivingAlone_RVL_RAB_FOT_663_1351.png,drivingAlone_RVL_RAB_FOT,663,1351,0,0,nan,
Image_0_drivingAlone_RVL_RAB_FOT_663_551.png,drivingAlone_RVL_RAB_FOT,663,551,0,0,3.1765289692058296,
Image_0_drivingAlone_RVL_RAB_FOT_664_1026.png,drivingAlone_RVL_RAB_FOT,664,1026,0,0,3.0831244251995664,
Image_0_drivingAlone_RVL_RAB_FOT_664_826.png,drivingAlone_RVL_RAB_FOT,664,826,0,0,2.988061046361141,
Image_0_drivingAlone_RVL_RAB_FOT_665_1241.png,drivingAlone_RVL_RAB_FOT,665,1241,0,0,2.017057703454391,
Image_0_drivingAlone_RVL_RAB_FOT_665_541.png,drivingAlone_RVL_RAB_FOT,665,541,0,0,2.049656334521748,
Image_0_drivingAlone_RVL_RAB_FOT_666_361.png,drivingAlone_RVL_RAB_FOT,666,361,0,0,3.5583927512934235,
Image_0_drivingAlone_RVL_RAB_FOT_667_511.png,drivingAlone_RVL_RAB_FOT,667,511,0,0,3.5715462947855814,
Image_0_drivingAlone_RVL_RAB_FOT_668_291.png,drivingAlone_RVL_RAB_FOT,668,291,0,0,3.807323289111693,
Image_0_drivingAlone_RVL_RAB_FOT_668_491.png,drivingAlone_RVL_RAB_FOT,668,491,0,0,3.063642737819488,
Image_0_drivingAlone_RVL_RAB_FOT_669_1381.png,drivingAlone_RVL_RAB_FOT,669,1381,0,0,nan,
Image_0_drivingAlone_RVL_RAB_FOT_669_381.png,drivingAlone_RVL_RAB_FOT,669,381,0,0,3.3406250859700855,
Image_0_drivingAlone_RVL_RAB_FOT_669_481.png,drivingAlone_RVL_RAB_FOT,669,481,0,0,2.997524992842628,
Image_0_drivingAlone_RVL_RAB_FOT_669_581.png,drivingAlone_RVL_RAB_FOT,669,581,0,0,2.8664738395874068,
Image_0_drivingAlone_RVL_RAB_FOT_669_781.png,drivingAlone_RVL_RAB_FOT,669,781,0,0,2.7677790364084167,
Image_0_drivingAlone_RVL_RAB_FOT_670_301.png,drivingAlone_RVL_RAB_FOT,670,301,0,0,3.954789876039486,
Image_0_drivingAlone_RVL_RAB_FOT_671_201.png,drivingAlone_RVL_RAB_FOT,671,201,0,0,3.767938650657655,
Image_0_drivingAlone_RVL_RAB_FOT_671_301.png,drivingAlone_RVL_RAB_FOT,671,301,0,0,4.2052331608910745,
Image_0_drivingAlone_RVL_RAB_FOT_672_1051.png,drivingAlone_RVL_RAB_FOT,672,1051,0,0,3.086216119408123,
Image_0_drivingAlone_RVL_RAB_FOT_672_251.png,drivingAlone_RVL_RAB_FOT,672,251,0,0,3.9151215385499736,
Image_0_drivingAlone_RVL_RAB_FOT_673_651.png,drivingAlone_RVL_RAB_FOT,673,651,0,0,1.7920314410842222,
Image_0_drivingAlone_RVL_RAB_FOT_673_751.png,drivingAlone_RVL_RAB_FOT,673,751,0,0,1.780258997249871,
Image_0_drivingAlone_RVL_RAB_FOT_675_1186.png,drivingAlone_RVL_RAB_FOT,675,1186,0,0,nan,
Image_0_drivingAlone_RVL_RAB_FOT_675_586.png,drivingAlone_RVL_RAB_FOT,675,586,0,0,2.0674222555897472,
Image_0_drivingAlone_RVL_RAB_FOT_676_1136.png,drivingAlone_RVL_RAB_FOT,676,1136,0,0,nan,
Image_0_drivingAlone_RVL_RAB_FOT_676_236.png,drivingAlone_RVL_RAB_FOT,676,236,0,0,2.3955559428454922,
Image_0_drivingAlone_RVL_RAB_FOT_676_336.png,drivingAlone_RVL_RAB_FOT,676,336,0,0,2.3192964997529533,
Image_0_drivingAlone_RVL_RAB_FOT_677_226.png,drivingAlone_RVL_RAB_FOT,677,226,0,0,4.180256694578793,
Image_0_drivingAlone_RVL_RAB_FOT_677_926.png,drivingAlone_RVL_RAB_FOT,677,926,0,0,3.3927546635440686,
Image_0_drivingAlone_RVL_RAB_FOT_678_1061.png,drivingAlone_RVL_RAB_FOT,678,1061,0,0,3.02432994353425,
Image_0_drivingAlone_RVL_RAB_FOT_678_1361.png,drivingAlone_RVL_RAB_FOT,678,1361,0,0,nan,
Image_0_drivingAlone_RVL_RAB_FOT_678_561.png,drivingAlone_RVL_RAB_FOT,678,561,0,0,3.040682119971171,
Image_0_drivingAlone_RVL_RAB_FOT_678_661.png,drivingAlone_RVL_RAB_FOT,678,661,0,0,2.9951542011232766,
Image_0_drivingAlone_RVL_RAB_FOT_680_1276.png,drivingAlone_RVL_RAB_FOT,680,1276,0,0,3.0994633417171746,
Image_0_drivingAlone_RVL_RAB_FOT_681_1001.png,drivingAlone_RVL_RAB_FOT,681,1001,0,0,2.5939451936318982,
Image_0_drivingAlone_RVL_RAB_FOT_681_501.png,drivingAlone_RVL_RAB_FOT,681,501,0,0,2.7175088360439323,
Image_0_drivingAlone_RVL_RAB_FOT_681_701.png,drivingAlone_RVL_RAB_FOT,681,701,0,0,2.647356601850035,
Image_0_drivingAlone_RVL_RAB_FOT_682_1006.png,drivingAlone_RVL_RAB_FOT,682,1006,0,0,3.4681580586443466,
Image_0_drivingAlone_RVL_RAB_FOT_682_706.png,drivingAlone_RVL_RAB_FOT,682,706,0,0,3.4175567464090113,
Image_0_drivingAlone_RVL_RAB_FOT_683_276.png,drivingAlone_RVL_RAB_FOT,683,276,0,0,3.6526035465390567,
Image_0_drivingAlone_RVL_RAB_FOT_683_976.png,drivingAlone_RVL_RAB_FOT,683,976,0,0,2.7805785741672264,
Image_0_drivingAlone_RVL_RAB_FOT_684_461.png,drivingAlone_RVL_RAB_FOT,684,461,0,0,1.9212441696639129,
Image_0_drivingAlone_RVL_RAB_FOT_684_761.png,drivingAlone_RVL_RAB_FOT,684,761,0,0,1.7426277426007912,
Image_0_drivingAlone_RVL_RAB_FOT_686_1311.png,drivingAlone_RVL_RAB_FOT,686,1311,0,0,nan,
Image_0_drivingAlone_RVL_RAB_FOT_686_411.png,drivingAlone_RVL_RAB_FOT,686,411,0,0,3.748962962058542,
Image_0_drivingAlone_RVL_RAB_FOT_687_511.png,drivingAlone_RVL_RAB_FOT,687,511,0,0,2.6073668770006284,
Image_0_drivingAlone_RVL_RAB_FOT_687_611.png,drivingAlone_RVL_RAB_FOT,687,611,0,0,2.5106384333673963,
Image_0_drivingAlone_RVL_RAB_FOT_687_811.png,drivingAlone_RVL_RAB_FOT,687,811,0,0,2.6758095120612007,
Image_0_drivingAlone_RVL_RAB_FOT_688_1086.png,drivingAlone_RVL_RAB_FOT,688,1086,0,0,2.1911234334084257,
Image_0_drivingAlone_RVL_RAB_FOT_688_686.png,drivingAlone_RVL_RAB_FOT,688,686,0,0,2.195994956597694,
Image_0_drivingAlone_RVL_RAB_FOT_688_786.png,drivingAlone_RVL_RAB_FOT,688,786,0,0,2.330739411210476,
Image_0_drivingAlone_RVL_RAB_FOT_688_886.png,drivingAlone_RVL_RAB_FOT,688,886,0,0,2.347977566830153,
Image_0_drivingAlone_RVL_RAB_FOT_689_1406.png,drivingAlone_RVL_RAB_FOT,689,1406,0,0,nan,
Image_0_drivingAlone_RVL_RAB_FOT_689_906.png,drivingAlone_RVL_RAB_FOT,689,906,0,0,3.467941214097552,
Image_0_drivingAlone_RVL_RAB_FOT_690_1036.png,drivingAlone_RVL_RAB_FOT,690,1036,0,0,3.0461522767166733,
Image_0_drivingAlone_RVL_RAB_FOT_690_436.png,drivingAlone_RVL_RAB_FOT,690,436,0,0,3.2854427178864434,
Image_0_drivingAlone_RVL_RAB_FOT_690_736.png,drivingAlone_RVL_RAB_FOT,690,736,0,0,3.0907667957318994,
Image_0_drivingAlone_RVL_RAB_FOT_691_1021.png,drivingAlone_RVL_RAB_FOT,691,1021,0,0,3.398024944106538,
Image_0_drivingAlone_RVL_RAB_FOT_691_721.png,drivingAlone_RVL_RAB_FOT,691,721,0,0,3.2444908217796113,
Image_0_drivingAlone_RVL_RAB_FOT_692_896.png,drivingAlone_RVL_RAB_FOT,692,896,0,0,2.3231915870511184,
Image_0_drivingAlone_RVL_RAB_FOT_693_1101.png,drivingAlone_RVL_RAB_FOT,693,1101,0,0,nan,
Image_0_drivingAlone_RVL_RAB_FOT_693_601.png,drivingAlone_RVL_RAB_FOT,693,601,0,0,2.204380660076053,
Image_0_drivingAlone_RVL_RAB_FOT_693_801.png,drivingAlone_RVL_RAB_FOT,693,801,0,0,2.210350764671803,
Image_0_drivingAlone_RVL_RAB_FOT_693_901.png,drivingAlone_RVL_RAB_FOT,693,901,0,0,2.140801801131568,
Image_0_drivingAlone_RVL_RAB_FOT_694_1356.png,drivingAlone_RVL_RAB_FOT,694,1356,0,0,nan,
Image_0_drivingAlone_RVL_RAB_FOT_694_256.png,drivingAlone_RVL_RAB_FOT,694,256,0,0,3.4017653061724094,
Image_0_drivingAlone_RVL_RAB_FOT_694_356.png,drivingAlone_RVL_RAB_FOT,694,356,0,0,3.1553165439326882,
Image_0_drivingAlone_RVL_RAB_FOT_694_556.png,drivingAlone_RVL_RAB_FOT,694,556,0,0,2.6663683414828148,
Image_0_drivingAlone_RVL_RAB_FOT_694_756.png,drivingAlone_RVL_RAB_FOT,694,756,0,0,2.5155610140575,
Image_0_drivingAlone_RVL_RAB_FOT_694_856.png,drivingAlone_RVL_RAB_FOT,694,856,0,0,2.5473176496653687,
Image_0_drivingAlone_RVL_RAB_FOT_694_956.png,drivingAlone_RVL_RAB_FOT,694,956,0,0,2.593332632030474,
Image_0_drivingAlone_RVL_RAB_FOT_695_1106.png,drivingAlone_RVL_RAB_FOT,695,1106,0,0,2.5217990274857827,
Image_0_drivingAlone_RVL_RAB_FOT_695_1206.png,drivingAlone_RVL_RAB_FOT,695,1206,0,0,2.5012025527046187,
Image_0_drivingAlone_RVL_RAB_FOT_695_1406.png,drivingAlone_RVL_RAB_FOT,695,1406,0,0,nan,
Image_0_drivingAlone_RVL_RAB_FOT_695_306.png,drivingAlone_RVL_RAB_FOT,695,306,0,0,3.3348491109612066,
Image_0_drivingAlone_RVL_RAB_FOT_695_606.png,drivingAlone_RVL_RAB_FOT,695,606,0,0,2.5234907889424134,
Image_0_drivingAlone_RVL_RAB_FOT_695_806.png,drivingAlone_RVL_RAB_FOT,695,806,0,0,2.5495080898140703,
Image_0_drivingAlone_RVL_RAB_FOT_696_1161.png,drivingAlone_RVL_RAB_FOT,696,1161,0,0,3.0421308864119494,
Image_0_drivingAlone_RVL_RAB_FOT_696_1261.png,drivingAlone_RVL_RAB_FOT,696,1261,0,0,3.172854812636809,
Image_0_drivingAlone_RVL_RAB_FOT_696_461.png,drivingAlone_RVL_RAB_FOT,696,461,0,0,3.1862945603217065,
Image_0_drivingAlone_RVL_RAB_FOT_697_316.png,drivingAlone_RVL_RAB_FOT,697,316,0,0,2.384581246194034,
Image_0_drivingAlone_RVL_RAB_FOT_698_1281.png,drivingAlone_RVL_RAB_FOT,698,1281,0,0,2.8259585326939693,
Image_0_drivingAlone_RVL_RAB_FOT_698_281.png,drivingAlone_RVL_RAB_FOT,698,281,0,0,3.5126967060552463,
Image_0_drivingAlone_RVL_RAB_FOT_699_1076.png,drivingAlone_RVL_RAB_FOT,699,1076,0,0,3.5686346372743234,
Image_0_drivingAlone_RVL_RAB_FOT_699_1476.png,drivingAlone_RVL_RAB_FOT,699,1476,0,0,nan,
Image_0_drivingAlone_RVL_RAB_FOT_699_476.png,drivingAlone_RVL_RAB_FOT,699,476,0,0,3.778226331442795,
Image_0_drivingAlone_RVL_RAB_FOT_699_876.png,drivingAlone_RVL_RAB_FOT,699,876,0,0,3.4050250231055528,
Image_0_drivingAlone_RVL_RAB_FOT_700_1431.png,drivingAlone_RVL_RAB_FOT,700,1431,0,0,nan,
Image_0_drivingAlone_RVL_RAB_FOT_702_1151.png,drivingAlone_RVL_RAB_FOT,702,1151,0,0,3.130104559406226,
Image_0_drivingAlone_RVL_RAB_FOT_702_251.png,drivingAlone_RVL_RAB_FOT,702,251,0,0,3.969491700199768,
Image_0_drivingAlone_RVL_RAB_FOT_702_551.png,drivingAlone_RVL_RAB_FOT,702,551,0,0,3.2524072775286585,
Image_0_drivingAlone_RVL_RAB_FOT_702_951.png,drivingAlone_RVL_RAB_FOT,702,951,0,0,3.1614071177029723,
Image_0_drivingAlone_RVL_RAB_FOT_703_1286.png,drivingAlone_RVL_RAB_FOT,703,1286,0,0,nan,
Image_0_drivingAlone_RVL_RAB_FOT_703_986.png,drivingAlone_RVL_RAB_FOT,703,986,0,0,2.915166613873981,
Image_0_drivingAlone_RVL_RAB_FOT_704_236.png,drivingAlone_RVL_RAB_FOT,704,236,0,0,3.9304112925877455,
Image_0_drivingAlone_RVL_RAB_FOT_704_936.png,drivingAlone_RVL_RAB_FOT,704,936,0,0,3.2719662584472244,
Image_0_drivingAlone_RVL_RAB_FOT_706_201.png,drivingAlone_RVL_RAB_FOT,706,201,0,0,2.8216144655263538,
Image_0_drivingAlone_RVL_RAB_FOT_706_301.png,drivingAlone_RVL_RAB_FOT,706,301,0,0,2.799805638268028,
Image_0_drivingAlone_RVL_RAB_FOT_707_561.png,drivingAlone_RVL_RAB_FOT,707,561,0,0,3.0775787173683424,
Image_0_drivingAlone_RVL_RAB_FOT_708_621.png,drivingAlone_RVL_RAB_FOT,708,621,0,0,3.187657396750594,
Image_0_drivingAlone_RVL_RAB_FOT_709_241.png,drivingAlone_RVL_RAB_FOT,709,241,0,0,3.8190273545694886,
Image_0_drivingAlone_RVL_RAB_FOT_709_341.png,drivingAlone_RVL_RAB_FOT,709,341,0,0,3.6035104658868544,
Image_0_drivingAlone_RVL_RAB_FOT_709_441.png,drivingAlone_RVL_RAB_FOT,709,441,0,0,3.2160746052944393,
Image_0_drivingAlone_RVL_RAB_FOT_709_541.png,drivingAlone_RVL_RAB_FOT,709,541,0,0,3.0295482260997018,
Image_0_drivingAlone_RVL_RAB_FOT_710_636.png,drivingAlone_RVL_RAB_FOT,710,636,0,0,1.221686728233129,
Image_0_drivingAlone_RVL_RAB_FOT_711_1146.png,drivingAlone_RVL_RAB_FOT,711,1146,0,0,1.9494379465527418,
Image_0_drivingAlone_RVL_RAB_FOT_711_746.png,drivingAlone_RVL_RAB_FOT,711,746,0,0,1.840628943785263,
Image_0_drivingAlone_RVL_RAB_FOT_711_846.png,drivingAlone_RVL_RAB_FOT,711,846,0,0,1.897242586928412,
Image_0_drivingAlone_RVL_RAB_FOT_712_1206.png,drivingAlone_RVL_RAB_FOT,712,1206,0,0,2.6133189744710412,
Image_0_drivingAlone_RVL_RAB_FOT_712_506.png,drivingAlone_RVL_RAB_FOT,712,506,0,0,2.695451768721152,
Image_0_drivingAlone_RVL_RAB_FOT_712_806.png,drivingAlone_RVL_RAB_FOT,712,806,0,0,2.536910854866421,
Image_0_drivingAlone_RVL_RAB_FOT_713_1241.png,drivingAlone_RVL_RAB_FOT,713,1241,0,0,2.410189338326407,
Image_0_drivingAlone_RVL_RAB_FOT_713_541.png,drivingAlone_RVL_RAB_FOT,713,541,0,0,2.4690790690553923,
Image_0_drivingAlone_RVL_RAB_FOT_713_641.png,drivingAlone_RVL_RAB_FOT,713,641,0,0,2.413776996530177,
Image_0_drivingAlone_RVL_RAB_FOT_714_1436.png,drivingAlone_RVL_RAB_FOT,714,1436,0,0,nan,
Image_0_drivingAlone_RVL_RAB_FOT_715_621.png,drivingAlone_RVL_RAB_FOT,715,621,0,0,2.447881177985014,
Image_0_drivingAlone_RVL_RAB_FOT_716_1416.png,drivingAlone_RVL_RAB_FOT,716,1416,0,0,nan,
Image_0_drivingAlone_RVL_RAB_FOT_716_516.png,drivingAlone_RVL_RAB_FOT,716,516,0,0,3.485151935895752,
Image_0_drivingAlone_RVL_RAB_FOT_717_291.png,drivingAlone_RVL_RAB_FOT,717,291,0,0,3.679840646046859,
Image_0_drivingAlone_RVL_RAB_FOT_717_691.png,drivingAlone_RVL_RAB_FOT,717,691,0,0,2.818668957233153,
Image_0_drivingAlone_RVL_RAB_FOT_717_991.png,drivingAlone_RVL_RAB_FOT,717,991,0,0,2.771702928257058,
Image_0_drivingAlone_RVL_RAB_FOT_719_1471.png,drivingAlone_RVL_RAB_FOT,719,1471,0,0,nan,
Image_0_drivingAlone_RVL_RAB_FOT_719_271.png,drivingAlone_RVL_RAB_FOT,719,271,0,0,3.7546446387962096,
Image_0_drivingAlone_RVL_RAB_FOT_719_671.png,drivingAlone_RVL_RAB_FOT,719,671,0,0,2.851226200827039,
Image_0_drivingAlone_RVL_RAB_FOT_720_466.png,drivingAlone_RVL_RAB_FOT,720,466,0,0,2.9477857338827693,
Image_0_drivingAlone_RVL_RAB_FOT_721_1126.png,drivingAlone_RVL_RAB_FOT,721,1126,0,0,3.2810919467874027,
Image_0_drivingAlone_RVL_RAB_FOT_721_426.png,drivingAlone_RVL_RAB_FOT,721,426,0,0,3.6435686306004964,
Image_0_drivingAlone_RVL_RAB_FOT_721_526.png,drivingAlone_RVL_RAB_FOT,721,526,0,0,3.4267073619371144,
Image_0_drivingAlone_RVL_RAB_FOT_721_626.png,drivingAlone_RVL_RAB_FOT,721,626,0,0,3.273319614743329,
Image_0_drivingAlone_RVL_RAB_FOT_721_926.png,drivingAlone_RVL_RAB_FOT,721,926,0,0,3.2036987583223637,
Image_0_drivingAlone_RVL_RAB_FOT_722_1076.png,drivingAlone_RVL_RAB_FOT,722,1076,0,0,1.9060957199964346,
Image_0_drivingAlone_RVL_RAB_FOT_722_376.png,drivingAlone_RVL_RAB_FOT,722,376,0,0,2.200588183320427,
Image_0_drivingAlone_RVL_RAB_FOT_723_1011.png,drivingAlone_RVL_RAB_FOT,723,1011,0,0,3.1826415074488894,
Image_0_drivingAlone_RVL_RAB_FOT_724_1091.png,drivingAlone_RVL_RAB_FOT,724,1091,0,0,2.9101996751633896,
Image_0_drivingAlone_RVL_RAB_FOT_724_1191.png,drivingAlone_RVL_RAB_FOT,724,1191,0,0,2.8630048735885296,
Image_0_drivingAlone_RVL_RAB_FOT_724_491.png,drivingAlone_RVL_RAB_FOT,724,491,0,0,3.0112520299105965,
Image_0_drivingAlone_RVL_RAB_FOT_724_991.png,drivingAlone_RVL_RAB_FOT,724,991,0,0,2.9556577979359977,
Image_0_drivingAlone_RVL_RAB_FOT_725_1431.png,drivingAlone_RVL_RAB_FOT,725,1431,0,0,nan,
Image_0_drivingAlone_RVL_RAB_FOT_726_631.png,drivingAlone_RVL_RAB_FOT,726,631,0,0,2.576563633397816,
Image_0_drivingAlone_RVL_RAB_FOT_727_376.png,drivingAlone_RVL_RAB_FOT,727,376,0,0,4.041020161205818,
Image_0_drivingAlone_RVL_RAB_FOT_727_676.png,drivingAlone_RVL_RAB_FOT,727,676,0,0,3.3983380377564423,
Image_0_drivingAlone_RVL_RAB_FOT_727_876.png,drivingAlone_RVL_RAB_FOT,727,876,0,0,3.4431923057605003,
Image_0_drivingAlone_RVL_RAB_FOT_728_1076.png,drivingAlone_RVL_RAB_FOT,728,1076,0,1,nan,
Image_0_drivingAlone_RVL_RAB_FOT_728_476.png,drivingAlone_RVL_RAB_FOT,728,476,0,0,2.2904271003982943,
Image_0_drivingAlone_RVL_RAB_FOT_728_676.png,drivingAlone_RVL_RAB_FOT,728,676,0,0,2.253468915700701,
Image_0_drivingAlone_RVL_RAB_FOT_729_431.png,drivingAlone_RVL_RAB_FOT,729,431,0,0,1.6261444882300635,
Image_0_drivingAlone_RVL_RAB_FOT_731_1066.png,drivingAlone_RVL_RAB_FOT,731,1066,0,0,2.819325827147634,
Image_0_drivingAlone_RVL_RAB_FOT_731_1366.png,drivingAlone_RVL_RAB_FOT,731,1366,0,0,nan,
Image_0_drivingAlone_RVL_RAB_FOT_731_866.png,drivingAlone_RVL_RAB_FOT,731,866,0,0,2.849105688032928,
Image_0_drivingAlone_RVL_RAB_FOT_732_1021.png,drivingAlone_RVL_RAB_FOT,732,1021,0,0,2.6363446388199026,
Image_0_drivingAlone_RVL_RAB_FOT_732_421.png,drivingAlone_RVL_RAB_FOT,732,421,0,0,3.0479247270203107,
Image_0_drivingAlone_RVL_RAB_FOT_732_521.png,drivingAlone_RVL_RAB_FOT,732,521,0,0,2.7321831731670088,
Image_0_drivingAlone_RVL_RAB_FOT_732_821.png,drivingAlone_RVL_RAB_FOT,732,821,0,0,2.5113152172664908,
Image_0_drivingAlone_RVL_RAB_FOT_733_1341.png,drivingAlone_RVL_RAB_FOT,733,1341,0,0,nan,
Image_0_drivingAlone_RVL_RAB_FOT_733_941.png,drivingAlone_RVL_RAB_FOT,733,941,0,0,2.563189382308819,
Image_0_drivingAlone_RVL_RAB_FOT_734_246.png,drivingAlone_RVL_RAB_FOT,734,246,0,0,4.135129710953176,
Image_0_drivingAlone_RVL_RAB_FOT_734_546.png,drivingAlone_RVL_RAB_FOT,734,546,0,0,3.298991685713256,
Image_0_drivingAlone_RVL_RAB_FOT_734_646.png,drivingAlone_RVL_RAB_FOT,734,646,0,0,3.1902469331087957,
Image_0_drivingAlone_RVL_RAB_FOT_734_746.png,drivingAlone_RVL_RAB_FOT,734,746,0,0,3.194611915616414,
Image_0_drivingAlone_RVL_RAB_FOT_735_606.png,drivingAlone_RVL_RAB_FOT,735,606,0,0,2.6224725390166492,
Image_0_drivingAlone_RVL_RAB_FOT_735_706.png,drivingAlone_RVL_RAB_FOT,735,706,0,0,2.6618898418148857,
Image_0_drivingAlone_RVL_RAB_FOT_736_471.png,drivingAlone_RVL_RAB_FOT,736,471,0,0,3.009709884757453,
Image_0_drivingAlone_RVL_RAB_FOT_736_871.png,drivingAlone_RVL_RAB_FOT,736,871,0,0,2.8768782373860047,
Image_0_drivingAlone_RVL_RAB_FOT_737_361.png,drivingAlone_RVL_RAB_FOT,737,361,0,0,3.1634928107674636,
Image_0_drivingAlone_RVL_RAB_FOT_737_461.png,drivingAlone_RVL_RAB_FOT,737,461,0,0,2.795752770109816,
Image_0_drivingAlone_RVL_RAB_FOT_738_481.png,drivingAlone_RVL_RAB_FOT,738,481,0,0,3.1302863303466077,
Image_0_drivingAlone_RVL_RAB_FOT_738_581.png,drivingAlone_RVL_RAB_FOT,738,581,0,0,3.008224769154088,
Image_0_drivingAlone_RVL_RAB_FOT_738_781.png,drivingAlone_RVL_RAB_FOT,738,781,0,0,2.9853623469159185,
Image_0_drivingAlone_RVL_RAB_FOT_739_406.png,drivingAlone_RVL_RAB_FOT,739,406,0,0,2.979121230647996,
Image_0_drivingAlone_RVL_RAB_FOT_739_606.png,drivingAlone_RVL_RAB_FOT,739,606,0,0,2.546789641129628,
Image_0_drivingAlone_RVL_RAB_FOT_740_376.png,drivingAlone_RVL_RAB_FOT,740,376,0,0,3.5296075196787893,
Image_0_drivingAlone_RVL_RAB_FOT_740_976.png,drivingAlone_RVL_RAB_FOT,740,976,0,0,3.0230966532768653,
Image_0_drivingAlone_RVL_RAB_FOT_741_1386.png,drivingAlone_RVL_RAB_FOT,741,1386,0,0,nan,
Image_0_drivingAlone_RVL_RAB_FOT_741_286.png,drivingAlone_RVL_RAB_FOT,741,286,0,0,3.710997796415352,
Image_0_drivingAlone_RVL_RAB_FOT_742_1131.png,drivingAlone_RVL_RAB_FOT,742,1131,0,0,3.0417079966591425,
Image_0_drivingAlone_RVL_RAB_FOT_742_431.png,drivingAlone_RVL_RAB_FOT,742,431,0,0,3.260434586705106,
Image_0_drivingAlone_RVL_RAB_FOT_742_631.png,drivingAlone_RVL_RAB_FOT,742,631,0,0,2.9673036683499276,
Image_0_drivingAlone_RVL_RAB_FOT_743_561.png,drivingAlone_RVL_RAB_FOT,743,561,0,0,3.135859855320165,
Image_0_drivingAlone_RVL_RAB_FOT_744_1396.png,drivingAlone_RVL_RAB_FOT,744,1396,0,0,nan,
Image_0_drivingAlone_RVL_RAB_FOT_744_896.png,drivingAlone_RVL_RAB_FOT,744,896,0,0,2.896640087004928,
Image_0_drivingAlone_RVL_RAB_FOT_745_586.png,drivingAlone_RVL_RAB_FOT,745,586,0,0,2.445407309257062,
Image_0_drivingAlone_RVL_RAB_FOT_746_1441.png,drivingAlone_RVL_RAB_FOT,746,1441,0,0,nan,
Image_0_drivingAlone_RVL_RAB_FOT_747_1361.png,drivingAlone_RVL_RAB_FOT,747,1361,0,0,nan,
Image_0_drivingAlone_RVL_RAB_FOT_747_961.png,drivingAlone_RVL_RAB_FOT,747,961,0,0,2.70394257930575,
Image_0_drivingAlone_RVL_RAB_FOT_748_1151.png,drivingAlone_RVL_RAB_FOT,748,1151,0,0,3.045534786715782,
Image_0_drivingAlone_RVL_RAB_FOT_748_1251.png,drivingAlone_RVL_RAB_FOT,748,1251,0,0,3.1142000332037356,
Image_0_drivingAlone_RVL_RAB_FOT_748_1451.png,drivingAlone_RVL_RAB_FOT,748,1451,0,0,nan,
Image_0_drivingAlone_RVL_RAB_FOT_748_651.png,drivingAlone_RVL_RAB_FOT,748,651,0,0,3.0559938430152656,
Image_0_drivingAlone_RVL_RAB_FOT_748_751.png,drivingAlone_RVL_RAB_FOT,748,751,0,0,3.128274210961205,
Image_0_drivingAlone_RVL_RAB_FOT_749_421.png,drivingAlone_RVL_RAB_FOT,749,421,0,0,3.5884141221895707,
Image_0_drivingAlone_RVL_RAB_FOT_749_521.png,drivingAlone_RVL_RAB_FOT,749,521,0,0,3.187203247630568,
Image_0_drivingAlone_RVL_RAB_FOT_750_1001.png,drivingAlone_RVL_RAB_FOT,750,1001,0,0,1.7499519639915917,
Image_0_drivingAlone_RVL_RAB_FOT_750_1201.png,drivingAlone_RVL_RAB_FOT,750,1201,0,0,nan,
Image_0_drivingAlone_RVL_RAB_FOT_750_401.png,drivingAlone_RVL_RAB_FOT,750,401,0,0,2.2059159341898296,
Image_0_drivingAlone_RVL_RAB_FOT_750_501.png,drivingAlone_RVL_RAB_FOT,750,501,0,0,1.8953207746439107,
Image_0_drivingAlone_RVL_RAB_FOT_751_346.png,drivingAlone_RVL_RAB_FOT,751,346,0,0,3.8178985940070813,
Image_0_drivingAlone_RVL_RAB_FOT_751_846.png,drivingAlone_RVL_RAB_FOT,751,846,0,0,3.0702905086862837,
Image_0_drivingAlone_RVL_RAB_FOT_751_946.png,drivingAlone_RVL_RAB_FOT,751,946,0,0,3.03904379523584,
Image_0_drivingAlone_RVL_RAB_FOT_752_1051.png,drivingAlone_RVL_RAB_FOT,752,1051,0,0,2.4588378691341997,
Image_0_drivingAlone_RVL_RAB_FOT_753_1171.png,drivingAlone_RVL_RAB_FOT,753,1171,0,0,2.853614390408338,
Image_0_drivingAlone_RVL_RAB_FOT_754_1181.png,drivingAlone_RVL_RAB_FOT,754,1181,0,0,nan,
Image_0_drivingAlone_RVL_RAB_FOT_754_381.png,drivingAlone_RVL_RAB_FOT,754,381,0,0,2.616021265328091,
Image_0_drivingAlone_RVL_RAB_FOT_754_681.png,drivingAlone_RVL_RAB_FOT,754,681,0,0,2.338092152189646,
Image_0_drivingAlone_RVL_RAB_FOT_755_846.png,drivingAlone_RVL_RAB_FOT,755,846,0,0,3.163700293145271,
Image_0_drivingAlone_RVL_RAB_FOT_756_366.png,drivingAlone_RVL_RAB_FOT,756,366,0,0,3.3949807578904494,
Image_0_drivingAlone_RVL_RAB_FOT_756_466.png,drivingAlone_RVL_RAB_FOT,756,466,0,0,3.0673491890272677,
Image_0_drivingAlone_RVL_RAB_FOT_757_996.png,drivingAlone_RVL_RAB_FOT,757,996,0,0,3.5186011373777566,
Image_0_drivingAlone_RVL_RAB_FOT_758_1486.png,drivingAlone_RVL_RAB_FOT,758,1486,0,0,nan,
Image_0_drivingAlone_RVL_RAB_FOT_758_686.png,drivingAlone_RVL_RAB_FOT,758,686,0,0,2.357401778826926,
Image_0_drivingAlone_RVL_RAB_FOT_758_986.png,drivingAlone_RVL_RAB_FOT,758,986,0,0,2.521594867707767,
Image_0_drivingAlone_RVL_RAB_FOT_759_1376.png,drivingAlone_RVL_RAB_FOT,759,1376,0,0,nan,
Image_0_drivingAlone_RVL_RAB_FOT_760_426.png,drivingAlone_RVL_RAB_FOT,760,426,0,0,2.338455634556478,
Image_0_drivingAlone_RVL_RAB_FOT_760_826.png,drivingAlone_RVL_RAB_FOT,760,826,0,0,1.9665196571359322,
Image_0_drivingAlone_RVL_RAB_FOT_761_841.png,drivingAlone_RVL_RAB_FOT,761,841,0,0,2.9665556511671447,
Image_0_drivingAlone_RVL_RAB_FOT_762_726.png,drivingAlone_RVL_RAB_FOT,762,726,0,0,3.3209719002712257,
Image_0_drivingAlone_RVL_RAB_FOT_763_1231.png,drivingAlone_RVL_RAB_FOT,763,1231,0,0,3.1254049663588064,
Image_0_drivingAlone_RVL_RAB_FOT_763_831.png,drivingAlone_RVL_RAB_FOT,763,831,0,0,3.337383092978678,
Image_0_drivingAlone_RVL_RAB_FOT_763_931.png,drivingAlone_RVL_RAB_FOT,763,931,0,0,3.1951330594487257,
Image_0_drivingAlone_RVL_RAB_FOT_764_1421.png,drivingAlone_RVL_RAB_FOT,764,1421,0,0,nan,
Image_0_drivingAlone_RVL_RAB_FOT_764_421.png,drivingAlone_RVL_RAB_FOT,764,421,0,0,3.0281615418828007,
Image_0_drivingAlone_RVL_RAB_FOT_764_821.png,drivingAlone_RVL_RAB_FOT,764,821,0,0,2.678869359614608,
Image_0_drivingAlone_RVL_RAB_FOT_764_921.png,drivingAlone_RVL_RAB_FOT,764,921,0,0,2.666154665451041,
Image_0_drivingAlone_RVL_RAB_FOT_765_566.png,drivingAlone_RVL_RAB_FOT,765,566,0,0,3.114598275240537,
Image_0_drivingAlone_RVL_RAB_FOT_765_666.png,drivingAlone_RVL_RAB_FOT,765,666,0,0,3.1196772956984233,
Image_0_drivingAlone_RVL_RAB_FOT_765_966.png,drivingAlone_RVL_RAB_FOT,765,966,0,0,3.163446825244355,
Image_0_drivingAlone_RVL_RAB_FOT_766_1026.png,drivingAlone_RVL_RAB_FOT,766,1026,0,0,1.1288367641535952,
Image_0_drivingAlone_RVL_RAB_FOT_766_826.png,drivingAlone_RVL_RAB_FOT,766,826,0,0,1.1486887756993607,
Image_0_drivingAlone_RVL_RAB_FOT_767_576.png,drivingAlone_RVL_RAB_FOT,767,576,0,0,2.747179688503433,
Image_0_drivingAlone_RVL_RAB_FOT_767_876.png,drivingAlone_RVL_RAB_FOT,767,876,0,0,2.893697284091558,
Image_0_drivingAlone_RVL_RAB_FOT_768_1051.png,drivingAlone_RVL_RAB_FOT,768,1051,0,0,3.038056724372429,
Image_0_drivingAlone_RVL_RAB_FOT_768_1351.png,drivingAlone_RVL_RAB_FOT,768,1351,0,0,nan,
Image_0_drivingAlone_RVL_RAB_FOT_768_351.png,drivingAlone_RVL_RAB_FOT,768,351,0,0,3.6379305101661075,
Image_0_drivingAlone_RVL_RAB_FOT_768_451.png,drivingAlone_RVL_RAB_FOT,768,451,0,0,3.261438529819027,
Image_0_drivingAlone_RVL_RAB_FOT_768_651.png,drivingAlone_RVL_RAB_FOT,768,651,0,0,2.911844866081421,
Image_0_drivingAlone_RVL_RAB_FOT_769_301.png,drivingAlone_RVL_RAB_FOT,769,301,0,0,4.200164395155838,
Image_0_drivingAlone_RVL_RAB_FOT_769_701.png,drivingAlone_RVL_RAB_FOT,769,701,0,0,3.320026278335276,
Image_0_drivingAlone_RVL_RAB_FOT_769_801.png,drivingAlone_RVL_RAB_FOT,769,801,0,0,3.3465255793795246,
Image_0_drivingAlone_RVL_RAB_FOT_770_1506.png,drivingAlone_RVL_RAB_FOT,770,1506,0,0,nan,
Image_0_drivingAlone_RVL_RAB_FOT_770_306.png,drivingAlone_RVL_RAB_FOT,770,306,0,0,4.455278002681736,
Image_0_drivingAlone_RVL_RAB_FOT_770_806.png,drivingAlone_RVL_RAB_FOT,770,806,0,0,3.5079646165238767,
Image_0_drivingAlone_RVL_RAB_FOT_770_906.png,drivingAlone_RVL_RAB_FOT,770,906,0,0,3.552384033012763,
Image_0_drivingAlone_RVL_RAB_FOT_771_641.png,drivingAlone_RVL_RAB_FOT,771,641,0,0,3.1407025097342647,
Image_0_drivingAlone_RVL_RAB_FOT_772_711.png,drivingAlone_RVL_RAB_FOT,772,711,0,0,3.1862426539084447,
Image_0_drivingAlone_RVL_RAB_FOT_773_1056.png,drivingAlone_RVL_RAB_FOT,773,1056,0,0,2.9978674280120337,
Image_0_drivingAlone_RVL_RAB_FOT_773_256.png,drivingAlone_RVL_RAB_FOT,773,256,0,0,3.8303413599128593,
Image_0_drivingAlone_RVL_RAB_FOT_773_856.png,drivingAlone_RVL_RAB_FOT,773,856,0,0,2.985623182606293,
Image_0_drivingAlone_RVL_RAB_FOT_774_1181.png,drivingAlone_RVL_RAB_FOT,774,1181,0,0,nan,
Image_0_drivingAlone_RVL_RAB_FOT_774_881.png,drivingAlone_RVL_RAB_FOT,774,881,0,0,2.3715018748467083,
Image_0_drivingAlone_RVL_RAB_FOT_775_1096.png,drivingAlone_RVL_RAB_FOT,775,1096,0,0,nan,
Image_0_drivingAlone_RVL_RAB_FOT_775_1196.png,drivingAlone_RVL_RAB_FOT,775,1196,0,0,nan,
Image_0_drivingAlone_RVL_RAB_FOT_776_1046.png,drivingAlone_RVL_RAB_FOT,776,1046,0,0,3.1649208090482457,
Image_0_drivingAlone_RVL_RAB_FOT_776_246.png,drivingAlone_RVL_RAB_FOT,776,246,0,0,3.9880052316335703,
Image_0_drivingAlone_RVL_RAB_FOT_776_346.png,drivingAlone_RVL_RAB_FOT,776,346,0,0,3.8689440193990254,
Image_0_drivingAlone_RVL_RAB_FOT_776_846.png,drivingAlone_RVL_RAB_FOT,776,846,0,0,3.0843551128483497,
Image_0_drivingAlone_RVL_RAB_FOT_777_321.png,drivingAlone_RVL_RAB_FOT,777,321,0,0,3.6137567655084375,
Image_0_drivingAlone_RVL_RAB_FOT_778_1381.png,drivingAlone_RVL_RAB_FOT,778,1381,0,0,nan,
Image_0_drivingAlone_RVL_RAB_FOT_778_481.png,drivingAlone_RVL_RAB_FOT,778,481,0,0,2.1961018048605094,
Image_0_drivingAlone_RVL_RAB_FOT_779_396.png,drivingAlone_RVL_RAB_FOT,779,396,0,0,3.216144273360415,
Image_0_drivingAlone_RVL_RAB_FOT_779_596.png,drivingAlone_RVL_RAB_FOT,779,596,0,0,2.717663672171784,
Image_0_drivingAlone_RVL_RAB_FOT_779_696.png,drivingAlone_RVL_RAB_FOT,779,696,0,0,2.7587624868345983,
Image_0_drivingAlone_RVL_RAB_FOT_780_976.png,drivingAlone_RVL_RAB_FOT,780,976,0,0,2.7732359497385763,
Image_0_drivingAlone_RVL_RAB_FOT_781_1031.png,drivingAlone_RVL_RAB_FOT,781,1031,0,0,3.1716563279138885,
Image_0_drivingAlone_RVL_RAB_FOT_782_291.png,drivingAlone_RVL_RAB_FOT,782,291,0,0,4.53908910639738,
Image_0_drivingAlone_RVL_RAB_FOT_782_491.png,drivingAlone_RVL_RAB_FOT,782,491,0,0,3.7959873475132815,
Image_0_drivingAlone_RVL_RAB_FOT_782_791.png,drivingAlone_RVL_RAB_FOT,782,791,0,0,3.5303836809716493,
Image_0_drivingAlone_RVL_RAB_FOT_782_991.png,drivingAlone_RVL_RAB_FOT,782,991,0,0,3.624632218351389,
Image_0_drivingAlone_RVL_RAB_FOT_783_1011.png,drivingAlone_RVL_RAB_FOT,783,1011,0,0,3.2695518746108965,
Image_0_drivingAlone_RVL_RAB_FOT_783_411.png,drivingAlone_RVL_RAB_FOT,783,411,0,0,3.7685718889501807,
Image_0_drivingAlone_RVL_RAB_FOT_783_911.png,drivingAlone_RVL_RAB_FOT,783,911,0,0,3.290820642683321,
Image_0_drivingAlone_RVL_RAB_FOT_784_1381.png,drivingAlone_RVL_RAB_FOT,784,1381,0,0,nan,
Image_0_drivingAlone_RVL_RAB_FOT_784_281.png,drivingAlone_RVL_RAB_FOT,784,281,0,0,3.4069511564762482,
Image_0_drivingAlone_RVL_RAB_FOT_784_381.png,drivingAlone_RVL_RAB_FOT,784,381,0,0,3.0269804156662214,
Image_0_drivingAlone_RVL_RAB_FOT_785_1126.png,drivingAlone_RVL_RAB_FOT,785,1126,0,0,3.2578480039790643,
Image_0_drivingAlone_RVL_RAB_FOT_785_226.png,drivingAlone_RVL_RAB_FOT,785,226,0,0,3.9551582060036115,
Image_0_drivingAlone_RVL_RAB_FOT_786_1446.png,drivingAlone_RVL_RAB_FOT,786,1446,0,0,nan,
Image_0_drivingAlone_RVL_RAB_FOT_786_446.png,drivingAlone_RVL_RAB_FOT,786,446,0,0,3.5602429136664853,
Image_0_drivingAlone_RVL_RAB_FOT_786_646.png,drivingAlone_RVL_RAB_FOT,786,646,0,0,3.217370021601563,
Image_0_drivingAlone_RVL_RAB_FOT_788_401.png,drivingAlone_RVL_RAB_FOT,788,401,0,0,3.185481768247744,
Image_0_drivingAlone_RVL_RAB_FOT_788_701.png,drivingAlone_RVL_RAB_FOT,788,701,0,0,2.647809515293364,
Image_0_drivingAlone_RVL_RAB_FOT_790_1111.png,drivingAlone_RVL_RAB_FOT,790,1111,0,0,2.757318792725895,
Image_0_drivingAlone_RVL_RAB_FOT_790_911.png,drivingAlone_RVL_RAB_FOT,790,911,0,0,2.7898584852707704,
Image_0_drivingAlone_RVL_RAB_FOT_791_371.png,drivingAlone_RVL_RAB_FOT,791,371,0,0,3.446166937162632,
Image_0_drivingAlone_RVL_RAB_FOT_791_471.png,drivingAlone_RVL_RAB_FOT,791,471,0,0,3.0369308447431154,
Image_0_drivingAlone_RVL_RAB_FOT_791_671.png,drivingAlone_RVL_RAB_FOT,791,671,0,0,2.8118841787668787,
Image_0_drivingAlone_RVL_RAB_FOT_791_771.png,drivingAlone_RVL_RAB_FOT,791,771,0,0,2.88697285504682,
Image_0_drivingAlone_RVL_RAB_FOT_791_871.png,drivingAlone_RVL_RAB_FOT,791,871,0,0,2.938116478666707,
Image_0_drivingAlone_RVL_RAB_FOT_792_406.png,drivingAlone_RVL_RAB_FOT,792,406,0,0,2.208034258165121,
Image_0_drivingAlone_RVL_RAB_FOT_792_506.png,drivingAlone_RVL_RAB_FOT,792,506,0,0,1.8574262982062635,
Image_0_drivingAlone_RVL_RAB_FOT_792_906.png,drivingAlone_RVL_RAB_FOT,792,906,0,0,1.9214470707569848,
Image_0_drivingAlone_RVL_RAB_FOT_793_1316.png,drivingAlone_RVL_RAB_FOT,793,1316,0,0,nan,
Image_0_drivingAlone_RVL_RAB_FOT_793_1416.png,drivingAlone_RVL_RAB_FOT,793,1416,0,0,nan,
Image_0_drivingAlone_RVL_RAB_FOT_793_316.png,drivingAlone_RVL_RAB_FOT,793,316,0,0,3.2740144575432133,
Image_0_drivingAlone_RVL_RAB_FOT_794_1276.png,drivingAlone_RVL_RAB_FOT,794,1276,0,0,3.1044553170596707,
Image_0_drivingAlone_RVL_RAB_FOT_794_476.png,drivingAlone_RVL_RAB_FOT,794,476,0,0,3.2505088666817006,
Image_0_drivingAlone_RVL_RAB_FOT_794_576.png,drivingAlone_RVL_RAB_FOT,794,576,0,0,2.9827048846438373,
Image_0_drivingAlone_RVL_RAB_FOT_794_776.png,drivingAlone_RVL_RAB_FOT,794,776,0,0,2.9775184502843848,
Image_0_drivingAlone_RVL_RAB_FOT_795_221.png,drivingAlone_RVL_RAB_FOT,795,221,0,0,3.975270779444868,
Image_0_drivingAlone_RVL_RAB_FOT_797_411.png,drivingAlone_RVL_RAB_FOT,797,411,0,0,3.6997285630564214,
Image_0_drivingAlone_RVL_RAB_FOT_798_506.png,drivingAlone_RVL_RAB_FOT,798,506,0,0,2.1707286608264047,
Image_0_drivingAlone_RVL_RAB_FOT_798_906.png,drivingAlone_RVL_RAB_FOT,798,906,0,0,2.098628346191026,
Image_0_drivingAlone_RVL_RAB_FOT_799_1421.png,drivingAlone_RVL_RAB_FOT,799,1421,0,0,nan,
Image_0_drivingAlone_RVL_RAB_FOT_799_821.png,drivingAlone_RVL_RAB_FOT,799,821,0,0,3.2098611927639835,
Image_0_drivingAlone_RVL_RAB_FOT_801_371.png,drivingAlone_RVL_RAB_FOT,801,371,0,0,3.554185052001646,
Image_0_drivingAlone_RVL_RAB_FOT_801_771.png,drivingAlone_RVL_RAB_FOT,801,771,0,0,3.010679472954786,
Image_0_drivingAlone_RVL_RAB_FOT_801_871.png,drivingAlone_RVL_RAB_FOT,801,871,0,0,2.99864286307271,
Image_0_drivingAlone_RVL_RAB_FOT_801_971.png,drivingAlone_RVL_RAB_FOT,801,971,0,0,2.915721464243052,
Image_0_drivingAlone_RVL_RAB_FOT_802_1021.png,drivingAlone_RVL_RAB_FOT,802,1021,0,0,3.1148924123792625,
Image_0_drivingAlone_RVL_RAB_FOT_803_1001.png,drivingAlone_RVL_RAB_FOT,803,1001,0,0,2.893480084067403,
Image_0_drivingAlone_RVL_RAB_FOT_803_1301.png,drivingAlone_RVL_RAB_FOT,803,1301,0,0,nan,
Image_0_drivingAlone_RVL_RAB_FOT_803_701.png,drivingAlone_RVL_RAB_FOT,803,701,0,0,2.7525269016504073,
Image_0_drivingAlone_RVL_RAB_FOT_803_801.png,drivingAlone_RVL_RAB_FOT,803,801,0,0,2.8775554880678875,
Image_0_drivingAlone_RVL_RAB_FOT_803_901.png,drivingAlone_RVL_RAB_FOT,803,901,0,0,2.9168026911094707,
Image_0_drivingAlone_RVL_RAB_FOT_804_711.png,drivingAlone_RVL_RAB_FOT,804,711,0,0,3.40905801706847,
Image_0_drivingAlone_RVL_RAB_FOT_804_911.png,drivingAlone_RVL_RAB_FOT,804,911,0,0,3.46880986131973,
Image_0_drivingAlone_RVL_RAB_FOT_805_1301.png,drivingAlone_RVL_RAB_FOT,805,1301,0,0,nan,
Image_0_drivingAlone_RVL_RAB_FOT_805_901.png,drivingAlone_RVL_RAB_FOT,805,901,0,0,3.2079342874902457,
Image_0_drivingAlone_RVL_RAB_FOT_806_276.png,drivingAlone_RVL_RAB_FOT,806,276,0,0,3.2444358290735327,
Image_0_drivingAlone_RVL_RAB_FOT_806_576.png,drivingAlone_RVL_RAB_FOT,806,576,0,0,2.6673309254188977,
Image_0_drivingAlone_RVL_RAB_FOT_806_676.png,drivingAlone_RVL_RAB_FOT,806,676,0,0,2.555337466210168,
Image_0_drivingAlone_RVL_RAB_FOT_806_976.png,drivingAlone_RVL_RAB_FOT,806,976,0,0,2.600447745412106,
Image_0_drivingAlone_RVL_RAB_FOT_807_1401.png,drivingAlone_RVL_RAB_FOT,807,1401,0,0,nan,
Image_0_drivingAlone_RVL_RAB_FOT_807_801.png,drivingAlone_RVL_RAB_FOT,807,801,0,0,2.529786415752719,
Image_0_drivingAlone_RVL_RAB_FOT_809_1216.png,drivingAlone_RVL_RAB_FOT,809,1216,0,0,nan,
Image_0_drivingAlone_RVL_RAB_FOT_809_316.png,drivingAlone_RVL_RAB_FOT,809,316,0,0,2.492741744139143,
Image_0_drivingAlone_RVL_RAB_FOT_809_516.png,drivingAlone_RVL_RAB_FOT,809,516,0,0,1.9350384811728958,
Image_0_drivingAlone_RVL_RAB_FOT_809_716.png,drivingAlone_RVL_RAB_FOT,809,716,0,0,1.7912996301485284,
Image_0_drivingAlone_RVL_RAB_FOT_810_1331.png,drivingAlone_RVL_RAB_FOT,810,1331,0,0,nan,
Image_0_drivingAlone_RVL_RAB_FOT_810_231.png,drivingAlone_RVL_RAB_FOT,810,231,0,0,3.889400785216141,
Image_0_drivingAlone_RVL_RAB_FOT_810_331.png,drivingAlone_RVL_RAB_FOT,810,331,0,0,3.8712052534411203,
Image_0_drivingAlone_RVL_RAB_FOT_811_301.png,drivingAlone_RVL_RAB_FOT,811,301,0,0,3.40935430110663,
Image_0_drivingAlone_RVL_RAB_FOT_811_701.png,drivingAlone_RVL_RAB_FOT,811,701,0,0,2.5723966099899043,
Image_0_drivingAlone_RVL_RAB_FOT_811_801.png,drivingAlone_RVL_RAB_FOT,811,801,0,0,2.5238681086652965,
Image_0_drivingAlone_RVL_RAB_FOT_812_386.png,drivingAlone_RVL_RAB_FOT,812,386,0,0,3.1589494722464266,
Image_0_drivingAlone_RVL_RAB_FOT_814_1121.png,drivingAlone_RVL_RAB_FOT,814,1121,0,0,nan,
Image_0_drivingAlone_RVL_RAB_FOT_814_721.png,drivingAlone_RVL_RAB_FOT,814,721,0,0,1.6268883858622782,
Image_0_drivingAlone_RVL_RAB_FOT_814_921.png,drivingAlone_RVL_RAB_FOT,814,921,0,0,1.672493142056957,
Image_0_drivingAlone_RVL_RAB_FOT_815_1021.png,drivingAlone_RVL_RAB_FOT,815,1021,0,0,3.2681888769107164,
Image_0_drivingAlone_RVL_RAB_FOT_815_1321.png,drivingAlone_RVL_RAB_FOT,815,1321,0,0,nan,
Image_0_drivingAlone_RVL_RAB_FOT_815_1421.png,drivingAlone_RVL_RAB_FOT,815,1421,0,0,nan,
Image_0_drivingAlone_RVL_RAB_FOT_816_1066.png,drivingAlone_RVL_RAB_FOT,816,1066,0,0,3.1994358577447386,
Image_0_drivingAlone_RVL_RAB_FOT_817_886.png,drivingAlone_RVL_RAB_FOT,817,886,0,0,2.0285043275153023,
Image_0_drivingAlone_RVL_RAB_FOT_818_866.png,drivingAlone_RVL_RAB_FOT,818,866,0,0,2.939307557795538,
Image_0_drivingAlone_RVL_RAB_FOT_819_1031.png,drivingAlone_RVL_RAB_FOT,819,1031,0,0,2.661748587578005,
Image_0_drivingAlone_RVL_RAB_FOT_819_1231.png,drivingAlone_RVL_RAB_FOT,819,1231,0,0,2.7260591940378482,
Image_0_drivingAlone_RVL_RAB_FOT_819_1331.png,drivingAlone_RVL_RAB_FOT,819,1331,0,0,nan,
Image_0_drivingAlone_RVL_RAB_FOT_819_531.png,drivingAlone_RVL_RAB_FOT,819,531,0,0,2.770884283555043,
Image_0_drivingAlone_RVL_RAB_FOT_819_731.png,drivingAlone_RVL_RAB_FOT,819,731,0,0,2.70376065021755,
Image_0_drivingAlone_RVL_RAB_FOT_820_296.png,drivingAlone_RVL_RAB_FOT,820,296,0,0,3.882909087705185,
Image_0_drivingAlone_RVL_RAB_FOT_821_1226.png,drivingAlone_RVL_RAB_FOT,821,1226,0,0,nan,
Image_0_drivingAlone_RVL_RAB_FOT_821_726.png,drivingAlone_RVL_RAB_FOT,821,726,0,0,1.6072144520219989,
Image_0_drivingAlone_RVL_RAB_FOT_821_826.png,drivingAlone_RVL_RAB_FOT,821,826,0,0,1.6568597880219968,
Image_0_drivingAlone_RVL_RAB_FOT_822_1091.png,drivingAlone_RVL_RAB_FOT,822,1091,0,0,nan,
Image_0_drivingAlone_RVL_RAB_FOT_822_391.png,drivingAlone_RVL_RAB_FOT,822,391,0,0,1.7567767581460627,
Image_0_drivingAlone_RVL_RAB_FOT_822_591.png,drivingAlone_RVL_RAB_FOT,822,591,0,0,1.5023296934401813,
Image_0_drivingAlone_RVL_RAB_FOT_822_991.png,drivingAlone_RVL_RAB_FOT,822,991,0,0,1.4566715120928393,
Image_0_drivingAlone_RVL_RAB_FOT_823_1011.png,drivingAlone_RVL_RAB_FOT,823,1011,0,0,3.45533907326054,
Image_0_drivingAlone_RVL_RAB_FOT_823_611.png,drivingAlone_RVL_RAB_FOT,823,611,0,0,3.3200395285535835,
Image_0_drivingAlone_RVL_RAB_FOT_824_1216.png,drivingAlone_RVL_RAB_FOT,824,1216,0,0,2.7207109687442275,
Image_0_drivingAlone_RVL_RAB_FOT_824_1316.png,drivingAlone_RVL_RAB_FOT,824,1316,0,0,nan,
Image_0_drivingAlone_RVL_RAB_FOT_825_1086.png,drivingAlone_RVL_RAB_FOT,825,1086,0,0,2.933933833327964,
Image_0_drivingAlone_RVL_RAB_FOT_825_886.png,drivingAlone_RVL_RAB_FOT,825,886,0,0,2.7971575449250716,
Image_0_drivingAlone_RVL_RAB_FOT_826_1496.png,drivingAlone_RVL_RAB_FOT,826,1496,0,0,nan,
Image_0_drivingAlone_RVL_RAB_FOT_826_396.png,drivingAlone_RVL_RAB_FOT,826,396,0,0,4.09775469315267,
Image_0_drivingAlone_RVL_RAB_FOT_826_896.png,drivingAlone_RVL_RAB_FOT,826,896,0,0,3.6229696760280268,
Image_0_drivingAlone_RVL_RAB_FOT_828_601.png,drivingAlone_RVL_RAB_FOT,828,601,0,0,2.8288595719940375,
Image_0_drivingAlone_RVL_RAB_FOT_828_801.png,drivingAlone_RVL_RAB_FOT,828,801,0,0,2.945267084699453,
Image_0_drivingAlone_RVL_RAB_FOT_829_191.png,drivingAlone_RVL_RAB_FOT,829,191,0,0,3.858751909120591,
Image_0_drivingAlone_RVL_RAB_FOT_829_791.png,drivingAlone_RVL_RAB_FOT,829,791,0,0,nan,
Image_0_drivingAlone_RVL_RAB_FOT_830_1021.png,drivingAlone_RVL_RAB_FOT,830,1021,0,0,1.7414252162034551,
Image_0_drivingAlone_RVL_RAB_FOT_830_521.png,drivingAlone_RVL_RAB_FOT,830,521,0,0,1.7754005600061813,
Image_0_drivingAlone_RVL_RAB_FOT_830_821.png,drivingAlone_RVL_RAB_FOT,830,821,0,0,1.549546444781156,
Image_0_drivingAlone_RVL_RAB_FOT_830_921.png,drivingAlone_RVL_RAB_FOT,830,921,0,0,1.6013101318670118,
Image_0_drivingAlone_RVL_RAB_FOT_831_921.png,drivingAlone_RVL_RAB_FOT,831,921,0,0,2.5787969954130956,
Image_0_drivingAlone_RVL_RAB_FOT_832_581.png,drivingAlone_RVL_RAB_FOT,832,581,0,0,2.8285824273612112,
Image_0_drivingAlone_RVL_RAB_FOT_832_781.png,drivingAlone_RVL_RAB_FOT,832,781,0,0,2.8864764918435535,
Image_0_drivingAlone_RVL_RAB_FOT_833_1321.png,drivingAlone_RVL_RAB_FOT,833,1321,0,0,nan,
Image_0_drivingAlone_RVL_RAB_FOT_833_321.png,drivingAlone_RVL_RAB_FOT,833,321,0,0,3.3580948349721407,
Image_0_drivingAlone_RVL_RAB_FOT_833_521.png,drivingAlone_RVL_RAB_FOT,833,521,0,0,2.673845547839824,
Image_0_drivingAlone_RVL_RAB_FOT_833_721.png,drivingAlone_RVL_RAB_FOT,833,721,0,0,2.5379713635701613,
Image_0_drivingAlone_RVL_RAB_FOT_834_1021.png,drivingAlone_RVL_RAB_FOT,834,1021,0,0,3.4217925768969293,
Image_0_drivingAlone_RVL_RAB_FOT_834_421.png,drivingAlone_RVL_RAB_FOT,834,421,0,0,3.7589298725886717,
Image_0_drivingAlone_RVL_RAB_FOT_835_751.png,drivingAlone_RVL_RAB_FOT,835,751,0,0,3.125844638597389,
Image_0_drivingAlone_RVL_RAB_FOT_835_951.png,drivingAlone_RVL_RAB_FOT,835,951,0,0,3.098089631720418,
Image_0_drivingAlone_RVL_RAB_FOT_836_1041.png,drivingAlone_RVL_RAB_FOT,836,1041,0,0,2.461309326899993,
Image_0_drivingAlone_RVL_RAB_FOT_837_786.png,drivingAlone_RVL_RAB_FOT,837,786,0,0,2.2959202949920736,
Image_0_drivingAlone_RVL_RAB_FOT_838_1071.png,drivingAlone_RVL_RAB_FOT,838,1071,0,1,2.0278029905142327,
Image_0_drivingAlone_RVL_RAB_FOT_838_471.png,drivingAlone_RVL_RAB_FOT,838,471,0,0,2.0494132333000854,
Image_0_drivingAlone_RVL_RAB_FOT_839_386.png,drivingAlone_RVL_RAB_FOT,839,386,0,0,4.097701964007985,
Image_0_drivingAlone_RVL_RAB_FOT_840_311.png,drivingAlone_RVL_RAB_FOT,840,311,0,0,4.228215624387623,
Image_0_drivingAlone_RVL_RAB_FOT_840_411.png,drivingAlone_RVL_RAB_FOT,840,411,0,0,3.8012666852117967,
Image_0_drivingAlone_RVL_RAB_FOT_840_911.png,drivingAlone_RVL_RAB_FOT,840,911,0,0,3.4427113893054475,
Image_0_drivingAlone_RVL_RAB_FOT_841_1216.png,drivingAlone_RVL_RAB_FOT,841,1216,0,0,nan,
Image_0_drivingAlone_RVL_RAB_FOT_841_716.png,drivingAlone_RVL_RAB_FOT,841,716,0,0,2.017074636497057,
Image_0_drivingAlone_RVL_RAB_FOT_841_916.png,drivingAlone_RVL_RAB_FOT,841,916,0,0,1.9620481073002092,
Image_0_drivingAlone_RVL_RAB_FOT_842_1311.png,drivingAlone_RVL_RAB_FOT,842,1311,0,0,nan,
Image_0_drivingAlone_RVL_RAB_FOT_842_411.png,drivingAlone_RVL_RAB_FOT,842,411,0,0,3.5478611285578143,
Image_0_drivingAlone_RVL_RAB_FOT_843_1161.png,drivingAlone_RVL_RAB_FOT,843,1161,0,0,nan,
Image_0_drivingAlone_RVL_RAB_FOT_843_261.png,drivingAlone_RVL_RAB_FOT,843,261,0,0,2.7082858607423805,
Image_0_drivingAlone_RVL_RAB_FOT_843_561.png,drivingAlone_RVL_RAB_FOT,843,561,0,0,2.1055878899872464,
Image_0_drivingAlone_RVL_RAB_FOT_843_761.png,drivingAlone_RVL_RAB_FOT,843,761,0,0,2.054233148633513,
Image_0_drivingAlone_RVL_RAB_FOT_843_861.png,drivingAlone_RVL_RAB_FOT,843,861,0,0,2.0568384044270767,
Image_0_drivingAlone_RVL_RAB_FOT_844_326.png,drivingAlone_RVL_RAB_FOT,844,326,0,0,2.995569438037526,
Image_0_drivingAlone_RVL_RAB_FOT_845_1116.png,drivingAlone_RVL_RAB_FOT,845,1116,0,0,nan,
Image_0_drivingAlone_RVL_RAB_FOT_845_716.png,drivingAlone_RVL_RAB_FOT,845,716,0,0,1.5795863855374317,
Image_0_drivingAlone_RVL_RAB_FOT_846_1141.png,drivingAlone_RVL_RAB_FOT,846,1141,0,0,3.2867451871770124,
Image_0_drivingAlone_RVL_RAB_FOT_846_1341.png,drivingAlone_RVL_RAB_FOT,846,1341,0,0,nan,
Image_0_drivingAlone_RVL_RAB_FOT_846_441.png,drivingAlone_RVL_RAB_FOT,846,441,0,0,3.631625389162041,
Image_0_drivingAlone_RVL_RAB_FOT_846_641.png,drivingAlone_RVL_RAB_FOT,846,641,0,0,3.2931967634691084,
Image_0_drivingAlone_RVL_RAB_FOT_847_1031.png,drivingAlone_RVL_RAB_FOT,847,1031,0,0,2.560440451585787,
Image_0_drivingAlone_RVL_RAB_FOT_847_1231.png,drivingAlone_RVL_RAB_FOT,847,1231,0,0,2.4963272915015473,
Image_0_drivingAlone_RVL_RAB_FOT_847_1431.png,drivingAlone_RVL_RAB_FOT,847,1431,0,0,nan,
Image_0_drivingAlone_RVL_RAB_FOT_848_1026.png,drivingAlone_RVL_RAB_FOT,848,1026,0,0,3.254491341688246,
Image_0_drivingAlone_RVL_RAB_FOT_848_1426.png,drivingAlone_RVL_RAB_FOT,848,1426,0,0,nan,
Image_0_drivingAlone_RVL_RAB_FOT_848_826.png,drivingAlone_RVL_RAB_FOT,848,826,0,0,3.264448127586581,
Image_0_drivingAlone_RVL_RAB_FOT_849_1066.png,drivingAlone_RVL_RAB_FOT,849,1066,0,0,2.087557658088214,
Image_0_drivingAlone_RVL_RAB_FOT_849_466.png,drivingAlone_RVL_RAB_FOT,849,466,0,0,2.305820175111915,
Image_0_drivingAlone_RVL_RAB_FOT_849_766.png,drivingAlone_RVL_RAB_FOT,849,766,0,0,2.220260762532172,
Image_0_drivingAlone_RVL_RAB_FOT_850_1121.png,drivingAlone_RVL_RAB_FOT,850,1121,0,0,2.5094291912655313,
Image_0_drivingAlone_RVL_RAB_FOT_850_421.png,drivingAlone_RVL_RAB_FOT,850,421,0,0,2.8492422846619494,
Image_0_drivingAlone_RVL_RAB_FOT_850_921.png,drivingAlone_RVL_RAB_FOT,850,921,0,0,2.4584941516849392,
Image_0_drivingAlone_RVL_RAB_FOT_851_1176.png,drivingAlone_RVL_RAB_FOT,851,1176,0,0,nan,
Image_0_drivingAlone_RVL_RAB_FOT_851_376.png,drivingAlone_RVL_RAB_FOT,851,376,0,0,2.7020904994822024,
Image_0_drivingAlone_RVL_RAB_FOT_851_976.png,drivingAlone_RVL_RAB_FOT,851,976,0,0,2.39045970663398,
Image_0_drivingAlone_RVL_RAB_FOT_852_1326.png,drivingAlone_RVL_RAB_FOT,852,1326,0,0,nan,
Image_0_drivingAlone_RVL_RAB_FOT_852_426.png,drivingAlone_RVL_RAB_FOT,852,426,0,0,2.8206493863755284,
Image_0_drivingAlone_RVL_RAB_FOT_854_451.png,drivingAlone_RVL_RAB_FOT,854,451,0,0,3.356663068941687,
Image_0_drivingAlone_RVL_RAB_FOT_856_1101.png,drivingAlone_RVL_RAB_FOT,856,1101,0,0,nan,
Image_0_drivingAlone_RVL_RAB_FOT_857_236.png,drivingAlone_RVL_RAB_FOT,857,236,0,0,3.812249623607048,
Image_0_drivingAlone_RVL_RAB_FOT_857_336.png,drivingAlone_RVL_RAB_FOT,857,336,0,0,3.7231888298395663,
Image_0_drivingAlone_RVL_RAB_FOT_858_1491.png,drivingAlone_RVL_RAB_FOT,858,1491,0,0,nan,
Image_0_drivingAlone_RVL_RAB_FOT_858_791.png,drivingAlone_RVL_RAB_FOT,858,791,0,0,3.565257022894234,
Image_0_drivingAlone_RVL_RAB_FOT_858_891.png,drivingAlone_RVL_RAB_FOT,858,891,0,0,3.6025077492655297,
Image_0_drivingAlone_RVL_RAB_FOT_859_1456.png,drivingAlone_RVL_RAB_FOT,859,1456,0,0,nan,
Image_0_drivingAlone_RVL_RAB_FOT_859_656.png,drivingAlone_RVL_RAB_FOT,859,656,0,0,2.9774092235088228,
Image_0_drivingAlone_RVL_RAB_FOT_859_956.png,drivingAlone_RVL_RAB_FOT,859,956,0,0,3.014860498213478,
Image_0_drivingAlone_RVL_RAB_FOT_860_411.png,drivingAlone_RVL_RAB_FOT,860,411,0,0,3.1226507885617387,
Image_0_drivingAlone_RVL_RAB_FOT_861_921.png,drivingAlone_RVL_RAB_FOT,861,921,0,0,3.3795255470788192,
Image_0_drivingAlone_RVL_RAB_FOT_862_331.png,drivingAlone_RVL_RAB_FOT,862,331,0,0,3.8522503369660885,
Image_0_drivingAlone_RVL_RAB_FOT_862_531.png,drivingAlone_RVL_RAB_FOT,862,531,0,0,3.15822822630762,
Image_0_drivingAlone_RVL_RAB_FOT_862_831.png,drivingAlone_RVL_RAB_FOT,862,831,0,0,3.1771603904942713,
Image_43_drivingAlone_RVL_RAB_FOT_863_1286.png,drivingAlone_RVL_RAB_FOT,863,1286,43,0,nan,
Image_43_drivingAlone_RVL_RAB_FOT_863_1366.png,drivingAlone_RVL_RAB_FOT,863,1366,43,0,nan,
Image_43_drivingAlone_RVL_RAB_FOT_863_1391.png,drivingAlone_RVL_RAB_FOT,863,1391,43,0,nan,
Image_43_drivingAlone_RVL_RAB_FOT_863_1411.png,drivingAlone_RVL_RAB_FOT,863,1411,43,0,nan,
Image_43_drivingAlone_RVL_RAB_FOT_863_1426.png,drivingAlone_RVL_RAB_FOT,863,1426,43,0,nan,
Image_0_drivingAlone_RVL_RAB_FOT_864_491.png,drivingAlone_RVL_RAB_FOT,864,491,0,0,3.0085295052329943,
Image_0_drivingAlone_RVL_RAB_FOT_864_591.png,drivingAlone_RVL_RAB_FOT,864,591,0,0,2.9009791709140638,
Image_0_drivingAlone_RVL_RAB_FOT_864_991.png,drivingAlone_RVL_RAB_FOT,864,991,0,0,2.813067063886658,
Image_0_drivingAlone_RVL_RAB_FOT_866_1011.png,drivingAlone_RVL_RAB_FOT,866,1011,0,0,2.1828528125423845,
Image_0_drivingAlone_RVL_RAB_FOT_866_1111.png,drivingAlone_RVL_RAB_FOT,866,1111,0,0,nan,
Image_0_drivingAlone_RVL_RAB_FOT_867_1501.png,drivingAlone_RVL_RAB_FOT,867,1501,0,0,nan,
Image_0_drivingAlone_RVL_RAB_FOT_867_501.png,drivingAlone_RVL_RAB_FOT,867,501,0,0,3.5518085992183304,
Image_0_drivingAlone_RVL_RAB_FOT_868_1161.png,drivingAlone_RVL_RAB_FOT,868,1161,0,0,3.014433349560107,
Image_0_drivingAlone_RVL_RAB_FOT_868_661.png,drivingAlone_RVL_RAB_FOT,868,661,0,0,3.104934255611383,
Image_0_drivingAlone_RVL_RAB_FOT_869_316.png,drivingAlone_RVL_RAB_FOT,869,316,0,0,3.6780673859309374,
Image_0_drivingAlone_RVL_RAB_FOT_869_516.png,drivingAlone_RVL_RAB_FOT,869,516,0,0,2.8759828509042187,
Image_0_drivingAlone_RVL_RAB_FOT_869_616.png,drivingAlone_RVL_RAB_FOT,869,616,0,0,2.772235314825875,
Image_0_drivingAlone_RVL_RAB_FOT_870_426.png,drivingAlone_RVL_RAB_FOT,870,426,0,0,3.639588962348073,
Image_0_drivingAlone_RVL_RAB_FOT_871_1376.png,drivingAlone_RVL_RAB_FOT,871,1376,0,0,nan,
Image_0_drivingAlone_RVL_RAB_FOT_871_976.png,drivingAlone_RVL_RAB_FOT,871,976,0,0,2.9357268839429396,
Image_0_drivingAlone_RVL_RAB_FOT_872_1181.png,drivingAlone_RVL_RAB_FOT,872,1181,0,0,2.880422406173247,
Image_0_drivingAlone_RVL_RAB_FOT_872_1281.png,drivingAlone_RVL_RAB_FOT,872,1281,0,0,3.024525700101224,
Image_0_drivingAlone_RVL_RAB_FOT_872_881.png,drivingAlone_RVL_RAB_FOT,872,881,0,0,2.996987603029226,
Image_0_drivingAlone_RVL_RAB_FOT_873_311.png,drivingAlone_RVL_RAB_FOT,873,311,0,0,3.476888981715824,
Image_0_drivingAlone_RVL_RAB_FOT_873_811.png,drivingAlone_RVL_RAB_FOT,873,811,0,0,2.7153416883380004,
Image_0_drivingAlone_RVL_RAB_FOT_874_1431.png,drivingAlone_RVL_RAB_FOT,874,1431,0,0,nan,
Image_0_drivingAlone_RVL_RAB_FOT_875_626.png,drivingAlone_RVL_RAB_FOT,875,626,0,0,2.684728756743592,
Image_0_drivingAlone_RVL_RAB_FOT_875_726.png,drivingAlone_RVL_RAB_FOT,875,726,0,0,2.7209923929242326,
Image_0_drivingAlone_RVL_RAB_FOT_875_826.png,drivingAlone_RVL_RAB_FOT,875,826,0,0,2.824781881965852,
Image_0_drivingAlone_RVL_RAB_FOT_875_926.png,drivingAlone_RVL_RAB_FOT,875,926,0,0,2.892853279725488,
Image_0_drivingAlone_RVL_RAB_FOT_876_1446.png,drivingAlone_RVL_RAB_FOT,876,1446,0,0,nan,
Image_0_drivingAlone_RVL_RAB_FOT_876_946.png,drivingAlone_RVL_RAB_FOT,876,946,0,0,3.306583698463161,
Image_0_drivingAlone_RVL_RAB_FOT_877_856.png,drivingAlone_RVL_RAB_FOT,877,856,0,0,2.856068134994832,
Image_0_drivingAlone_RVL_RAB_FOT_878_1061.png,drivingAlone_RVL_RAB_FOT,878,1061,0,0,3.16351612040076,
Image_0_drivingAlone_RVL_RAB_FOT_878_1361.png,drivingAlone_RVL_RAB_FOT,878,1361,0,0,nan,
Image_0_drivingAlone_RVL_RAB_FOT_878_1461.png,drivingAlone_RVL_RAB_FOT,878,1461,0,0,nan,
Image_0_drivingAlone_RVL_RAB_FOT_878_261.png,drivingAlone_RVL_RAB_FOT,878,261,0,0,4.042084139883077,
Image_0_drivingAlone_RVL_RAB_FOT_878_761.png,drivingAlone_RVL_RAB_FOT,878,761,0,0,3.0215959699571497,
Image_0_drivingAlone_RVL_RAB_FOT_879_1341.png,drivingAlone_RVL_RAB_FOT,879,1341,0,0,nan,
Image_0_drivingAlone_RVL_RAB_FOT_879_541.png,drivingAlone_RVL_RAB_FOT,879,541,0,0,3.3405261042764716,
Image_0_drivingAlone_RVL_RAB_FOT_879_841.png,drivingAlone_RVL_RAB_FOT,879,841,0,0,3.047063765526138,
Image_0_drivingAlone_RVL_RAB_FOT_880_321.png,drivingAlone_RVL_RAB_FOT,880,321,0,0,4.151792083058593,
Image_0_drivingAlone_RVL_RAB_FOT_881_1021.png,drivingAlone_RVL_RAB_FOT,881,1021,0,0,1.854399509640827,
Image_0_drivingAlone_RVL_RAB_FOT_881_221.png,drivingAlone_RVL_RAB_FOT,881,221,0,0,2.3660576510054057,
Image_0_drivingAlone_RVL_RAB_FOT_881_521.png,drivingAlone_RVL_RAB_FOT,881,521,0,0,1.9371190468399124,
Image_0_drivingAlone_RVL_RAB_FOT_881_921.png,drivingAlone_RVL_RAB_FOT,881,921,0,0,1.8278157969134725,
Image_0_drivingAlone_RVL_RAB_FOT_882_1116.png,drivingAlone_RVL_RAB_FOT,882,1116,0,0,2.494288263703578,
Image_0_drivingAlone_RVL_RAB_FOT_882_416.png,drivingAlone_RVL_RAB_FOT,882,416,0,0,2.866323472349631,
Image_0_drivingAlone_RVL_RAB_FOT_882_816.png,drivingAlone_RVL_RAB_FOT,882,816,0,0,2.5625684807201248,
Image_0_drivingAlone_RVL_RAB_FOT_882_916.png,drivingAlone_RVL_RAB_FOT,882,916,0,0,2.553568943616832,
Image_0_drivingAlone_RVL_RAB_FOT_883_686.png,drivingAlone_RVL_RAB_FOT,883,686,0,0,2.74655751140798,
Image_0_drivingAlone_RVL_RAB_FOT_883_786.png,drivingAlone_RVL_RAB_FOT,883,786,0,0,2.8520798875106754,
Image_0_drivingAlone_RVL_RAB_FOT_883_986.png,drivingAlone_RVL_RAB_FOT,883,986,0,0,2.850028521274012,
Image_0_drivingAlone_RVL_RAB_FOT_884_1086.png,drivingAlone_RVL_RAB_FOT,884,1086,0,0,2.9394808162055694,
Image_0_drivingAlone_RVL_RAB_FOT_884_486.png,drivingAlone_RVL_RAB_FOT,884,486,0,0,3.109980673598785,
Image_0_drivingAlone_RVL_RAB_FOT_887_1041.png,drivingAlone_RVL_RAB_FOT,887,1041,0,0,2.9791134977594016,
Image_0_drivingAlone_RVL_RAB_FOT_887_1141.png,drivingAlone_RVL_RAB_FOT,887,1141,0,0,2.954871371563951,
Image_0_drivingAlone_RVL_RAB_FOT_887_1241.png,drivingAlone_RVL_RAB_FOT,887,1241,0,0,2.968645096401806,
Image_0_drivingAlone_RVL_RAB_FOT_887_1441.png,drivingAlone_RVL_RAB_FOT,887,1441,0,0,nan,
Image_0_drivingAlone_RVL_RAB_FOT_888_1101.png,drivingAlone_RVL_RAB_FOT,888,1101,0,0,3.56322869767199,
Image_0_drivingAlone_RVL_RAB_FOT_889_211.png,drivingAlone_RVL_RAB_FOT,889,211,0,0,2.6186846712243828,
Image_0_drivingAlone_RVL_RAB_FOT_889_411.png,drivingAlone_RVL_RAB_FOT,889,411,0,0,2.418264400753812,
Image_0_drivingAlone_RVL_RAB_FOT_889_611.png,drivingAlone_RVL_RAB_FOT,889,611,0,0,2.1392431451994955,
Image_0_drivingAlone_RVL_RAB_FOT_889_811.png,drivingAlone_RVL_RAB_FOT,889,811,0,0,2.1483821388456397,
Image_0_drivingAlone_RVL_RAB_FOT_889_911.png,drivingAlone_RVL_RAB_FOT,889,911,0,0,2.186526804574499,
Image_0_drivingAlone_RVL_RAB_FOT_891_311.png,drivingAlone_RVL_RAB_FOT,891,311,0,0,3.9163602336884136,
Image_0_drivingAlone_RVL_RAB_FOT_892_1071.png,drivingAlone_RVL_RAB_FOT,892,1071,0,0,2.822736764983437,
Image_0_drivingAlone_RVL_RAB_FOT_892_1271.png,drivingAlone_RVL_RAB_FOT,892,1271,0,0,nan,
Image_0_drivingAlone_RVL_RAB_FOT_893_1166.png,drivingAlone_RVL_RAB_FOT,893,1166,0,0,2.9145270339967064,
Image_0_drivingAlone_RVL_RAB_FOT_893_466.png,drivingAlone_RVL_RAB_FOT,893,466,0,0,3.151562971584079,
Image_0_drivingAlone_RVL_RAB_FOT_894_326.png,drivingAlone_RVL_RAB_FOT,894,326,0,0,3.4342918717242323,
Image_0_drivingAlone_RVL_RAB_FOT_894_426.png,drivingAlone_RVL_RAB_FOT,894,426,0,0,3.0493921094392373,
Image_0_drivingAlone_RVL_RAB_FOT_894_526.png,drivingAlone_RVL_RAB_FOT,894,526,0,0,2.8455718242400003,
Image_0_drivingAlone_RVL_RAB_FOT_894_626.png,drivingAlone_RVL_RAB_FOT,894,626,0,0,2.7898228224027948,
Image_0_drivingAlone_RVL_RAB_FOT_895_511.png,drivingAlone_RVL_RAB_FOT,895,511,0,0,3.510159720935352,
Image_0_drivingAlone_RVL_RAB_FOT_896_706.png,drivingAlone_RVL_RAB_FOT,896,706,0,0,1.1683456092698619,
Image_0_drivingAlone_RVL_RAB_FOT_897_1156.png,drivingAlone_RVL_RAB_FOT,897,1156,0,0,2.938110427902033,
Image_0_drivingAlone_RVL_RAB_FOT_897_756.png,drivingAlone_RVL_RAB_FOT,897,756,0,0,3.014898615759317,
Image_0_drivingAlone_RVL_RAB_FOT_898_286.png,drivingAlone_RVL_RAB_FOT,898,286,0,0,2.300864208290764,
Image_0_drivingAlone_RVL_RAB_FOT_898_486.png,drivingAlone_RVL_RAB_FOT,898,486,0,0,1.7810812636278923,
Image_0_drivingAlone_RVL_RAB_FOT_898_886.png,drivingAlone_RVL_RAB_FOT,898,886,0,0,1.6834701401739038,
Image_0_drivingAlone_RVL_RAB_FOT_899_1011.png,drivingAlone_RVL_RAB_FOT,899,1011,0,0,3.314900804607164,
Image_0_drivingAlone_RVL_RAB_FOT_899_211.png,drivingAlone_RVL_RAB_FOT,899,211,0,0,3.648373259117113,
Image_0_drivingAlone_RVL_RAB_FOT_899_311.png,drivingAlone_RVL_RAB_FOT,899,311,0,0,4.238178415400645,
Image_0_drivingAlone_RVL_RAB_FOT_901_1081.png,drivingAlone_RVL_RAB_FOT,901,1081,0,0,2.1397020303416965,
Image_0_drivingAlone_RVL_RAB_FOT_901_1181.png,drivingAlone_RVL_RAB_FOT,901,1181,0,0,2.159186646147312,
Image_0_drivingAlone_RVL_RAB_FOT_901_581.png,drivingAlone_RVL_RAB_FOT,901,581,0,0,2.248838353559913,
Image_0_drivingAlone_RVL_RAB_FOT_901_981.png,drivingAlone_RVL_RAB_FOT,901,981,0,0,2.1465550062426138,
Image_0_drivingAlone_RVL_RAB_FOT_902_1446.png,drivingAlone_RVL_RAB_FOT,902,1446,0,0,nan,
Image_0_drivingAlone_RVL_RAB_FOT_902_246.png,drivingAlone_RVL_RAB_FOT,902,246,0,0,3.955207086380657,
Image_0_drivingAlone_RVL_RAB_FOT_902_946.png,drivingAlone_RVL_RAB_FOT,902,946,0,0,3.0449081049934033,
Image_0_drivingAlone_RVL_RAB_FOT_903_1076.png,drivingAlone_RVL_RAB_FOT,903,1076,0,0,3.216180152551828,
Image_0_drivingAlone_RVL_RAB_FOT_903_1176.png,drivingAlone_RVL_RAB_FOT,903,1176,0,0,3.1979573156735923,
Image_0_drivingAlone_RVL_RAB_FOT_903_476.png,drivingAlone_RVL_RAB_FOT,903,476,0,0,3.443061656802369,
Image_0_drivingAlone_RVL_RAB_FOT_904_1096.png,drivingAlone_RVL_RAB_FOT,904,1096,0,0,2.911263875046053,
Image_0_drivingAlone_RVL_RAB_FOT_904_1196.png,drivingAlone_RVL_RAB_FOT,904,1196,0,0,2.922169249300368,
Image_0_drivingAlone_RVL_RAB_FOT_904_696.png,drivingAlone_RVL_RAB_FOT,904,696,0,0,2.779751700002043,
Image_0_drivingAlone_RVL_RAB_FOT_904_996.png,drivingAlone_RVL_RAB_FOT,904,996,0,0,2.878937486842914,
Image_0_drivingAlone_RVL_RAB_FOT_905_391.png,drivingAlone_RVL_RAB_FOT,905,391,0,0,2.749111839719532,
Image_0_drivingAlone_RVL_RAB_FOT_905_591.png,drivingAlone_RVL_RAB_FOT,905,591,0,0,2.3050118168097375,
Image_0_drivingAlone_RVL_RAB_FOT_905_691.png,drivingAlone_RVL_RAB_FOT,905,691,0,0,2.2180810195940035,
Image_0_drivingAlone_RVL_RAB_FOT_905_991.png,drivingAlone_RVL_RAB_FOT,905,991,0,0,2.303313999116073,
Image_0_drivingAlone_RVL_RAB_FOT_906_446.png,drivingAlone_RVL_RAB_FOT,906,446,0,0,3.3486979371854346,
Image_0_drivingAlone_RVL_RAB_FOT_906_546.png,drivingAlone_RVL_RAB_FOT,906,546,0,0,3.0974726027482156,
Image_0_drivingAlone_RVL_RAB_FOT_907_1126.png,drivingAlone_RVL_RAB_FOT,907,1126,0,0,2.3890048548366662,
Image_0_drivingAlone_RVL_RAB_FOT_907_1326.png,drivingAlone_RVL_RAB_FOT,907,1326,0,0,nan,
Image_0_drivingAlone_RVL_RAB_FOT_907_326.png,drivingAlone_RVL_RAB_FOT,907,326,0,0,3.2065570462108717,
Image_0_drivingAlone_RVL_RAB_FOT_907_726.png,drivingAlone_RVL_RAB_FOT,907,726,0,0,2.511232045391079,
Image_0_drivingAlone_RVL_RAB_FOT_910_1111.png,drivingAlone_RVL_RAB_FOT,910,1111,0,0,2.584734958262533,
Image_0_drivingAlone_RVL_RAB_FOT_910_511.png,drivingAlone_RVL_RAB_FOT,910,511,0,0,2.7292024488178326,
Image_0_drivingAlone_RVL_RAB_FOT_911_1316.png,drivingAlone_RVL_RAB_FOT,911,1316,0,0,nan,
Image_0_drivingAlone_RVL_RAB_FOT_911_416.png,drivingAlone_RVL_RAB_FOT,911,416,0,0,3.4242660755776893,
Image_0_drivingAlone_RVL_RAB_FOT_911_616.png,drivingAlone_RVL_RAB_FOT,911,616,0,0,3.201811485505294,
Image_0_drivingAlone_RVL_RAB_FOT_911_916.png,drivingAlone_RVL_RAB_FOT,911,916,0,0,3.010353157629913,
Image_0_drivingAlone_RVL_RAB_FOT_912_726.png,drivingAlone_RVL_RAB_FOT,912,726,0,0,3.141598767881889,
Image_0_drivingAlone_RVL_RAB_FOT_912_826.png,drivingAlone_RVL_RAB_FOT,912,826,0,0,3.166825166745502,
Image_0_drivingAlone_RVL_RAB_FOT_913_496.png,drivingAlone_RVL_RAB_FOT,913,496,0,0,2.8258330545700607,
Image_0_drivingAlone_RVL_RAB_FOT_913_696.png,drivingAlone_RVL_RAB_FOT,913,696,0,0,2.5804368326802534,
Image_0_drivingAlone_RVL_RAB_FOT_913_796.png,drivingAlone_RVL_RAB_FOT,913,796,0,0,2.6501240101214636,
Image_0_drivingAlone_RVL_RAB_FOT_914_1346.png,drivingAlone_RVL_RAB_FOT,914,1346,0,0,nan,
Image_0_drivingAlone_RVL_RAB_FOT_914_1446.png,drivingAlone_RVL_RAB_FOT,914,1446,0,0,nan,
Image_0_drivingAlone_RVL_RAB_FOT_914_346.png,drivingAlone_RVL_RAB_FOT,914,346,0,0,3.715375265548719,
Image_0_drivingAlone_RVL_RAB_FOT_915_391.png,drivingAlone_RVL_RAB_FOT,915,391,0,0,3.2654402800197797,
Image_0_drivingAlone_RVL_RAB_FOT_916_681.png,drivingAlone_RVL_RAB_FOT,916,681,0,0,3.6661057586771175,
Image_0_drivingAlone_RVL_RAB_FOT_917_651.png,drivingAlone_RVL_RAB_FOT,917,651,0,0,2.6798785283833704,
Image_0_drivingAlone_RVL_RAB_FOT_918_406.png,drivingAlone_RVL_RAB_FOT,918,406,0,0,3.7729385224474807,
Image_0_drivingAlone_RVL_RAB_FOT_919_1101.png,drivingAlone_RVL_RAB_FOT,919,1101,0,0,3.559825496331894,
Image_0_drivingAlone_RVL_RAB_FOT_920_1136.png,drivingAlone_RVL_RAB_FOT,920,1136,0,0,2.4679067739033935,
Image_0_drivingAlone_RVL_RAB_FOT_921_411.png,drivingAlone_RVL_RAB_FOT,921,411,0,0,3.9086480233763847,
Image_0_drivingAlone_RVL_RAB_FOT_922_1036.png,drivingAlone_RVL_RAB_FOT,922,1036,0,0,2.5162033909679304,
Image_0_drivingAlone_RVL_RAB_FOT_922_1336.png,drivingAlone_RVL_RAB_FOT,922,1336,0,0,nan,
Image_0_drivingAlone_RVL_RAB_FOT_922_1436.png,drivingAlone_RVL_RAB_FOT,922,1436,0,0,nan,
Image_0_drivingAlone_RVL_RAB_FOT_923_1181.png,drivingAlone_RVL_RAB_FOT,923,1181,0,0,2.9172038501640247,
Image_0_drivingAlone_RVL_RAB_FOT_924_256.png,drivingAlone_RVL_RAB_FOT,924,256,0,0,3.8289957007304594,
Image_0_drivingAlone_RVL_RAB_FOT_924_656.png,drivingAlone_RVL_RAB_FOT,924,656,0,0,2.918438402547637,
Image_0_drivingAlone_RVL_RAB_FOT_925_1056.png,drivingAlone_RVL_RAB_FOT,925,1056,0,0,3.0484322923860687,
Image_0_drivingAlone_RVL_RAB_FOT_925_1156.png,drivingAlone_RVL_RAB_FOT,925,1156,0,0,3.0252547266285443,
Image_0_drivingAlone_RVL_RAB_FOT_926_836.png,drivingAlone_RVL_RAB_FOT,926,836,0,0,1.8476585922426283,
Image_0_drivingAlone_RVL_RAB_FOT_928_416.png,drivingAlone_RVL_RAB_FOT,928,416,0,0,2.9441855795655716,
Image_0_drivingAlone_RVL_RAB_FOT_928_516.png,drivingAlone_RVL_RAB_FOT,928,516,0,0,2.6738322515291966,
Image_0_drivingAlone_RVL_RAB_FOT_929_171.png,drivingAlone_RVL_RAB_FOT,929,171,0,0,2.270050709503856,
Image_0_drivingAlone_RVL_RAB_FOT_929_271.png,drivingAlone_RVL_RAB_FOT,929,271,0,0,2.611308657733578,
Image_0_drivingAlone_RVL_RAB_FOT_929_571.png,drivingAlone_RVL_RAB_FOT,929,571,0,0,2.0744866999485962,
Image_0_drivingAlone_RVL_RAB_FOT_929_971.png,drivingAlone_RVL_RAB_FOT,929,971,0,0,1.9759056930647327,
Image_0_drivingAlone_RVL_RAB_FOT_930_1241.png,drivingAlone_RVL_RAB_FOT,930,1241,0,0,2.448023296699379,
Image_0_drivingAlone_RVL_RAB_FOT_930_641.png,drivingAlone_RVL_RAB_FOT,930,641,0,0,2.3794797097223848,
Image_0_drivingAlone_RVL_RAB_FOT_931_1341.png,drivingAlone_RVL_RAB_FOT,931,1341,0,0,nan,
Image_0_drivingAlone_RVL_RAB_FOT_932_1141.png,drivingAlone_RVL_RAB_FOT,932,1141,0,0,4.235522559064242,
Image_0_drivingAlone_RVL_RAB_FOT_932_1241.png,drivingAlone_RVL_RAB_FOT,932,1241,0,0,4.613057265681839,
Image_0_drivingAlone_RVL_RAB_FOT_932_241.png,drivingAlone_RVL_RAB_FOT,932,241,0,0,1.3166569357272309,
Image_0_drivingAlone_RVL_RAB_FOT_932_641.png,drivingAlone_RVL_RAB_FOT,932,641,0,0,1.419755215380282,
Image_0_drivingAlone_RVL_RAB_FOT_933_356.png,drivingAlone_RVL_RAB_FOT,933,356,0,0,3.722395754041168,
Image_0_drivingAlone_RVL_RAB_FOT_933_656.png,drivingAlone_RVL_RAB_FOT,933,656,0,0,3.019390346504359,
Image_0_drivingAlone_RVL_RAB_FOT_933_856.png,drivingAlone_RVL_RAB_FOT,933,856,0,0,3.1167483183909983,
Image_0_drivingAlone_RVL_RAB_FOT_933_956.png,drivingAlone_RVL_RAB_FOT,933,956,0,0,3.126871799575608,
Image_0_drivingAlone_RVL_RAB_FOT_934_1271.png,drivingAlone_RVL_RAB_FOT,934,1271,0,0,nan,
Image_0_drivingAlone_RVL_RAB_FOT_934_1371.png,drivingAlone_RVL_RAB_FOT,934,1371,0,0,nan,
Image_0_drivingAlone_RVL_RAB_FOT_934_671.png,drivingAlone_RVL_RAB_FOT,934,671,0,0,2.8722866729782544,
Image_0_drivingAlone_RVL_RAB_FOT_934_771.png,drivingAlone_RVL_RAB_FOT,934,771,0,0,2.831543925130749,
Image_0_drivingAlone_RVL_RAB_FOT_935_1436.png,drivingAlone_RVL_RAB_FOT,935,1436,0,0,nan,
Image_0_drivingAlone_RVL_RAB_FOT_935_436.png,drivingAlone_RVL_RAB_FOT,935,436,0,0,3.4603844729392916,
Image_0_drivingAlone_RVL_RAB_FOT_935_536.png,drivingAlone_RVL_RAB_FOT,935,536,0,0,3.2235161820191287,
Image_0_drivingAlone_RVL_RAB_FOT_935_636.png,drivingAlone_RVL_RAB_FOT,935,636,0,0,3.1865283750811617,
Image_0_drivingAlone_RVL_RAB_FOT_935_936.png,drivingAlone_RVL_RAB_FOT,935,936,0,0,3.204829103153499,
Image_0_drivingAlone_RVL_RAB_FOT_936_1121.png,drivingAlone_RVL_RAB_FOT,936,1121,0,1,nan,
Image_0_drivingAlone_RVL_RAB_FOT_936_921.png,drivingAlone_RVL_RAB_FOT,936,921,0,0,1.415801353093256,
Image_0_drivingAlone_RVL_RAB_FOT_937_1161.png,drivingAlone_RVL_RAB_FOT,937,1161,0,0,nan,
Image_0_drivingAlone_RVL_RAB_FOT_937_361.png,drivingAlone_RVL_RAB_FOT,937,361,0,0,2.731785897528659,
Image_0_drivingAlone_RVL_RAB_FOT_938_1436.png,drivingAlone_RVL_RAB_FOT,938,1436,0,0,nan,
Image_0_drivingAlone_RVL_RAB_FOT_938_1536.png,drivingAlone_RVL_RAB_FOT,938,1536,0,0,nan,
Image_0_drivingAlone_RVL_RAB_FOT_938_936.png,drivingAlone_RVL_RAB_FOT,938,936,0,0,3.2571682671854445,
Image_0_drivingAlone_RVL_RAB_FOT_939_1316.png,drivingAlone_RVL_RAB_FOT,939,1316,0,0,nan,
Image_0_drivingAlone_RVL_RAB_FOT_939_1416.png,drivingAlone_RVL_RAB_FOT,939,1416,0,0,nan,
Image_0_drivingAlone_RVL_RAB_FOT_939_816.png,drivingAlone_RVL_RAB_FOT,939,816,0,0,2.835914739414708,
Image_0_drivingAlone_RVL_RAB_FOT_939_916.png,drivingAlone_RVL_RAB_FOT,939,916,0,0,2.7960426870839354,
Image_0_drivingAlone_RVL_RAB_FOT_941_391.png,drivingAlone_RVL_RAB_FOT,941,391,0,0,3.8935306531678284,
Image_0_drivingAlone_RVL_RAB_FOT_941_791.png,drivingAlone_RVL_RAB_FOT,941,791,0,0,nan,
Image_0_drivingAlone_RVL_RAB_FOT_942_281.png,drivingAlone_RVL_RAB_FOT,942,281,0,0,3.6870509081471603,
Image_0_drivingAlone_RVL_RAB_FOT_942_381.png,drivingAlone_RVL_RAB_FOT,942,381,0,0,3.3620470795991935,
Image_0_drivingAlone_RVL_RAB_FOT_942_981.png,drivingAlone_RVL_RAB_FOT,942,981,0,0,2.81234896904728,
Image_0_drivingAlone_RVL_RAB_FOT_943_496.png,drivingAlone_RVL_RAB_FOT,943,496,0,0,2.813008049563778,
Image_0_drivingAlone_RVL_RAB_FOT_945_1376.png,drivingAlone_RVL_RAB_FOT,945,1376,0,0,nan,
Image_0_drivingAlone_RVL_RAB_FOT_945_576.png,drivingAlone_RVL_RAB_FOT,945,576,0,0,2.2223758487101977,
Image_0_drivingAlone_RVL_RAB_FOT_947_1406.png,drivingAlone_RVL_RAB_FOT,947,1406,0,0,nan,
Image_0_drivingAlone_RVL_RAB_FOT_947_206.png,drivingAlone_RVL_RAB_FOT,947,206,0,0,4.11407896833242,
Image_0_drivingAlone_RVL_RAB_FOT_947_306.png,drivingAlone_RVL_RAB_FOT,947,306,0,0,4.304501979377342,
Image_0_drivingAlone_RVL_RAB_FOT_947_606.png,drivingAlone_RVL_RAB_FOT,947,606,0,0,3.518945499782302,
Image_0_drivingAlone_RVL_RAB_FOT_948_1371.png,drivingAlone_RVL_RAB_FOT,948,1371,0,0,nan,
Image_0_drivingAlone_RVL_RAB_FOT_948_1471.png,drivingAlone_RVL_RAB_FOT,948,1471,0,0,nan,
Image_0_drivingAlone_RVL_RAB_FOT_949_1401.png,drivingAlone_RVL_RAB_FOT,949,1401,0,0,nan,
Image_0_drivingAlone_RVL_RAB_FOT_949_401.png,drivingAlone_RVL_RAB_FOT,949,401,0,0,3.2967325135551278,
Image_0_drivingAlone_RVL_RAB_FOT_949_701.png,drivingAlone_RVL_RAB_FOT,949,701,0,0,2.7625062251143833,
Image_0_drivingAlone_RVL_RAB_FOT_950_636.png,drivingAlone_RVL_RAB_FOT,950,636,0,0,nan,
Image_0_drivingAlone_RVL_RAB_FOT_951_1481.png,drivingAlone_RVL_RAB_FOT,951,1481,0,0,nan,
Image_0_drivingAlone_RVL_RAB_FOT_951_281.png,drivingAlone_RVL_RAB_FOT,951,281,0,0,3.5596282023807504,
Image_0_drivingAlone_RVL_RAB_FOT_951_581.png,drivingAlone_RVL_RAB_FOT,951,581,0,0,2.6389940402564847,
Image_0_drivingAlone_RVL_RAB_FOT_951_981.png,drivingAlone_RVL_RAB_FOT,951,981,0,0,2.7752285476229783,
Image_0_drivingAlone_RVL_RAB_FOT_953_1066.png,drivingAlone_RVL_RAB_FOT,953,1066,0,0,2.876050796042321,
Image_0_drivingAlone_RVL_RAB_FOT_953_866.png,drivingAlone_RVL_RAB_FOT,953,866,0,0,2.8504235300356227,
Image_0_drivingAlone_RVL_RAB_FOT_954_761.png,drivingAlone_RVL_RAB_FOT,954,761,0,0,2.8668426654775674,
Image_0_drivingAlone_RVL_RAB_FOT_956_1301.png,drivingAlone_RVL_RAB_FOT,956,1301,0,0,nan,
Image_0_drivingAlone_RVL_RAB_FOT_956_401.png,drivingAlone_RVL_RAB_FOT,956,401,0,0,3.7521795592563176,
Image_0_drivingAlone_RVL_RAB_FOT_957_226.png,drivingAlone_RVL_RAB_FOT,957,226,0,0,2.7670737861007417,
Image_0_drivingAlone_RVL_RAB_FOT_957_626.png,drivingAlone_RVL_RAB_FOT,957,626,0,0,2.2667663849205457,
Image_0_drivingAlone_RVL_RAB_FOT_957_726.png,drivingAlone_RVL_RAB_FOT,957,726,0,0,2.2836269990193423,
Image_0_drivingAlone_RVL_RAB_FOT_958_386.png,drivingAlone_RVL_RAB_FOT,958,386,0,0,2.4191265630085326,
Image_0_drivingAlone_RVL_RAB_FOT_959_1341.png,drivingAlone_RVL_RAB_FOT,959,1341,0,0,nan,
Image_0_drivingAlone_RVL_RAB_FOT_960_1301.png,drivingAlone_RVL_RAB_FOT,960,1301,0,0,nan,
Image_0_drivingAlone_RVL_RAB_FOT_960_701.png,drivingAlone_RVL_RAB_FOT,960,701,0,0,3.506461769561268,
Image_0_drivingAlone_RVL_RAB_FOT_960_901.png,drivingAlone_RVL_RAB_FOT,960,901,0,0,3.4914849423866126,
Image_0_drivingAlone_RVL_RAB_FOT_961_1321.png,drivingAlone_RVL_RAB_FOT,961,1321,0,0,nan,
Image_0_drivingAlone_RVL_RAB_FOT_961_321.png,drivingAlone_RVL_RAB_FOT,961,321,0,0,3.698162640448942,
Image_0_drivingAlone_RVL_RAB_FOT_961_821.png,drivingAlone_RVL_RAB_FOT,961,821,0,0,2.9701230664854705,
Image_0_drivingAlone_RVL_RAB_FOT_962_446.png,drivingAlone_RVL_RAB_FOT,962,446,0,0,3.2949571158241238,
Image_0_drivingAlone_RVL_RAB_FOT_963_191.png,drivingAlone_RVL_RAB_FOT,963,191,0,0,3.522433458643423,
Image_0_drivingAlone_RVL_RAB_FOT_963_491.png,drivingAlone_RVL_RAB_FOT,963,491,0,0,3.4830165876892583,
Image_0_drivingAlone_RVL_RAB_FOT_963_691.png,drivingAlone_RVL_RAB_FOT,963,691,0,0,3.186307997782926,
Image_0_drivingAlone_RVL_RAB_FOT_963_891.png,drivingAlone_RVL_RAB_FOT,963,891,0,0,3.2268794205421685,
Image_0_drivingAlone_RVL_RAB_FOT_964_301.png,drivingAlone_RVL_RAB_FOT,964,301,0,0,4.330723839485524,
Image_0_drivingAlone_RVL_RAB_FOT_964_601.png,drivingAlone_RVL_RAB_FOT,964,601,0,0,3.6006732971487203,
Image_0_drivingAlone_RVL_RAB_FOT_965_1306.png,drivingAlone_RVL_RAB_FOT,965,1306,0,0,nan,
Image_0_drivingAlone_RVL_RAB_FOT_965_406.png,drivingAlone_RVL_RAB_FOT,965,406,0,0,3.7200924658196097,
Image_0_drivingAlone_RVL_RAB_FOT_965_506.png,drivingAlone_RVL_RAB_FOT,965,506,0,0,3.4347665861408263,
Image_0_drivingAlone_RVL_RAB_FOT_966_431.png,drivingAlone_RVL_RAB_FOT,966,431,0,0,2.799922115512148,
Image_0_drivingAlone_RVL_RAB_FOT_966_531.png,drivingAlone_RVL_RAB_FOT,966,531,0,0,2.39352126650901,
Image_0_drivingAlone_RVL_RAB_FOT_967_316.png,drivingAlone_RVL_RAB_FOT,967,316,0,0,1.5324980404267974,
Image_0_drivingAlone_RVL_RAB_FOT_967_416.png,drivingAlone_RVL_RAB_FOT,967,416,0,0,1.341649153061943,
Image_0_drivingAlone_RVL_RAB_FOT_967_616.png,drivingAlone_RVL_RAB_FOT,967,616,0,0,1.071678373788096,
Image_0_drivingAlone_RVL_RAB_FOT_968_1161.png,drivingAlone_RVL_RAB_FOT,968,1161,0,0,nan,
Image_0_drivingAlone_RVL_RAB_FOT_969_1441.png,drivingAlone_RVL_RAB_FOT,969,1441,0,0,nan,
Image_0_drivingAlone_RVL_RAB_FOT_970_1321.png,drivingAlone_RVL_RAB_FOT,970,1321,0,0,nan,
Image_0_drivingAlone_RVL_RAB_FOT_970_721.png,drivingAlone_RVL_RAB_FOT,970,721,0,0,3.3730078958937106,
Image_0_drivingAlone_RVL_RAB_FOT_971_1041.png,drivingAlone_RVL_RAB_FOT,971,1041,0,0,3.309224039187269,
Image_0_drivingAlone_RVL_RAB_FOT_971_241.png,drivingAlone_RVL_RAB_FOT,971,241,0,0,4.037348268944092,
Image_0_drivingAlone_RVL_RAB_FOT_971_441.png,drivingAlone_RVL_RAB_FOT,971,441,0,0,3.6313122334957306,
Image_0_drivingAlone_RVL_RAB_FOT_971_741.png,drivingAlone_RVL_RAB_FOT,971,741,0,0,3.33049031809115,
Image_0_drivingAlone_RVL_RAB_FOT_972_1386.png,drivingAlone_RVL_RAB_FOT,972,1386,0,0,nan,
Image_0_drivingAlone_RVL_RAB_FOT_972_986.png,drivingAlone_RVL_RAB_FOT,972,986,0,0,3.4182068278886457,
Image_0_drivingAlone_RVL_RAB_FOT_973_691.png,drivingAlone_RVL_RAB_FOT,973,691,0,0,2.8275711437418884,
Image_0_drivingAlone_RVL_RAB_FOT_974_1191.png,drivingAlone_RVL_RAB_FOT,974,1191,0,0,nan,
Image_0_drivingAlone_RVL_RAB_FOT_974_191.png,drivingAlone_RVL_RAB_FOT,974,191,0,0,2.3123354230020787,
Image_0_drivingAlone_RVL_RAB_FOT_974_391.png,drivingAlone_RVL_RAB_FOT,974,391,0,0,2.3652012222091443,
Image_0_drivingAlone_RVL_RAB_FOT_974_891.png,drivingAlone_RVL_RAB_FOT,974,891,0,0,2.03431087730234,
Image_0_drivingAlone_RVL_RAB_FOT_974_991.png,drivingAlone_RVL_RAB_FOT,974,991,0,0,2.0753762947040055,
Image_0_drivingAlone_RVL_RAB_FOT_975_521.png,drivingAlone_RVL_RAB_FOT,975,521,0,0,2.47844440056632,
Image_0_drivingAlone_RVL_RAB_FOT_976_331.png,drivingAlone_RVL_RAB_FOT,976,331,0,0,4.0467160378397455,
Image_0_drivingAlone_RVL_RAB_FOT_976_631.png,drivingAlone_RVL_RAB_FOT,976,631,0,0,3.1697987560534786,
Image_0_drivingAlone_RVL_RAB_FOT_976_731.png,drivingAlone_RVL_RAB_FOT,976,731,0,0,3.3333727250042875,
Image_0_drivingAlone_RVL_RAB_FOT_978_1361.png,drivingAlone_RVL_RAB_FOT,978,1361,0,0,nan,
Image_0_drivingAlone_RVL_RAB_FOT_978_661.png,drivingAlone_RVL_RAB_FOT,978,661,0,0,2.936850860537276,
Image_0_drivingAlone_RVL_RAB_FOT_979_1206.png,drivingAlone_RVL_RAB_FOT,979,1206,0,0,2.650717554934195,
Image_0_drivingAlone_RVL_RAB_FOT_979_1406.png,drivingAlone_RVL_RAB_FOT,979,1406,0,0,nan,
Image_0_drivingAlone_RVL_RAB_FOT_979_906.png,drivingAlone_RVL_RAB_FOT,979,906,0,0,2.7130370494946283,
Image_0_drivingAlone_RVL_RAB_FOT_980_1356.png,drivingAlone_RVL_RAB_FOT,980,1356,0,0,nan,
Image_0_drivingAlone_RVL_RAB_FOT_980_956.png,drivingAlone_RVL_RAB_FOT,980,956,0,0,2.5338412565420385,
Image_0_drivingAlone_RVL_RAB_FOT_981_946.png,drivingAlone_RVL_RAB_FOT,981,946,0,0,2.5923356495720578,
Image_0_drivingAlone_RVL_RAB_FOT_982_1261.png,drivingAlone_RVL_RAB_FOT,982,1261,0,0,3.14597543374708,
Image_0_drivingAlone_RVL_RAB_FOT_982_1461.png,drivingAlone_RVL_RAB_FOT,982,1461,0,0,nan,
Image_0_drivingAlone_RVL_RAB_FOT_982_661.png,drivingAlone_RVL_RAB_FOT,982,661,0,0,2.9472689112420163,
Image_0_drivingAlone_RVL_RAB_FOT_982_761.png,drivingAlone_RVL_RAB_FOT,982,761,0,0,3.0070184371618405,
Image_0_drivingAlone_RVL_RAB_FOT_983_1346.png,drivingAlone_RVL_RAB_FOT,983,1346,0,0,nan,
Image_0_drivingAlone_RVL_RAB_FOT_983_646.png,drivingAlone_RVL_RAB_FOT,983,646,0,0,2.4201450851105166,
Image_0_drivingAlone_RVL_RAB_FOT_984_721.png,drivingAlone_RVL_RAB_FOT,984,721,0,0,2.592554959072685,
Image_0_drivingAlone_RVL_RAB_FOT_985_1361.png,drivingAlone_RVL_RAB_FOT,985,1361,0,0,nan,
Image_0_drivingAlone_RVL_RAB_FOT_985_561.png,drivingAlone_RVL_RAB_FOT,985,561,0,0,3.1082799301290684,
Image_0_drivingAlone_RVL_RAB_FOT_986_321.png,drivingAlone_RVL_RAB_FOT,986,321,0,0,3.4526184233456956,
Image_0_drivingAlone_RVL_RAB_FOT_987_1061.png,drivingAlone_RVL_RAB_FOT,987,1061,0,0,3.1586295010662027,
Image_0_drivingAlone_RVL_RAB_FOT_987_1161.png,drivingAlone_RVL_RAB_FOT,987,1161,0,0,3.1666687357890497,
Image_0_drivingAlone_RVL_RAB_FOT_987_1461.png,drivingAlone_RVL_RAB_FOT,987,1461,0,0,nan,
Image_0_drivingAlone_RVL_RAB_FOT_987_861.png,drivingAlone_RVL_RAB_FOT,987,861,0,0,3.2353094627124594,
Image_0_drivingAlone_RVL_RAB_FOT_988_1281.png,drivingAlone_RVL_RAB_FOT,988,1281,0,0,nan,
Image_0_drivingAlone_RVL_RAB_FOT_988_881.png,drivingAlone_RVL_RAB_FOT,988,881,0,0,2.8752085922186765,
Image_0_drivingAlone_RVL_RAB_FOT_989_1186.png,drivingAlone_RVL_RAB_FOT,989,1186,0,0,2.868702338465032,
Image_0_drivingAlone_RVL_RAB_FOT_989_286.png,drivingAlone_RVL_RAB_FOT,989,286,0,0,3.778565704911106,
Image_0_drivingAlone_RVL_RAB_FOT_989_986.png,drivingAlone_RVL_RAB_FOT,989,986,0,0,2.9229367362510765,
Image_0_drivingAlone_RVL_RAB_FOT_990_1036.png,drivingAlone_RVL_RAB_FOT,990,1036,0,0,3.2014904356076777,
Image_0_drivingAlone_RVL_RAB_FOT_990_736.png,drivingAlone_RVL_RAB_FOT,990,736,0,0,3.1619443411654924,
Image_0_drivingAlone_RVL_RAB_FOT_991_371.png,drivingAlone_RVL_RAB_FOT,991,371,0,0,3.335152389743195,
Image_0_drivingAlone_RVL_RAB_FOT_991_571.png,drivingAlone_RVL_RAB_FOT,991,571,0,0,2.856558096600689,
Image_0_drivingAlone_RVL_RAB_FOT_992_906.png,drivingAlone_RVL_RAB_FOT,992,906,0,0,1.685361943103167,
Image_0_drivingAlone_RVL_RAB_FOT_993_1101.png,drivingAlone_RVL_RAB_FOT,993,1101,0,0,2.8174552145585423,
Image_0_drivingAlone_RVL_RAB_FOT_993_701.png,drivingAlone_RVL_RAB_FOT,993,701,0,0,2.7663805479201686,
Image_0_drivingAlone_RVL_RAB_FOT_994_1256.png,drivingAlone_RVL_RAB_FOT,994,1256,0,0,3.075309008033903,
Image_0_drivingAlone_RVL_RAB_FOT_994_356.png,drivingAlone_RVL_RAB_FOT,994,356,0,0,3.809242072135394,
Image_0_drivingAlone_RVL_RAB_FOT_994_656.png,drivingAlone_RVL_RAB_FOT,994,656,0,0,3.157444570307777,
Image_0_drivingAlone_RVL_RAB_FOT_995_1166.png,drivingAlone_RVL_RAB_FOT,995,1166,0,0,2.4720958198169454,
Image_0_drivingAlone_RVL_RAB_FOT_995_866.png,drivingAlone_RVL_RAB_FOT,995,866,0,0,2.458447765251443,
Image_0_drivingAlone_RVL_RAB_FOT_996_266.png,drivingAlone_RVL_RAB_FOT,996,266,0,0,2.429223621967708,
Image_0_drivingAlone_RVL_RAB_FOT_996_366.png,drivingAlone_RVL_RAB_FOT,996,366,0,0,2.210462859736901,
Image_0_drivingAlone_RVL_RAB_FOT_996_466.png,drivingAlone_RVL_RAB_FOT,996,466,0,0,1.934857410486476,
Image_0_drivingAlone_RVL_RAB_FOT_997_1191.png,drivingAlone_RVL_RAB_FOT,997,1191,0,0,1.9415313604566906,
Image_0_drivingAlone_RVL_RAB_FOT_997_791.png,drivingAlone_RVL_RAB_FOT,997,791,0,0,2.0479673218548724,
Image_0_drivingAlone_RVL_RAB_FOT_998_1266.png,drivingAlone_RVL_RAB_FOT,998,1266,0,0,2.1663128238224356,
Image_0_drivingAlone_RVL_RAB_FOT_998_466.png,drivingAlone_RVL_RAB_FOT,998,466,0,0,2.3882129254425237,
Image_0_drivingAlone_RVL_RAB_FOT_999_1311.png,drivingAlone_RVL_RAB_FOT,999,1311,0,0,nan,
Image_0_drivingAlone_RVL_RAB_FOT_999_1411.png,drivingAlone_RVL_RAB_FOT,999,1411,0,0,nan,
Image_0_drivingAlone_RVL_RAB_FOT_999_311.png,drivingAlone_RVL_RAB_FOT,999,311,0,0,3.2915699755179073,
Image_0_drivingAlone_RVL_RAB_FOT_999_511.png,drivingAlone_RVL_RAB_FOT,999,511,0,0,2.593466986646849,
Image_0_drivingAlone_RVL_RAB_FOT_1000_1306.png,drivingAlone_RVL_RAB_FOT,1000,1306,0,0,nan,
Image_0_drivingAlone_RVL_RAB_FOT_1000_1406.png,drivingAlone_RVL_RAB_FOT,1000,1406,0,0,nan,
