name,group,ok,r_bar,coverage,n_r,n_dr,r_min,r_max,r_sd,r_p25,r_p75,dr_min,dr_max,dr_sd,dr_p25,dr_p75,err
roundabout_PCG_0,PCG,1,11.315717669562241,1.0,143,143,10.999935636631692,11.639296686615218,0.16662385443396965,11.197661943993014,11.416026947473892,-0.05526252848001256,0.042432116190234126,0.02458555184174869,-0.016492545992207397,0.019417926060814494,
roundabout_PCG_1,PCG,1,10.984466854654318,1.0,139,139,10.17457685875746,11.769194164558927,0.42636500357221935,10.59672533154541,11.35175190035449,-0.10745242938644672,0.12770738753977895,0.061307682258825026,-0.05040974837124246,0.06077517175522473,
roundabout_PCG_10,PCG,1,11.132714774392413,1.0,141,141,10.131634709804615,11.831033980829059,0.49871763616968035,10.765502200834465,11.537957634364107,-0.10877003697579646,0.1060367417742416,0.054582126690007754,-0.03983657702361931,0.04413355098860805,
roundabout_PCG_100,PCG,1,10.956473509743905,1.0,138,138,10.496739126609986,11.389986739427568,0.2282371708934859,10.786391074866975,11.108435688079854,-0.09270934537031472,0.05343621504208684,0.03310581618029621,-0.020197560648781643,0.024894832013858892,
roundabout_PCG_101,PCG,1,11.196745656383245,1.0,142,142,10.688756260589784,11.836604439996194,0.3249202157780528,10.901832509568273,11.447732611693606,-0.06109699339097041,0.07613875762420896,0.041379638965990555,-0.0381818639697622,0.03224918026662804,
roundabout_PCG_102,PCG,1,11.019669238367698,1.0,140,140,10.149533625189829,11.926598435943912,0.5425587605269159,10.535776496224994,11.51849769026946,-0.10286295415437685,0.09373722961856856,0.056576690837515174,-0.04625396590155706,0.043072590069483496,
roundabout_PCG_103,PCG,1,11.461775021009895,1.0,145,145,10.731582944035816,12.06135794376087,0.3676013075534827,11.169402902811516,11.8029167823348,-0.12991577649463082,0.09151090182265875,0.053123287473788104,-0.03561372727632062,0.03553716357729897,
roundabout_PCG_104,PCG,1,11.378710733524876,1.0,144,144,10.892969438508386,11.894802071155159,0.2503967485160703,11.225750854456852,11.578667587152548,-0.10102433849619175,0.05666934944822799,0.039544268973746195,-0.026916414821883006,0.03541023188217585,
roundabout_PCG_105,PCG,1,11.424531493602371,1.0,145,145,10.922236397018334,12.04333553742463,0.3071514532216281,11.174399128293974,11.676094464291895,-0.07427776243594941,0.09777860645652758,0.04370342798851006,-0.03487750411639645,0.03437310856753051,
roundabout_PCG_106,PCG,1,11.077843645918492,1.0,141,141,9.64300586785224,11.877933803985524,0.5967037398108048,10.710769587804021,11.64826643120229,-0.1519423291788815,0.14216955621448513,0.06502414552424553,-0.04834564501562788,0.045309615635243716,
roundabout_PCG_107,PCG,1,11.041974201126456,1.0,140,140,10.377003591661646,11.693690293062089,0.35323877941231363,10.792607118446373,11.29261060169457,-0.06322123223005605,0.1256977030011921,0.04805216035247154,-0.044918522784048065,0.028690569967979584,
roundabout_PCG_108,PCG,1,11.118497971116556,1.0,141,141,10.359736355781573,11.883649726141732,0.3905725879852474,10.840286966289312,11.402039674149156,-0.11575887025833964,0.08589296110712574,0.052470920767866074,-0.031654400026747354,0.04740418577368999,
roundabout_PCG_109,PCG,1,11.03180451437668,1.0,139,139,10.51138784964116,11.464158298367437,0.3068999806838471,10.747721249535939,11.311261157909922,-0.0959865702803615,0.08138592609130413,0.04011260387984789,-0.024857903923254376,0.026608148465491865,
roundabout_PCG_11,PCG,1,11.134852580044797,1.0,141,141,10.481800740246541,11.662403235845172,0.3309254672265941,10.844268012671357,11.352168950531066,-0.09646840557600811,0.07548986582866846,0.038742594799817245,-0.014378792366219528,0.01791548023609124,
roundabout_PCG_110,PCG,1,11.384400362448446,1.0,144,144,10.381464712184657,12.470942013090742,0.6026184019046108,10.953100148450345,11.854971508532806,-0.09622032059699848,0.12493533317633165,0.06610508559472993,-0.04981100036474828,0.05499689400650887,
roundabout_PCG_111,PCG,1,11.375265419766684,1.0,144,144,10.58644591136732,12.470800043754602,0.5594732144326041,10.87307303529506,11.888881962787945,-0.08951548283592992,0.11195128114742303,0.055026291162141756,-0.040263918027328316,0.04718564775617784,
roundabout_PCG_112,PCG,1,11.030256935466134,1.0,139,139,10.706723210876742,11.230901140061695,0.14565858540387056,10.89146138624941,11.15415901370679,-0.062016930796668035,0.03015816182901432,0.019287342865447765,-0.007195671014013527,0.011536991560445742,
roundabout_PCG_113,PCG,1,10.977621472901731,0.9145833333333333,131,130,9.581683262274932,12.807988791429617,0.8442312556184719,10.26122425045703,11.517879381076039,-0.4997961843989973,0.14492069225611992,0.1052578867077405,-0.06743371525628739,0.08923448673343781,
roundabout_PCG_114,PCG,1,10.968032496213471,1.0,139,139,10.21205928442386,11.476827032307138,0.34643694679231696,10.687577884845322,11.270915752182587,-0.07487887677678629,0.12082861295738745,0.040372278562469825,-0.023135730052748826,0.02422302865052295,
roundabout_PCG_115,PCG,1,11.25942741552103,1.0,143,143,10.289762751502673,12.32775408389911,0.5316769028000723,10.957179232999586,11.670310147294067,-0.08254009978535315,0.12087972063607211,0.05537346661310883,-0.05282520466549023,0.02574138883659227,
roundabout_PCG_116,PCG,1,11.314949167193719,1.0,144,144,10.118928003991464,12.432358915430223,0.6409640322872644,10.791178054278708,11.75922391657285,-0.16502284114483423,0.09821652006082715,0.07153954554704654,-0.046958079347712456,0.06269945135486399,
roundabout_PCG_117,PCG,1,11.109298705340292,1.0,140,140,10.6559539792149,11.696884412131146,0.276569263765067,10.87239872167398,11.281542533187189,-0.04636392339471307,0.06823362702857771,0.030906726706932265,-0.02411659392549348,0.016318017899767945,
roundabout_PCG_118,PCG,1,11.160794094874818,1.0,141,141,10.622500898959977,11.960732037700136,0.3613305509341102,10.84718758540408,11.405648512446303,-0.08070139540537902,0.08525520577034129,0.04107735729965925,-0.03090553276892294,0.02038652981921807,
roundabout_PCG_119,PCG,1,11.213540374870787,1.0,143,143,9.720139385402563,12.709451094452731,0.7718063106518271,10.618258035105026,11.833017130578028,-0.13344362841387536,0.1783211344250173,0.08088040836253714,-0.05103274071775932,0.0681578385391095,
roundabout_PCG_12,PCG,1,11.25063108520922,1.0,142,142,10.73414505474215,11.830028623154064,0.3042504272538635,11.022538367161976,11.49944720333183,-0.08654331930392622,0.053356371068961295,0.040637928613540666,-0.03095020297175033,0.036921797798814104,
roundabout_PCG_120,PCG,1,11.111931961416978,1.0,140,140,10.290023501999812,11.810591013127764,0.41117917483597277,10.787133416255838,11.430419835221432,-0.07635653500832973,0.09520663901381354,0.043546650555660586,-0.03402602824433876,0.03698635037195741,
roundabout_PCG_121,PCG,1,10.934947721509948,1.0,139,139,9.77132855830319,12.163820538012043,0.6124728457466203,10.430219648842485,11.345152977076328,-0.12095259794935131,0.1450953071893366,0.06843162380856734,-0.05642019407270826,0.05202823439901483,
roundabout_PCG_122,PCG,1,11.073691627262852,1.0,140,140,10.369177755892574,11.963908210462519,0.38189503306374556,10.833680061920472,11.386409540207756,-0.09912872145974916,0.10279976464896023,0.044859906539770435,-0.02501197413081213,0.03128130738061374,
roundabout_PCG_123,PCG,1,10.81103378714252,1.0,137,137,9.79101650497237,11.77183122118347,0.5407379457346703,10.399301461705262,11.281425981987379,-0.10215219520453722,0.1270325013941438,0.06017170724783884,-0.03691243824132151,0.057060922277266,
roundabout_PCG_124,PCG,1,11.378459993291148,1.0,145,145,10.21106216957064,12.629097703749082,0.566521784820738,10.968414373445436,11.728291116051977,-0.15220668794052905,0.1594226467327946,0.07541734472585992,-0.049779306110497856,0.05798152587221139,
roundabout_PCG_125,PCG,1,11.367814694443332,1.0,144,144,10.182845810846558,12.660802727961558,0.7513777596425331,10.720475671322546,12.069881085831703,-0.09200327157795485,0.14595207859004056,0.07232838179172817,-0.06546987346663258,0.058371253450685945,
roundabout_PCG_126,PCG,1,11.178660885325723,1.0,141,141,10.90903298047699,11.56635947630403,0.16317313605016234,11.040459927817915,11.279586235188223,-0.06829343134233845,0.038254125074269396,0.022238387542336428,-0.01009604227759553,0.013862851109676555,
roundabout_PCG_127,PCG,1,11.139590981345892,1.0,141,141,10.35739018126461,11.96162313172985,0.46940062083784007,10.75815000313271,11.458633384173062,-0.0945064492856531,0.1467467799748512,0.05832846449950871,-0.05355981893117878,0.04158487667433164,
roundabout_PCG_128,PCG,1,11.53535924438131,1.0,146,146,10.899070073107595,12.512730092699872,0.4381863010934599,11.185762794810694,11.868665924014394,-0.0935245877222215,0.09704724146400423,0.04648136744510006,-0.03539512030558534,0.03451651215077289,
roundabout_PCG_129,PCG,1,11.125862179351179,1.0,141,141,10.23526273812283,11.972477027060872,0.43235298643608333,10.92493929855018,11.40676316914718,-0.1266996149021704,0.07183004622205402,0.0556864596374075,-0.026366521731269188,0.04776751475275276,
roundabout_PCG_13,PCG,1,11.168414074430315,1.0,141,141,10.383821380132735,11.98885414740741,0.46514224440929275,10.776425990471441,11.557865314080042,-0.07785893511237951,0.09856663846331948,0.04764292041245381,-0.03826637727196136,0.03699590814802001,
roundabout_PCG_130,PCG,1,11.08788793412478,1.0,140,140,10.556846630008957,11.866541461093277,0.3872590597008345,10.731280345818552,11.362995072901349,-0.13683019310052558,0.07378401704652227,0.05251933842394689,-0.03756040682938622,0.04475087704148395,
roundabout_PCG_131,PCG,1,11.11510440572704,1.0,141,141,10.031995055204858,11.884540208032817,0.48537975251286836,10.845104414453928,11.49507104869917,-0.12217424090260387,0.16063703226753034,0.06684493419839609,-0.04710678917702893,0.042555553283548875,
roundabout_PCG_132,PCG,1,11.223478845008264,1.0,142,142,10.658489041986062,11.901586935676459,0.3235446176009973,10.991232607220006,11.475721920346224,-0.06605342860921048,0.07849662566786009,0.035702938062452685,-0.027647640050905586,0.02028060020724043,
roundabout_PCG_133,PCG,1,11.23220525854949,1.0,142,142,10.83172158829976,11.52610875989827,0.18861891503702752,11.093531804135319,11.391640410607337,-0.04993947129080212,0.05071643592298436,0.025420520794681097,-0.016577250048507963,0.01737078435559125,
roundabout_PCG_134,PCG,1,11.013841462809298,1.0,139,139,10.453904157516662,11.45111039395674,0.3189303178971988,10.757216815210674,11.296360003563379,-0.06799797736715973,0.08440333672542444,0.03910659540800829,-0.03974092561566067,0.03134363670879292,
roundabout_PCG_135,PCG,1,11.147520744970743,1.0,141,141,10.741578205791901,11.791375099684359,0.27067181910815835,10.905749671076459,11.310603412317091,-0.08101436803380047,0.07228396585964347,0.03361476963256327,-0.017246799269594604,0.023256034316315066,
roundabout_PCG_136,PCG,1,11.192386242120293,1.0,142,142,10.210022932468855,12.215263187620488,0.4417051933368625,10.961838800940317,11.410888233038166,-0.14884818775614939,0.1313813131515058,0.06111268451431201,-0.029487952894907465,0.039823664424379235,
roundabout_PCG_137,PCG,1,10.954626627173633,1.0,139,139,10.002440836270315,11.674563534904426,0.43933665715383335,10.602515351955386,11.307733192405607,-0.14945974503437753,0.09923698416899995,0.05490739757096071,-0.013525081974531616,0.029893622095110928,
roundabout_PCG_138,PCG,1,10.939521515796736,1.0,139,139,9.938654462015752,11.768073748500852,0.5223897914821533,10.463810903574718,11.34296379505124,-0.09907862698979208,0.12976115611470895,0.056703531112211124,-0.04490540555513256,0.030643344131481065,
roundabout_PCG_139,PCG,1,10.824976650838158,1.0,137,137,9.888077213076112,11.290459898650026,0.4261608602347443,10.43593688392468,11.197905876156243,-0.09178494133824167,0.10400116365913625,0.04811743220365083,-0.031777102829387616,0.023379033472068045,
roundabout_PCG_14,PCG,1,11.115523686564286,1.0,141,141,9.86975336024097,12.244621889279975,0.7097008773532788,10.531837704265683,11.710073097489056,-0.1382718565596921,0.12698233632225708,0.07249734002469073,-0.055502527904490506,0.05035140916348091,
roundabout_PCG_140,PCG,1,11.444840735997419,1.0,145,145,10.844865948341786,12.165130658644134,0.38074166302751977,11.07070749278265,11.741027791382926,-0.08541905678106865,0.12333814661885079,0.055545539960453715,-0.042618749492302044,0.041503390925889505,
roundabout_PCG_141,PCG,1,11.122873480068531,1.0,142,142,9.695874663204652,12.597147037566423,0.8445278864784908,10.368145724577436,11.827716293532987,-0.1187072426531639,0.17355371392354257,0.08453652252443,-0.06895566699171418,0.07366683803878704,
roundabout_PCG_142,PCG,1,11.270217327214436,1.0,142,142,10.663875433906355,11.601968908199416,0.23382627548144164,11.123371796371906,11.436518672976755,-0.06578525199854113,0.09909506692229364,0.030565424787996114,-0.016210102571327045,0.011796519345910639,
roundabout_PCG_143,PCG,1,11.34334474644753,1.0,144,144,10.352135297091362,12.151897078922573,0.4363934083510213,11.087334777098107,11.544841404633544,-0.11336904978948859,0.13643916371795584,0.05591608180144318,-0.025917237137122573,0.018734136244305866,
roundabout_PCG_144,PCG,1,11.034546755670746,1.0,140,140,10.390555662491352,12.040358520462298,0.40112757020507406,10.726115441221289,11.260455670193494,-0.14497791295496043,0.10865138554930454,0.05106287343114557,-0.02197231247514697,0.0257841209741132,
roundabout_PCG_145,PCG,1,11.458781690546509,1.0,145,145,10.491863289759088,12.200906743947337,0.44100364043967455,11.157462001189028,11.763300545896204,-0.15763455957164219,0.11063074635085002,0.058563394736167784,-0.032764379841294655,0.03877584962016023,
roundabout_PCG_146,PCG,1,10.978495183334221,1.0,139,139,9.816138844222772,12.018231662272933,0.5979139995158325,10.555085964217582,11.459991587738923,-0.18356379087461683,0.10499481487276263,0.0665150074245711,-0.046633284245278794,0.0411828519762123,
roundabout_PCG_147,PCG,1,11.10979445155975,1.0,140,140,10.230487270434125,11.888711027998202,0.45002562544933816,10.754567000242853,11.499878428341832,-0.07154567325527417,0.10275498493520452,0.04618823258245101,-0.04003816703202023,0.03021846081873658,
roundabout_PCG_148,PCG,1,10.957304791035677,1.0,139,139,9.503373591254196,11.947060683481807,0.6283245725593865,10.5190834823498,11.377681171085444,-0.2151955348363188,0.1423156377383421,0.07463256611498624,-0.04324316912989179,0.051496044017870446,
roundabout_PCG_149,PCG,1,10.85735633517446,1.0,137,137,9.982351455924261,11.553309478678592,0.4071645214047744,10.482434611644333,11.154901440385197,-0.10642469934008858,0.07339033689600605,0.04449179064293583,-0.03641688142539756,0.04163251991601946,
roundabout_PCG_15,PCG,1,11.079490864029575,1.0,141,141,9.361542083955605,12.820100521759233,0.9330485713423686,10.272903285449617,11.899316927393778,-0.14021441349236774,0.20358258551237363,0.09514897494764069,-0.06848694963109025,0.06695126359562664,
roundabout_PCG_150,PCG,1,11.342305307115014,1.0,143,143,10.993078135466133,11.857124107543074,0.23916568207258632,11.153012134263333,11.510362044691087,-0.04316655447467532,0.10520088689142781,0.03402370087939638,-0.027444670057110265,0.019999697409848416,
roundabout_PCG_151,PCG,1,11.405834123141695,1.0,144,144,11.076469684001195,11.838620663421128,0.22947750262502278,11.22689788745765,11.610835097342196,-0.04709506963856924,0.03917357213622097,0.02476728570022061,-0.01865614225737211,0.02320494113761873,
roundabout_PCG_152,PCG,1,11.264170637711935,0.9222222222222223,134,133,10.098447600658744,12.65603939176341,0.7519624721301101,10.594224039706104,11.920245258368075,-0.4998010721892854,0.19119563466458978,0.089658627387064,-0.05327562834554733,0.060967602782648456,
roundabout_PCG_153,PCG,1,11.22822723437178,1.0,142,142,10.135860894532414,12.372892899211173,0.5682717465847631,10.792346178961797,11.663139382842237,-0.09500244681800396,0.15634236749063746,0.06618909940494377,-0.0512779591290089,0.032876731058339104,
roundabout_PCG_154,PCG,1,11.090232099377769,1.0,141,141,9.790676603376474,12.34087087353562,0.7336824449385979,10.545144100402684,11.720939663222012,-0.15566019302164413,0.1198289198182021,0.07592427811877113,-0.06074433030142856,0.05294628431786741,
roundabout_PCG_155,PCG,1,11.15180303353183,1.0,141,141,10.621988703382653,11.657711839373563,0.23474970809803222,11.034823717463373,11.29508726256167,-0.10804844732028407,0.051192161380894774,0.03391199254806355,-0.018424098670930533,0.023397603943998035,
roundabout_PCG_156,PCG,1,11.223473343438636,1.0,142,142,10.496865405564122,12.166360745790806,0.4931789705137954,10.839720228848172,11.63870604071046,-0.07989017216186234,0.10086365731967284,0.051079784440997714,-0.04713881325950675,0.04474446379525521,
roundabout_PCG_157,PCG,1,11.34648638831577,1.0,144,144,10.476474765892728,12.03570443023114,0.3458031174123944,11.170939133535777,11.608297963124082,-0.11043780412619952,0.15702578572247106,0.054433219915417885,-0.032401641948636595,0.02832664031053511,
roundabout_PCG_158,PCG,1,11.280702612759946,1.0,143,143,10.137112256671921,12.349925518108844,0.5781997804215443,10.884831236090447,11.659264539740212,-0.1886035164019404,0.10016036521228244,0.07284797868700064,-0.03266958484879012,0.06182478547198311,
roundabout_PCG_159,PCG,1,11.154001912680373,1.0,142,142,9.738813582314792,12.079670294444798,0.6045662174658251,10.826607832702067,11.646146375338091,-0.14476527302595876,0.1433637819636182,0.06625080481864261,-0.05011855407408561,0.04489809664703692,
roundabout_PCG_16,PCG,1,11.17216110380348,1.0,141,141,10.808576095489217,11.664865636547946,0.22118348893529047,10.96438805324267,11.35896939766051,-0.055469678298258884,0.0931370691043405,0.0351036612532816,-0.029206427729993933,0.017781529408697594,
roundabout_PCG_160,PCG,1,10.902727879948685,1.0,138,138,10.554313722826812,11.399716739940937,0.2120223879793067,10.749262504953982,11.019213494904838,-0.054530611467507484,0.05948260655773474,0.028333706211555856,-0.02114181022614625,0.018745345390315027,
roundabout_PCG_161,PCG,1,11.1196766186323,1.0,141,141,10.341088119125265,11.614461972287353,0.3377072577275459,10.936717217031903,11.396178143822349,-0.0936249168352088,0.0722103146949582,0.03881465099753189,-0.02241465643387741,0.02659568514289745,
roundabout_PCG_162,PCG,1,11.002548912289125,1.0,139,139,9.793986699183058,11.897545777141714,0.559310964991944,10.52714574941546,11.461018790985625,-0.10360267944607138,0.136314583594908,0.05777097857082424,-0.05748958572770935,0.043521152339686786,
roundabout_PCG_163,PCG,1,11.07783068260255,1.0,140,140,10.600141062326058,11.693463224269566,0.29024815158628087,10.823788020709722,11.322728749011848,-0.06364726551107758,0.07365595476429121,0.034089058482969704,-0.020322948682625963,0.014183809461765673,
roundabout_PCG_164,PCG,1,10.93062428583548,1.0,139,139,10.00984594108678,11.809185305424549,0.4388210746077966,10.636963792198205,11.286077923326872,-0.11084509514125784,0.12149628659322431,0.05993895416222289,-0.03727682087782025,0.04022913161862718,
roundabout_PCG_165,PCG,1,11.037381349310197,1.0,141,141,9.719649207135523,12.290186042014989,0.6050213259749334,10.673151281746646,11.41001353125723,-0.17869560983872645,0.12789894306724747,0.07899843968130527,-0.04377699341834429,0.05546940744375739,
roundabout_PCG_166,PCG,1,11.110124314476648,1.0,140,140,10.346612632082289,11.918316294630017,0.44330441534547244,10.686678147946232,11.524910109281052,-0.07231865934274673,0.09158010041510423,0.04399136758258146,-0.04109560403777923,0.03408968115900102,
roundabout_PCG_167,PCG,1,10.981017107354061,1.0,139,139,10.28248170108072,11.700709891169728,0.3610038775702642,10.659019880683582,11.234180975766858,-0.11948807031650333,0.13729820140073912,0.0574326950492814,-0.040410070309246926,0.03864838544789073,
roundabout_PCG_168,PCG,1,11.379254969507867,1.0,144,144,10.837287735714556,12.042280014585106,0.27244082511946144,11.233806459333831,11.530113695378741,-0.0837358676790565,0.12010595491343423,0.04211250047508498,-0.019814968560637247,0.01991468801952978,
roundabout_PCG_169,PCG,1,10.91337681983524,1.0,138,138,10.128554261397639,11.487651819535634,0.3414844384288027,10.691550161562374,11.172087365864243,-0.13833563537769678,0.059673375332311096,0.04308303869762212,-0.021549147537199165,0.031321486719944946,
roundabout_PCG_17,PCG,1,11.078320117240283,1.0,140,140,9.966206787658585,11.814374848466226,0.4453242001130438,10.91092722242384,11.366059872617793,-0.1744841304810869,0.1172402628236604,0.05850176115541141,-0.029470500550040413,0.02769268993909524,
roundabout_PCG_170,PCG,1,11.42186716862941,1.0,145,145,10.713127001156863,12.181879111615238,0.35405618398653294,11.18788889592165,11.640937117211156,-0.07149045617044436,0.1549260337091809,0.05004965355925095,-0.040655385322793336,0.024941961796850265,
roundabout_PCG_171,PCG,1,11.173799134247576,0.9840277777777777,142,141,9.850361027680522,12.185567934056621,0.7250349992414304,10.537491398743269,11.76967830304867,-0.4997558824081114,0.14180872244285325,0.09138031548522867,-0.06308747951848837,0.05689207094296478,
roundabout_PCG_172,PCG,1,11.021022368680338,1.0,139,139,10.224791027179016,11.924096479691245,0.4384658728631419,10.633918706208057,11.333354829770002,-0.10269552541826954,0.09800013772905558,0.04771620068404924,-0.03620036218838596,0.029057769502891517,
roundabout_PCG_173,PCG,1,11.07117393302822,1.0,140,140,10.387735522335282,11.697024200924043,0.30249194521905626,10.86954739128697,11.252115251454105,-0.09564119783101432,0.08907887789181501,0.03942404000910501,-0.021460900391679694,0.01961284590819501,
roundabout_PCG_174,PCG,1,11.371010779527023,1.0,144,144,10.793785897641513,12.11202579507881,0.36756851395600154,11.096570463887211,11.65193043195545,-0.08261291600753928,0.08363137345984661,0.047138705399753386,-0.040683218987897174,0.041033854137924486,
roundabout_PCG_175,PCG,1,11.080107153486637,1.0,140,140,10.31148778865762,11.622895248741772,0.3188291054363767,10.897522946322534,11.303800904569863,-0.11137369978053968,0.10972569270174937,0.046740740394898846,-0.024346222432267695,0.026718461486603395,
roundabout_PCG_176,PCG,1,10.864938245729695,1.0,138,138,10.10868498430343,11.667512933362916,0.4086749366446958,10.55996133126947,11.179699720614082,-0.10883400718530645,0.10963940633411795,0.05402051898380253,-0.049064053841300304,0.04509112869853116,
roundabout_PCG_177,PCG,1,11.258584425877688,1.0,143,143,10.598710047033888,12.094944811126467,0.4155099478531426,10.957741010914003,11.575398481157045,-0.16415818293791773,0.06578114766765886,0.051202452515687,-0.024522167675588236,0.03813539744778893,
roundabout_PCG_178,PCG,1,11.289798304474084,1.0,143,143,10.781682037875436,11.957472638930806,0.3048632648755215,11.048327343353902,11.507933785889435,-0.09820750767245379,0.08810765281975286,0.042877575582005924,-0.02387814335869276,0.027663364078971853,
roundabout_PCG_179,PCG,1,11.348727697810947,1.0,145,145,9.658553761419263,12.80741703015963,0.9567011103284746,10.538061986469641,12.218465113964182,-0.17239907722836456,0.1523987380213594,0.09405703926267164,-0.06978250785271456,0.08947874524521815,
roundabout_PCG_18,PCG,1,11.047154705522221,1.0,140,140,10.47197527848889,11.657241799163401,0.2862221644249565,10.839407001562433,11.210715075588485,-0.06560796318203721,0.0754114521876037,0.035967749736095914,-0.03387623736788736,0.025297431843850138,
roundabout_PCG_180,PCG,1,11.011873650233996,1.0,139,139,10.131452300390004,11.654842422142057,0.39307763650519345,10.808553464215723,11.339089545262063,-0.1408365566184031,0.08648195459215025,0.04846580074941556,-0.02273628428652863,0.03236864744517032,
roundabout_PCG_181,PCG,1,11.243258502144599,1.0,142,142,10.780070367915028,11.972573649134526,0.2992030430533184,11.002910718984205,11.396077907102352,-0.0538662710908433,0.11551412565985153,0.036615513733628285,-0.02427189124094653,0.00889171958237256,
roundabout_PCG_182,PCG,1,11.30502626973907,1.0,143,143,10.433064272497948,12.073604704925174,0.4155442658516401,10.997309700348627,11.599186160242095,-0.10450721131177332,0.08514004334973357,0.04523163753611432,-0.027984195906136655,0.03338317858019124,
roundabout_PCG_183,PCG,1,11.111384715316916,1.0,141,141,9.688538238599058,12.025361046214998,0.677962277738085,10.580720101536482,11.668817471356043,-0.14493308319150877,0.15950384043765453,0.07187687079941825,-0.055430411850650785,0.03867912324095535,
roundabout_PCG_184,PCG,1,11.126788716472324,1.0,140,140,10.754728089613378,11.469049348230856,0.18571320297478766,11.007622238972365,11.23940587621316,-0.04016924758860796,0.05592985657511562,0.023956941074270887,-0.020811765319749487,0.019785205932830063,
roundabout_PCG_185,PCG,1,11.309727158696095,1.0,143,143,10.734354335739857,11.715488064002484,0.2896167421488478,11.077617085445347,11.54158426644854,-0.10996259073916193,0.06154065453045021,0.037917047880471365,-0.022343952425188718,0.0272625296780733,
roundabout_PCG_186,PCG,1,11.164290750830284,1.0,141,141,10.944899163867781,11.48652760741997,0.15958822673542367,11.018905199348975,11.297453052363466,-0.03870661197957581,0.03156467060741264,0.019644729819868055,-0.01605328558439645,0.01527546667619717,
roundabout_PCG_187,PCG,1,11.233213127857645,1.0,142,142,10.866748602276212,11.762624561675953,0.2650235827366734,10.997972896507358,11.423232655077621,-0.06408015860350247,0.0609126587049289,0.03381601662569104,-0.028827808838984836,0.025601012960877245,
roundabout_PCG_188,PCG,1,11.412469068692081,1.0,145,145,10.099661129937134,12.763300918987593,0.7507779284015113,10.88235363822582,12.021364590351302,-0.16778333159583347,0.10760435387099676,0.07985807567681874,-0.0406539100665988,0.06134664777590437,
roundabout_PCG_189,PCG,1,10.991624733921519,1.0,139,139,10.443137018149235,11.407502356006786,0.23748165663421666,10.859083626830413,11.138422727137781,-0.06731235004215108,0.06501656547332857,0.028797618062965616,-0.015364672479958763,0.016543322320563547,
roundabout_PCG_19,PCG,1,11.170246281969588,1.0,141,141,10.685269237368926,11.617162012400616,0.24142586262288118,10.993638030396061,11.337041173026076,-0.06834616983655017,0.04518330824965844,0.026929185415093846,-0.01979399883838262,0.019881035007383474,
roundabout_PCG_190,PCG,1,10.330197947161208,0.7416666666666667,104,103,7.86865185184648,14.623466609807638,2.0546609126397763,8.537687136816865,12.087212931068956,-0.20692361726905517,0.22234085426865668,0.14595259486438045,-0.09301547313076508,0.17319607046180963,
roundabout_PCG_191,PCG,1,11.34179410505028,1.0,143,143,10.968950628706173,11.659993399312286,0.17946365687787122,11.240314990528805,11.491350343976704,-0.0499673028362988,0.06968139720083677,0.028585271124182358,-0.01985209657618192,0.018679707723618044,
roundabout_PCG_192,PCG,1,11.084734910774017,1.0,140,140,10.26027836170286,11.898451374550326,0.3912508274844566,10.838222989009326,11.384593714323769,-0.06928282340038017,0.13468936372283302,0.05097337820733849,-0.0448926894305548,0.0221757363252153,
roundabout_PCG_193,PCG,1,11.145042867686259,1.0,141,141,10.566674127171588,11.846212714990244,0.34099503852128066,10.847014688666308,11.428073508848998,-0.07009453450853798,0.08151885433124662,0.0360143078981775,-0.030344275580763025,0.022061264264207736,
roundabout_PCG_194,PCG,1,11.408198420729228,1.0,144,144,10.752360252563383,12.087943634928324,0.3534185434192368,11.158592559403722,11.713245755258038,-0.062262225225643064,0.10784642125993038,0.04938016142935379,-0.04616900116253975,0.04301085202951427,
roundabout_PCG_195,PCG,1,10.99090594915269,1.0,139,139,10.284992605780408,11.559943802924083,0.3154919807886703,10.769918973504705,11.26265381501941,-0.08293048345100473,0.10755495656128566,0.04129978263223334,-0.028061024211320174,0.028632296608161134,
roundabout_PCG_196,PCG,1,11.224426473412066,1.0,142,142,10.664743157353573,11.756139243746121,0.26913256947178116,11.056849831771839,11.450257704308424,-0.054071292438198526,0.06756227182507146,0.029317167123909076,-0.021087064023926683,0.014677040143197928,
roundabout_PCG_197,PCG,1,11.20959609721717,1.0,142,142,10.706562140683477,11.657011807942437,0.27460536000955,10.983416999451956,11.465392831554883,-0.07544099858756681,0.10572174569959358,0.049414049032595275,-0.04614716578809519,0.03919349381737147,
roundabout_PCG_198,PCG,1,10.986541966244339,1.0,139,139,9.862166571631336,12.043821400675332,0.6711468089433483,10.408349785140013,11.637700855318108,-0.13855292902563043,0.12170181430168903,0.07050959113604671,-0.05082237865272177,0.05605506209932365,
roundabout_PCG_199,PCG,1,11.1957863792684,1.0,142,142,10.232399669774939,12.27422291615139,0.47386430350373926,10.903740361026792,11.513438188770753,-0.12940868897497992,0.12225133732445315,0.05877633945320465,-0.028168931184760382,0.034997154149620346,
roundabout_PCG_2,PCG,1,11.256430298609665,1.0,142,142,10.616760114414143,11.973064924604362,0.3782099707977244,10.952649436422805,11.491500543900111,-0.07683136878175922,0.10783589062277166,0.04636183616357877,-0.041209345287523735,0.0386352402464869,
roundabout_PCG_20,PCG,1,11.325138968187103,1.0,143,143,10.765081715610544,11.992219140592734,0.33186355940670265,11.110355464292269,11.542720930827649,-0.07914286363126699,0.08815101076618959,0.04370032030346351,-0.03275117168081376,0.035017477770746375,
roundabout_PCG_200,PCG,1,10.905115686456377,1.0,139,139,9.624470168689683,11.900771222332606,0.646415868942373,10.40235904207474,11.373948575428894,-0.1582912214882608,0.14187496587650905,0.07199838936009353,-0.05575826111499271,0.04475164312171476,
roundabout_PCG_201,PCG,1,10.886458446748128,1.0,138,138,10.41255034026761,11.275437035330217,0.227943439553725,10.694571301662037,11.066587312177738,-0.05811479955672283,0.09107040334047767,0.03726921580822159,-0.02899974260921212,0.014032451402442803,
roundabout_PCG_202,PCG,1,11.256591241732686,1.0,143,143,10.24370330518707,12.228333955619854,0.42503268141384987,10.97084755813683,11.486592301963086,-0.13124216752940754,0.12885366486632677,0.05822234896768322,-0.022308227271286007,0.02631567621061759,
roundabout_PCG_203,PCG,1,10.886338568091967,1.0,138,138,10.117905464775662,11.736880676608484,0.40578111450096777,10.623071243756042,11.138000093908776,-0.14566812903024662,0.09450543002552436,0.052642019251346914,-0.0321190267615723,0.041255580438869455,
roundabout_PCG_204,PCG,1,11.093679344715811,1.0,141,141,10.065966342621136,11.791803006582796,0.49099595176836947,10.738807064470237,11.553265513429999,-0.09695736364599838,0.1360186712396576,0.05500304555155438,-0.03514072335848084,0.030571569287298317,
roundabout_PCG_205,PCG,1,10.96409139089791,1.0,138,138,10.633746822304726,11.330661008223098,0.1965382533744371,10.799262418810468,11.133539859508208,-0.046265152992511105,0.05012786931050428,0.024118954979935197,-0.01888762325957316,0.020355956525601737,
roundabout_PCG_206,PCG,1,10.80573423650098,1.0,136,136,10.529686400428107,11.130961345220943,0.1629268870298779,10.674405059818511,10.944247688026753,-0.0605611470012235,0.046308870901967225,0.021969686314454336,-0.013377907422924551,0.011700293134720763,
roundabout_PCG_207,PCG,1,11.268350976188211,1.0,143,143,10.594216191835399,11.96870738898246,0.37577883668919226,10.97655548705116,11.49680805557417,-0.11513904011093778,0.08851730289143944,0.04945671179126994,-0.0218909132834737,0.03729496616601491,
roundabout_PCG_208,PCG,1,10.704579498847064,0.7520833333333333,110,109,7.390831963880619,13.82190488193611,1.9393576907757089,9.055897956153922,12.32931821274625,-0.49628008514480726,0.24482738440967644,0.1331674499285516,-0.0992743388051398,0.11438640982638759,
roundabout_PCG_209,PCG,1,11.101092459764573,1.0,141,141,9.687114644616015,12.34137321855425,0.7578792109826249,10.42804497705117,11.822602037683406,-0.11200691894996062,0.18931422248173746,0.07753510677579947,-0.06096856942121498,0.05133874854968212,
roundabout_PCG_21,PCG,1,11.072712889584704,1.0,140,140,10.22303910083215,11.688949309866262,0.415571732107977,10.750435480592264,11.47518605952346,-0.09321672494798428,0.08265268814839466,0.04271325786436575,-0.028038592339741708,0.03647194209122295,
roundabout_PCG_210,PCG,1,11.265520176198503,1.0,142,142,10.86156500548677,11.656623893937569,0.24815494161223828,11.032683059722757,11.509670242100462,-0.07040874266796493,0.05521833476050375,0.033809221005325574,-0.026753936851631188,0.02887763454715575,
roundabout_PCG_211,PCG,1,11.15124395477237,1.0,142,142,9.839307165011789,12.470217010467065,0.7068100381326196,10.73017507885559,11.66440589950979,-0.14909774127258224,0.13515931956774985,0.07784953671197771,-0.04984774325360952,0.053130829208427155,
roundabout_PCG_212,PCG,1,10.987618864536477,1.0,139,139,9.975144554836772,11.758858155290058,0.4763855683250365,10.70243446613086,11.338133098122642,-0.12532634300101897,0.14417792953978292,0.06371563823982201,-0.04338441096802814,0.0458529484166581,
roundabout_PCG_213,PCG,1,11.029047367550183,1.0,139,139,10.718621428558627,11.554594947839634,0.21320830180287598,10.857796826816092,11.128459187072949,-0.055740575710721885,0.07314288907865674,0.02973354741532004,-0.024939474800148353,0.018144890413703152,
roundabout_PCG_214,PCG,1,11.161877133800456,1.0,141,141,10.820214196312186,11.475978565030752,0.19108721872130735,11.016628222207313,11.342717151467733,-0.06463064497588533,0.05533849608598729,0.027870025234558095,-0.01702187256669596,0.020274714335593913,
roundabout_PCG_215,PCG,1,11.059255261811268,1.0,141,141,9.51710421983999,12.173608993510188,0.6857068133195849,10.548145953290051,11.646706628594629,-0.16867861781985205,0.15766308283566666,0.07442708954560334,-0.059755211831257427,0.05157421310857302,
roundabout_PCG_216,PCG,1,11.351593781023261,1.0,143,143,10.708038704235213,11.69476147764592,0.22686042338912185,11.221573880484058,11.5253431606635,-0.0651317079844187,0.10435230618445779,0.03242947380372815,-0.022492886845382642,0.015628552884916935,
roundabout_PCG_217,PCG,1,11.447469758914682,1.0,145,145,10.669693455873567,12.309266561364995,0.4102200740241163,11.123998567487588,11.782686627447287,-0.07512743953880907,0.07610992405885142,0.04203684949564024,-0.037621948932068605,0.030734454721962123,
roundabout_PCG_218,PCG,1,11.132119650082155,1.0,141,141,10.065039281475569,12.198742394466779,0.5136434354533039,10.746231933984884,11.463065277329997,-0.13651685885876397,0.14112610923591973,0.06392309050229981,-0.040402308083963945,0.03975422150697838,
roundabout_PCG_219,PCG,1,11.324769199563507,1.0,144,144,10.5048537084674,12.659002673361103,0.6356679807565901,10.83440811454242,11.709459576480217,-0.200302626383273,0.1636164512779157,0.08192886923412059,-0.04864436248296711,0.05322640926934552,
roundabout_PCG_22,PCG,1,11.44102205911126,0.8125,127,126,8.68877411994239,13.690734857073862,1.4737328822268825,10.630184185481264,12.869347145479535,-0.4972802403613823,0.1959623944759148,0.14260914784024614,-0.10489239580051724,0.12199059525520273,
roundabout_PCG_220,PCG,1,11.272906927355757,1.0,143,143,10.439313944916801,12.055898514849419,0.35214358078336566,11.08583959670938,11.418037622648757,-0.10096616209530929,0.10534462072805972,0.04318052498343571,-0.023577816487603265,0.013606149141581092,
roundabout_PCG_221,PCG,1,11.292829163378896,1.0,143,143,10.300518707050355,12.053386982166431,0.40459050391177553,11.085324119909023,11.610546140439997,-0.1489356859419697,0.07647722536069246,0.04872340988464223,-0.027174787912607634,0.03727280688015089,
roundabout_PCG_222,PCG,1,11.398222778233828,1.0,144,144,10.730230709426365,12.281186686692505,0.4392735979077639,11.090585821780891,11.716593790765302,-0.07705506286579755,0.12903343605633566,0.05029386675430328,-0.032518666983096356,0.021966350502208964,
roundabout_PCG_223,PCG,1,11.107851968095058,1.0,140,140,10.825739877035414,11.434874213715123,0.15531123804024832,10.991612291978129,11.214089591178166,-0.04147829646913337,0.02843287731954547,0.01884579910780725,-0.013025574166479092,0.015474557944424205,
roundabout_PCG_224,PCG,1,11.077580895244214,1.0,140,140,10.329100241190284,11.730940129814629,0.4287731682499066,10.687363419330786,11.469306224659169,-0.10771264001257919,0.07532433634111158,0.047405106616216185,-0.029590712835374955,0.03298151159692386,
roundabout_PCG_225,PCG,1,11.089202621772355,1.0,141,141,10.174017130171826,11.819624549603132,0.4237227291937161,10.815633585387669,11.41581169546918,-0.17132046882192142,0.08745985476557827,0.05784727882198404,-0.03672958006997007,0.04015815984495852,
roundabout_PCG_226,PCG,1,11.209901455099994,1.0,142,142,10.495785104469912,11.902071738079036,0.4603418807401163,10.774699540001318,11.653234204774996,-0.07746101046379295,0.07100286633417774,0.04285441184042649,-0.037776639269198053,0.03797760072654688,
roundabout_PCG_227,PCG,1,11.039716393278793,1.0,140,140,9.935930173363523,12.092718770472615,0.5819317297631195,10.630832011878578,11.431118518387017,-0.1788336435045359,0.12562685155795705,0.07455194370538619,-0.03075043389155052,0.05078166917811755,
roundabout_PCG_228,PCG,1,11.333769476891757,1.0,143,143,10.69686379243138,11.977993175336067,0.33323777178828917,11.079564511272512,11.582586854154538,-0.060464334246331575,0.13048432630417217,0.04361096875423049,-0.03230859423207111,0.028203948772020482,
roundabout_PCG_229,PCG,1,11.06252700499668,1.0,140,140,10.650726969543197,11.520832970701985,0.2287886004951087,10.877199463379824,11.238458330570573,-0.047378188423129686,0.07134576012935412,0.02676373268579942,-0.016687858388295673,0.016407525874950757,
roundabout_PCG_23,PCG,1,11.302764173288613,1.0,143,143,10.15682801886542,12.174731640028359,0.5077363644436005,10.928540257944857,11.674884894587587,-0.18565456618145149,0.08047413805080694,0.06246850661523298,-0.034424714329402306,0.05294221523832299,
roundabout_PCG_230,PCG,1,11.219078129062755,1.0,142,142,10.665483947734069,11.911478311669066,0.3314549963474087,10.92593546596075,11.457252249999154,-0.08172305046377915,0.08378813882656466,0.044040869483124044,-0.037476847961268156,0.035088261669538046,
roundabout_PCG_231,PCG,1,11.184691491718533,1.0,142,142,10.399951349418762,11.73894043153437,0.2560231100961419,11.06015406416071,11.333951958361077,-0.15666517512871359,0.12018710493805784,0.049108574240728606,-0.020107609011127625,0.021789370852288492,
roundabout_PCG_232,PCG,1,11.091425545604556,1.0,141,141,9.756507479353546,12.104855747983073,0.5930937938197156,10.748249171472525,11.537885574824339,-0.1292474346711856,0.1452808286428411,0.06871588517914953,-0.056042580658390406,0.0498782702686551,
roundabout_PCG_233,PCG,1,11.207965298644337,1.0,142,142,10.287757092126766,11.586833969739136,0.28818545723426425,11.108471980396013,11.41833525834832,-0.11272686751149408,0.11778079739594105,0.040376950515433795,-0.016457797396476348,0.018965395128458518,
roundabout_PCG_234,PCG,1,11.073716600085932,1.0,140,140,10.25714618077168,11.81764591399449,0.43464976182566095,10.759163697447127,11.430238642703658,-0.10143774838489605,0.07568989296452244,0.04803709456213498,-0.0257846736340559,0.03805094907867357,
roundabout_PCG_235,PCG,1,11.21472541315816,1.0,142,142,10.030841781222627,12.045345108691851,0.4003311738877175,11.067415197374022,11.403237374183451,-0.11491744030815809,0.21293410667977675,0.061577280130783334,-0.032296500921357385,0.01704877058837484,
roundabout_PCG_236,PCG,1,11.177547033861812,1.0,142,142,9.970170017995947,12.325831266652203,0.6991503110983781,10.525840767173728,11.707120007835723,-0.1578477660486648,0.11734946551815639,0.07344034243171946,-0.05007797664353175,0.06726380000044241,
roundabout_PCG_237,PCG,1,11.269753815351091,1.0,143,143,10.477348778891772,11.964412957407891,0.39822890204636663,10.928903461125472,11.58267827194447,-0.11465101554182233,0.08736075642869423,0.04714663079875715,-0.03393580925708228,0.03826557353149607,
roundabout_PCG_238,PCG,1,11.286878672430104,1.0,143,143,10.391148160274307,12.632521130785056,0.6011705145415251,10.793426733274075,11.732793577328145,-0.17188111377743454,0.11672332910507599,0.06549663420460594,-0.04137407621692013,0.052066343800924564,
roundabout_PCG_239,PCG,1,11.189655493708166,1.0,143,143,9.93615916202598,12.382460524927717,0.6168551017882059,10.745343087389497,11.66491563432577,-0.157723025688016,0.17092926168828093,0.08036849369126448,-0.06276035775264521,0.060681060036906764,
roundabout_PCG_24,PCG,1,11.43297028067289,1.0,146,146,9.971328016901648,13.117116476836584,0.8128994149545569,10.837608597115059,12.083120527191618,-0.18323884253754663,0.15084360976102573,0.08558374965219658,-0.07116988871828545,0.06265212990757307,
roundabout_PCG_240,PCG,1,11.312960751120988,1.0,144,144,9.999512664567279,12.824948983473435,0.8375970427129866,10.607014229176167,12.036509222774193,-0.11749524621684238,0.15337955809986425,0.08356830585964818,-0.05768389262921447,0.07584538520778983,
roundabout_PCG_241,PCG,1,11.200706231814697,1.0,141,141,10.529640693872235,11.644762183009002,0.29179264919989467,11.023736755271141,11.452452904187508,-0.0816620496510243,0.07299933725788499,0.03298581767735716,-0.019199753302366673,0.024797080103986957,
roundabout_PCG_242,PCG,1,11.1153171206651,1.0,140,140,10.668154575998226,11.615572407657249,0.23664960000356355,10.940721477126177,11.30069780047942,-0.06553747579880742,0.04784078245621437,0.028626886259280636,-0.007950435308095027,0.018993372639917183,
roundabout_PCG_243,PCG,1,11.462644999440748,1.0,145,145,11.167722056951241,12.001263446881316,0.2100815248079196,11.302173037551741,11.586642768135292,-0.051994200273764335,0.049653655888461046,0.02438136132214171,-0.014942880122585933,0.018030077315225768,
roundabout_PCG_244,PCG,1,11.316344981924278,1.0,143,143,10.733341209336993,12.03963739481009,0.33705425549603424,11.080285736853018,11.549492587811422,-0.056348727053212144,0.11176193436950577,0.04197775903387597,-0.03682902997693027,0.0248621751134257,
roundabout_PCG_245,PCG,1,10.805373282598842,1.0,137,137,10.221843515425975,11.309850364264863,0.2706198076125549,10.595664210677223,10.992587337894651,-0.06390015596749166,0.07219455663225105,0.0365505321032564,-0.02443968225048465,0.02312149960338239,
roundabout_PCG_246,PCG,1,11.296716225472746,1.0,143,143,10.187238745001999,12.38637709854437,0.6631931251187722,10.680901547934443,11.903493715148002,-0.12613169738802732,0.10530582637229813,0.06380709331121563,-0.04606648515348155,0.05477464284971045,
roundabout_PCG_247,PCG,1,11.006409462222896,1.0,140,140,9.980804991553855,12.071316500921595,0.5533394782222271,10.58171337259938,11.474927852152854,-0.11230152958974493,0.1301608454990557,0.061492215731804585,-0.050957220623862653,0.0508715888937874,
roundabout_PCG_248,PCG,1,11.182599706566883,1.0,141,141,10.858590179319751,11.417489960558616,0.14704835878522418,11.073724013614692,11.276188156154555,-0.042650247696478516,0.05072460398697487,0.01989346573917925,-0.012782490970646876,0.009720560213141383,
roundabout_PCG_249,PCG,1,11.074170240582587,1.0,140,140,10.061200986702062,12.037976183001375,0.49206859689016896,10.719335969495843,11.472080041758764,-0.12591794089681052,0.09796269804460422,0.0565697648940609,-0.039236983764861844,0.0378854931605237,
roundabout_PCG_25,PCG,1,10.906159287818202,1.0,139,139,9.557045560693869,11.932549520081471,0.6317715348507077,10.431092348921249,11.388442484756645,-0.1561905617176187,0.19579004868566052,0.08051727925032662,-0.06251109961908075,0.04896970353022656,
roundabout_PCG_250,PCG,1,11.302121358504102,1.0,143,143,10.54513119692023,12.16069399345227,0.42056439774306137,11.000045534653431,11.616681862552884,-0.11109275169403077,0.08524998322610777,0.05440384965626981,-0.04588675525752528,0.044124901824303286,
roundabout_PCG_251,PCG,1,11.198469732413441,1.0,142,142,10.498385638706912,11.574115689782667,0.2578120307610187,11.127542014104169,11.338343977485724,-0.07186360022249083,0.11996700075926192,0.035210384830071814,-0.01572408365390343,0.009442813590395449,
roundabout_PCG_252,PCG,1,11.17756019991743,1.0,142,142,9.894214845148927,12.591392431368162,0.7241703786585234,10.560489929247165,11.742957067099736,-0.11542229210773947,0.16208629864911117,0.07622616625286673,-0.06210680248755951,0.06532203267412307,
roundabout_PCG_253,PCG,1,11.026708348652303,1.0,140,140,10.200757214718626,12.039781229678475,0.49451596125882763,10.612914923625723,11.371924471683709,-0.15224487128640618,0.11652104875723346,0.0703922847742127,-0.040435511867717544,0.06174703171782481,
roundabout_PCG_254,PCG,1,11.03943641502172,1.0,140,140,10.138523977898732,11.953475540042309,0.5527842010531943,10.498805498585018,11.498983479319168,-0.10551545422263509,0.09141109463267938,0.056193130749490276,-0.03010458956923623,0.04919112034659223,
roundabout_PCG_255,PCG,1,10.434103140313244,0.7125,104,103,7.275897070907561,13.905198310698108,2.184483705115885,8.359790919814701,12.628663218566269,-0.34536062327799044,0.17996458588930864,0.14601056209021052,-0.10902418941577308,0.11643549617898685,
roundabout_PCG_256,PCG,1,11.086054752575338,1.0,140,140,10.25859110037659,11.753431694839353,0.435869475055408,10.701309095693972,11.451829016129292,-0.10568926962062974,0.09645955833022946,0.047704287913483,-0.029209519136405238,0.04063035501384915,
roundabout_PCG_257,PCG,1,11.267140345004147,1.0,142,142,10.96427190196433,11.570378425150652,0.14694582754767124,11.166433874724316,11.357185287413794,-0.04836281606011639,0.06331444557876686,0.027823744483518025,-0.01926783115634567,0.020879113591487197,
roundabout_PCG_258,PCG,1,11.307778716063147,1.0,143,143,10.533452040988559,12.386432038035915,0.5255321117726324,10.906284712355417,11.68527514411818,-0.08646504204986094,0.16531070770103007,0.06236841957465248,-0.044848593686082516,0.02986740961810952,
roundabout_PCG_259,PCG,1,10.865907680255486,1.0,138,138,10.054968099291289,11.67104809814496,0.443487255750934,10.459765796391988,11.17398507370989,-0.10361460638928222,0.10284650990043787,0.051593367044700446,-0.035871156509359015,0.0416331150434508,
roundabout_PCG_26,PCG,1,11.309176012502663,1.0,143,143,10.656916451890345,12.182815739166228,0.3904763953464635,10.96577789202004,11.555005605121242,-0.10275516909315563,0.14016871103717854,0.05731715367120046,-0.04326810720542262,0.03744664873863002,
roundabout_PCG_260,PCG,1,10.999557171671757,1.0,139,139,10.136350080051217,11.740536799708455,0.3842692777672464,10.708352929460197,11.241255926498773,-0.08729416963999626,0.0995506493554501,0.045792169499918045,-0.03756081059781469,0.03461984622372416,
roundabout_PCG_261,PCG,1,11.058416527357656,1.0,140,140,10.426271657762355,11.891454732412454,0.40304922832879797,10.753093408708661,11.385155283770866,-0.11182244180562861,0.08525622771270491,0.05365970607335788,-0.05075287016274288,0.051634861953501865,
roundabout_PCG_262,PCG,1,11.109841552508833,1.0,140,140,10.862544201611806,11.372065626510672,0.1415052741671361,10.97746460697671,11.233895299167333,-0.036625162814203804,0.05219076374891607,0.02153594686634892,-0.018778994784261815,0.014726587137622538,
roundabout_PCG_263,PCG,1,11.329967987111855,1.0,143,143,10.743366605094474,11.914669703427595,0.299816254831287,11.070742083106332,11.554092554748689,-0.06848738190690007,0.06144038954213471,0.03182195579279909,-0.014371875486911989,0.021369706568736824,
roundabout_PCG_264,PCG,1,11.255524094085171,1.0,142,142,10.84348492477046,11.603364659444535,0.20881822354861101,11.112448747250157,11.435041333045321,-0.052486140066923426,0.07129747672437503,0.028874676305420552,-0.023377379598281678,0.01521474143400603,
roundabout_PCG_265,PCG,1,11.277373360593742,1.0,143,143,10.73344031232148,11.962231420381544,0.3278734405598464,11.0031797311207,11.504842232098586,-0.09449429760122285,0.07443644157311091,0.04168091484679534,-0.02886929960628315,0.03512889262831731,
roundabout_PCG_266,PCG,1,11.458668784695538,1.0,145,145,10.680946947275539,12.138462612538811,0.3209620238558846,11.337179091490372,11.66130361415247,-0.11651856541614158,0.09524705154196056,0.04400918080000474,-0.0239086679134477,0.025611497503881253,
roundabout_PCG_267,PCG,1,11.05068209531013,1.0,140,140,10.604519493813424,11.564533084125422,0.26954946586430245,10.842740140591237,11.25848765362117,-0.07540887331590085,0.09045768889662398,0.0393766763880986,-0.02988927343851877,0.021733551472495005,
roundabout_PCG_268,PCG,1,11.193806950663792,1.0,141,141,10.815017622537306,11.708300433566986,0.23314227077343364,11.002693769627003,11.326345648422404,-0.05152791115526334,0.07557289507283649,0.028402083680311545,-0.01990419822614342,0.018633023324861497,
roundabout_PCG_269,PCG,1,10.838661555949953,1.0,137,137,9.996390111846054,11.461729114550495,0.38394421258149247,10.574104428632046,11.167725889527421,-0.10275676645253817,0.104723166153315,0.05602142728420459,-0.05463467693796531,0.04114758250844197,
roundabout_PCG_27,PCG,1,11.313863187782419,1.0,143,143,10.541097803201351,12.351280234852068,0.4378037368929325,10.964878299494693,11.508644113236564,-0.154179060937075,0.0929999087784843,0.05790888722129032,-0.01890833752962351,0.038175745437150965,
roundabout_PCG_270,PCG,1,11.328506415137355,1.0,144,144,10.60050937962586,12.143364641011319,0.4185233822266742,10.952827499794564,11.663245896118955,-0.1077260157771569,0.08898620539878088,0.055495598124817004,-0.042173110138097325,0.052799946437713796,
roundabout_PCG_271,PCG,1,11.119815924779065,1.0,141,141,10.24715137697266,11.667709872030157,0.3575688204111943,10.873847325322748,11.368537749488192,-0.12607253353290204,0.09514476980355902,0.04466304243764887,-0.018695007871539104,0.02274838637016252,
roundabout_PCG_272,PCG,1,11.448691973211366,1.0,145,145,10.87599320375562,12.386490879766296,0.41556609282930135,11.069790469629055,11.746603826863678,-0.07992967466344858,0.08991949779619013,0.041320531032823876,-0.028923643709051206,0.0228247204541443,
roundabout_PCG_273,PCG,1,10.916027482669767,1.0,138,138,9.82804978352017,11.804939999957782,0.5218963742448806,10.465304982139882,11.288445003040268,-0.1185376457036238,0.12529111234201373,0.05699989557883723,-0.036049993568715966,0.036349100498052955,
roundabout_PCG_274,PCG,1,10.977011484044429,1.0,139,139,10.67127754112023,11.409408508530355,0.1742732012182064,10.826084361706773,11.057630761014751,-0.05119715586912754,0.07749865274957557,0.026707003298595267,-0.015196474338684318,0.010122905695347129,
roundabout_PCG_275,PCG,1,11.20268199773594,1.0,141,141,11.069629288455328,11.39046601633419,0.0860903266034948,11.133555017774706,11.272515319422249,-0.0361648615621597,0.02348212512038117,0.014129563508118087,-0.01037681494209508,0.010272695301898338,
roundabout_PCG_276,PCG,1,11.109346669575237,1.0,141,141,10.073533503639556,11.973372615713883,0.45094748007058494,10.831566629660493,11.461927888914406,-0.1380930702973746,0.1274647297757081,0.06135091350631833,-0.042985594435094754,0.041579633395263826,
roundabout_PCG_277,PCG,1,11.370776651991317,1.0,144,144,10.73069414241421,11.973191635863266,0.3273080314775061,11.150599906841121,11.579208174681241,-0.08534471305105917,0.08771357992617013,0.03931107132846418,-0.027395239003331184,0.027391439926355066,
roundabout_PCG_278,PCG,1,11.298577317489858,1.0,143,143,10.656718415033879,12.025408380026256,0.3932587238139206,10.938038933336426,11.660836393913009,-0.0854048826573024,0.08841195496166598,0.05168405939671407,-0.04501398540455437,0.04826273701569139,
roundabout_PCG_279,PCG,1,11.149971401092847,1.0,141,141,10.619790260747422,11.828506664499669,0.3629434738561336,10.82927691252283,11.423362745632916,-0.07166179733024336,0.07211448550316035,0.040563737287882026,-0.03247207358459647,0.038594988529462526,
roundabout_PCG_28,PCG,1,11.079492198692998,1.0,140,140,10.718224550691978,11.478844648199164,0.19562368688245957,10.946458982764481,11.223426540845711,-0.04810469355898128,0.05100347842920705,0.023516177969587545,-0.010687358954903026,0.013090957463834929,
roundabout_PCG_280,PCG,1,11.136179012674486,1.0,141,141,10.706347839387067,11.51792542124379,0.21758860813287698,10.98864872659922,11.319312049715819,-0.06750939460682481,0.04602318877100409,0.027914473397362107,-0.021336102243086685,0.023848613383252726,
roundabout_PCG_281,PCG,1,10.85801507729463,1.0,137,137,10.450830403608588,11.443938973169868,0.24560507067031986,10.654836777974161,11.021786449049007,-0.06445233929824745,0.09899785905060554,0.036548758938298946,-0.030297071260010355,0.0210149242210651,
roundabout_PCG_282,PCG,1,11.198951906088807,1.0,142,142,10.182694262287686,11.96070527187127,0.4624346143458475,10.87458507069536,11.55971054257734,-0.11226614446259653,0.09915821117417245,0.050010503088611616,-0.0302116819862972,0.03522792301489153,
roundabout_PCG_283,PCG,1,11.127641065890993,1.0,141,141,9.91697764626201,12.2411810438511,0.6439952817802823,10.613214210061676,11.717060538127464,-0.0870977360729075,0.13774620791619085,0.06312719051308953,-0.04932951476521552,0.05006319557766581,
roundabout_PCG_284,PCG,1,10.854087393410278,1.0,137,137,10.270926446227339,11.185994155835363,0.26398025557528876,10.630215238883387,11.101558217029256,-0.07316185809072628,0.0910565966419199,0.035314425612895266,-0.01807261096470647,0.013541805197924361,
roundabout_PCG_285,PCG,1,11.294215206991167,1.0,143,143,10.229708240921243,12.515470578691996,0.5276837167733718,10.887204085441773,11.572384498645095,-0.1428804619222852,0.1265674223752704,0.06281221435063578,-0.027731922398215758,0.03530664893496116,
roundabout_PCG_286,PCG,1,11.185746628457963,1.0,142,142,10.109247015478072,12.246006718816409,0.4680424561396249,10.922853978046387,11.433606466539652,-0.13785361701914312,0.13399311229323452,0.06251619311662046,-0.03807025508770989,0.03966486227726618,
roundabout_PCG_287,PCG,1,11.088152463005795,1.0,140,140,10.15655123115356,11.923022401957313,0.4099925210307316,10.846226732323995,11.419932925360488,-0.11356735694830711,0.0904930831835955,0.04935378708618105,-0.024842848767418158,0.033041097561950394,
roundabout_PCG_288,PCG,1,11.366055758712157,1.0,144,144,10.443596125690355,12.217229951134065,0.4440270472272458,11.055312082675702,11.709551354642459,-0.1475438589303586,0.11680234494197705,0.061489892008568234,-0.040596894900802205,0.05109346337939069,
roundabout_PCG_289,PCG,1,11.344717366826123,1.0,144,144,10.57226666539233,12.205510217205195,0.4392939241533252,11.03449759753478,11.69076083920763,-0.09711215568896492,0.13316854665066025,0.05799902911357479,-0.048894988097660796,0.04382120102730269,
roundabout_PCG_29,PCG,1,11.22450497796579,1.0,142,142,10.07086266847135,12.22766953113868,0.5652493923965379,10.822523533831719,11.590968189796179,-0.11310258771851345,0.15677420762521344,0.0653405204894957,-0.04431519927956584,0.02353594603488718,
roundabout_PCG_290,PCG,1,11.180366851992144,1.0,141,141,10.612777274290364,11.73624774138178,0.3529511474782604,10.852970001022609,11.472333536998013,-0.07755104280149716,0.06616379417144636,0.03799288597796053,-0.02691313255198402,0.03206213045414508,
roundabout_PCG_291,PCG,1,11.293485557703171,1.0,143,143,10.872552979145174,11.782882531081295,0.21727028118170455,11.126622657173499,11.429571116459403,-0.04980042959446962,0.06059674965839612,0.025210943941762008,-0.017179210661298683,0.014248736230704218,
roundabout_PCG_292,PCG,1,11.394658116637624,1.0,145,145,9.821879272799027,12.827620355208959,0.7165931387612643,11.0067496035969,11.895778529517052,-0.18101219877401853,0.1285390135043869,0.07903832543766022,-0.05497030507926581,0.0655815940518032,
roundabout_PCG_293,PCG,1,11.145975654171629,1.0,141,141,10.785397109863855,11.57596295027792,0.2239662146720817,10.963491328205867,11.316237812402484,-0.05155578651400283,0.06124150504244774,0.029837646253696875,-0.02144665177172911,0.023239630574337866,
roundabout_PCG_294,PCG,1,11.072362503970277,0.9840277777777777,140,139,10.058205298873407,12.047693553570424,0.5415311474091475,10.631830461941416,11.461850494230994,-0.49954553087366627,0.09380657901206568,0.08068081685869768,-0.05504360483357296,0.05699023383256385,
roundabout_PCG_295,PCG,1,11.23327076419016,1.0,143,143,9.513298434536424,12.355653536983088,0.7506414488118502,10.715247185061552,11.891132259026303,-0.19749338935702454,0.14879346888079503,0.07972970392317295,-0.04865035165633813,0.07128014282749273,
roundabout_PCG_296,PCG,1,10.98636518744089,1.0,139,139,9.703347367904565,11.799195218104312,0.6413053313635012,10.457275195871691,11.540821131180751,-0.11741428649628105,0.14406112119342573,0.06786822415645499,-0.05229189267951373,0.0453873058990828,
roundabout_PCG_297,PCG,1,11.261282109258305,1.0,143,143,9.881942483191862,12.20297952505644,0.573363239669277,10.872374821396566,11.62895669039064,-0.19814413793852204,0.14798385531290847,0.07041379962531462,-0.038614742433557225,0.03120109464121068,
roundabout_PCG_298,PCG,1,10.998197013854426,1.0,139,139,10.586661109451214,11.528165531005843,0.26542844668501575,10.781594444457308,11.195887213406127,-0.06411350562100182,0.07025917101984724,0.030247169493406816,-0.022619411099961795,0.022664148401875472,
roundabout_PCG_299,PCG,1,11.101280332608361,1.0,141,141,9.846967009017876,12.376797373668394,0.6610301551484289,10.577252445438896,11.660850178649351,-0.14702592592055908,0.14280095500132184,0.07281218598772797,-0.05318260212810877,0.04717652196727151,
roundabout_PCG_3,PCG,1,11.074160760403702,1.0,140,140,10.635429908108335,11.735251950508054,0.2825753795096568,10.82005738122293,11.259153873798958,-0.05939776969170474,0.11343904704918906,0.03469258313807624,-0.016504694729068348,0.015176138702890363,
roundabout_PCG_30,PCG,1,11.262738803458975,1.0,143,143,10.513266724257063,12.34613983904001,0.4477804948936697,10.908753487673852,11.542219010701949,-0.1041864945436437,0.14714853491676827,0.05457457944470319,-0.03648831062022939,0.030367395813351905,
roundabout_PCG_300,PCG,1,11.066033974391363,1.0,140,140,10.399366603165525,11.635656463078886,0.28775562874365374,10.929079749681147,11.269340283314595,-0.10349726713770302,0.08443115107093568,0.040308688078505545,-0.02681033793671883,0.023863798083424648,
roundabout_PCG_301,PCG,1,11.238942327301883,1.0,143,143,10.437104301604323,12.264562956497759,0.47073718122473185,10.823563787364721,11.625433818747705,-0.11839488192396352,0.15650172577080923,0.06210251989594697,-0.04958421852303463,0.04322186593290134,
roundabout_PCG_302,PCG,1,11.463802267437385,1.0,145,145,11.150484631258722,11.998716468322879,0.2264191186913674,11.29736595355013,11.614417796025183,-0.07516731829480428,0.052260875850906885,0.028772881876111864,-0.016756668835421706,0.018286365108886926,
roundabout_PCG_303,PCG,1,10.873782121071699,1.0,139,139,9.410605630910752,11.943782973249064,0.7534200122483407,10.2409136131554,11.583997850405478,-0.14387702013857329,0.20665365475364084,0.08472532995766077,-0.07451487470571205,0.03919867675186062,
roundabout_PCG_304,PCG,1,11.023199587476821,1.0,139,139,10.716268497895692,11.351374648336925,0.20250535787175225,10.821810913369212,11.205932831152735,-0.061581302687553574,0.04428040822932289,0.029374195750853264,-0.02496214332446911,0.021992668674610805,
roundabout_PCG_305,PCG,1,11.147703097479292,1.0,141,141,10.691681345057678,11.739741141696317,0.2882108323468791,10.887304712827726,11.331984512952612,-0.06717978881229492,0.07163875988302948,0.03223119629925122,-0.02311134995843922,0.02531538619992091,
roundabout_PCG_306,PCG,1,11.182578688287613,1.0,142,142,10.15421722130372,11.819587056332592,0.4404917618415146,10.868819322637043,11.590425238162798,-0.1539796890214724,0.08049723023721178,0.05122795941982816,-0.021122146808840725,0.035351571924094216,
roundabout_PCG_307,PCG,1,11.279852044702753,1.0,143,143,10.737383310779414,12.10735291090404,0.37044313017844455,10.967766560550547,11.536942250452032,-0.11278227900131021,0.07215009681850404,0.04064304450857109,-0.025567986416299426,0.028918336836353475,
roundabout_PCG_308,PCG,1,11.149946417173561,1.0,142,142,9.527304409733635,12.33724176614859,0.8040524851509335,10.453246288847375,11.909398005188775,-0.20936348860622722,0.13735339675107028,0.08234111095721969,-0.04969428250665553,0.06031824509898476,
roundabout_PCG_309,PCG,1,11.095403119533374,1.0,141,141,10.127584746375613,12.412433198741214,0.5641017025344915,10.692945199535227,11.48147103797057,-0.13504890400570346,0.1931733435620906,0.07131474036555704,-0.05443404307425759,0.03861703212771772,
roundabout_PCG_31,PCG,1,11.291316022174465,1.0,143,143,10.529007901681005,12.100880778751659,0.4365653228177232,10.9277917441897,11.623880782611163,-0.09849025733154981,0.06918467578251786,0.04607716577845895,-0.04165095682716391,0.03811138603233566,
roundabout_PCG_310,PCG,1,11.264177207267785,1.0,142,142,10.482003173257773,11.827897735937057,0.3513366174668852,11.003030322448364,11.548793017850233,-0.09655788726668924,0.07719665269716636,0.0391130305805476,-0.02993195053410247,0.029000855036881212,
roundabout_PCG_311,PCG,1,11.169738460572745,1.0,141,141,10.557844245050497,12.014159189897128,0.40048386422408944,10.842602118933444,11.481689896458795,-0.07273736325031521,0.09036230927700473,0.043674875329094066,-0.03670980934833956,0.025671328238926705,
roundabout_PCG_312,PCG,1,11.131357838758262,1.0,141,141,10.201290151551081,11.661602270833674,0.30731654198253205,10.98346183423016,11.307933057170109,-0.09882281412266813,0.16698859243196296,0.048000587742681296,-0.026718941905267357,0.0215517806755674,
roundabout_PCG_313,PCG,1,11.2613400805475,1.0,143,143,10.115462604202042,12.299111329585863,0.6116828558942463,10.755942923122301,11.80402919972695,-0.09482921488911167,0.12198779980810137,0.06054149606389608,-0.056588828759816856,0.04522716533186166,
roundabout_PCG_314,PCG,1,11.072866940960425,1.0,140,140,10.246509505148149,11.750308713894961,0.3545800879103696,10.851840568490706,11.354630075433228,-0.10622890869996482,0.10829546287463288,0.04618499502894458,-0.035207533535965396,0.03297760711197828,
roundabout_PCG_315,PCG,1,11.339619835203703,1.0,144,144,10.5056767579419,12.57232354461243,0.5832712831999646,10.901945884948761,11.776053608077067,-0.11672838613991843,0.13211118133915178,0.06349433222735816,-0.05121805456108586,0.04337178190149027,
roundabout_PCG_316,PCG,1,11.010092800953482,1.0,141,141,9.391412551196545,11.936363806526733,0.6539003842847488,10.590223788646405,11.477035388580834,-0.27148506297730357,0.1624843933487803,0.09106809139990443,-0.04503523174270185,0.06523368605804158,
roundabout_PCG_317,PCG,1,11.14727199031256,1.0,141,141,10.623759024250571,11.677392169888689,0.2843585577364239,10.990672491329475,11.341833956216373,-0.07578303006704523,0.08446274086173844,0.033949402358508525,-0.020137052914744658,0.02163854473340976,
roundabout_PCG_318,PCG,1,11.231486505647004,1.0,142,142,10.480689358737743,12.141603766957765,0.44068757418647025,10.808384254025444,11.560352255134232,-0.09165643960558967,0.08419429879533702,0.044545621409204754,-0.03676644004274898,0.02888792897775616,
roundabout_PCG_319,PCG,1,10.959411244781977,1.0,139,139,10.214267656971574,11.760420438242697,0.3828575068623439,10.709070957385578,11.214348679592653,-0.09793766408729354,0.09440055336564335,0.046573785206177276,-0.03941795989283303,0.03908643894070973,
roundabout_PCG_32,PCG,1,10.95897043363146,1.0,139,139,10.195629059697778,11.872993360959768,0.38023969402983443,10.69485003466469,11.206570777248476,-0.10686465363674813,0.13349049318729733,0.051489188670577585,-0.03460774420289159,0.036079652774319015,
roundabout_PCG_320,PCG,1,11.124929998330988,1.0,141,141,10.811592765896123,11.635719465300399,0.21803791156982413,10.976501278862333,11.250425064216055,-0.055247201645901356,0.08992814904978808,0.02955934741573432,-0.020368554364885938,0.012818916292326676,
roundabout_PCG_321,PCG,1,10.892026098324695,1.0,138,138,9.89774863402491,11.300596724196275,0.38248029656422755,10.636622717815772,11.231951305062788,-0.09781344991554697,0.1404763921361578,0.04575462931822317,-0.03161810658257558,0.022522736809003963,
roundabout_PCG_322,PCG,1,11.418846768090692,1.0,145,145,10.567941814966533,12.48847431910991,0.48067205762976933,11.014053334523082,11.67875662015727,-0.09845339852333979,0.17613633022044617,0.058916996504814884,-0.04449626173517984,0.029604861565578844,
roundabout_PCG_323,PCG,1,11.231791078159308,1.0,142,142,10.772615184270402,11.729780178282194,0.2710040705805699,11.044573817412672,11.405932709828612,-0.06221843498122226,0.09177939460816198,0.040152501672836426,-0.029021103237655943,0.020153062243560615,
roundabout_PCG_324,PCG,1,11.222082315434731,1.0,142,142,10.536910598287523,11.930521173082473,0.35732411854468465,10.932969395513688,11.443783810841474,-0.11234141231846984,0.06379816872620125,0.042809907712268745,-0.018361986841223032,0.026131465311320934,
roundabout_PCG_325,PCG,1,10.385326573622724,0.7590277777777777,106,105,6.929041638019091,13.431464105165006,1.9393103916116776,8.740662480264591,12.084134453025698,-0.1737231924278415,0.2750100125106272,0.13084451111668932,-0.12764245561397836,0.08528649172313685,
roundabout_PCG_326,PCG,1,10.926413170401378,1.0,139,139,9.874539726143261,12.082651938496683,0.5619786413171586,10.425657155834331,11.260809293924156,-0.11886847899954134,0.14200186602067966,0.06639685442673653,-0.043686743642078696,0.044424534544869054,
roundabout_PCG_327,PCG,1,11.27294339112913,1.0,142,142,10.486586410471908,11.713304002990478,0.31439814476837397,11.08507374103934,11.522694779890207,-0.12107539016835034,0.07604427409840575,0.037404425440057926,-0.014498223388028197,0.02221467299973101,
roundabout_PCG_328,PCG,1,11.141041276451226,1.0,141,141,10.7098936327812,11.5437949888533,0.23556693092920805,10.952361400017617,11.352487502431806,-0.0463580237919583,0.040621647163197494,0.023571858768019146,-0.019454248125159168,0.020045522549617445,
roundabout_PCG_329,PCG,1,11.311376448743024,1.0,143,143,10.855256125063555,11.73433249738089,0.24184182223353407,11.148372412997066,11.531726113708231,-0.09491016705384325,0.09536956515557193,0.0426073775824101,-0.03699296383327155,0.03515272946927883,
roundabout_PCG_33,PCG,1,11.067662360871328,1.0,140,140,10.274713266609165,11.589685286140513,0.3708464625703381,10.802966264862107,11.351490272986661,-0.1278975446184365,0.08429882993859827,0.04933037456841534,-0.02326729698918628,0.030266897180785346,
roundabout_PCG_330,PCG,1,11.338132946773287,1.0,143,143,10.83949133433716,11.984420784266913,0.2818595811795659,11.090827417910877,11.49048833289,-0.11544101708825671,0.11705974763498439,0.04571237894768299,-0.03496748351654766,0.028952309175484636,
roundabout_PCG_331,PCG,1,11.150426940697775,1.0,141,141,10.551559672932873,12.043422250835343,0.38635055911974714,10.82580200047707,11.430412268727514,-0.0978117744023752,0.14914393794960112,0.05625850163439986,-0.042328136446588616,0.031889330758366086,
roundabout_PCG_332,PCG,1,11.004650587926093,1.0,139,139,10.114949396401608,11.360956668638245,0.2889569288850912,10.882437448691126,11.181656168639341,-0.13949316096515574,0.10869622486667652,0.043886353650058274,-0.011415564854210025,0.014437487712351427,
roundabout_PCG_333,PCG,1,11.16033739105019,1.0,142,142,9.518153595298854,12.571008249339076,0.8741024773611934,10.394608861744933,11.773442110119786,-0.16615303115899316,0.18124241866809676,0.09277264462729085,-0.06076090339022677,0.040772066369619164,
roundabout_PCG_334,PCG,1,11.409070474672896,1.0,144,144,10.68084697057937,12.141087190756954,0.4118873461822229,11.158386318646244,11.702841977546605,-0.09413041559392354,0.0936588139779655,0.05142061588769259,-0.044173099306333174,0.03496395837514843,
roundabout_PCG_335,PCG,1,10.931827186691963,1.0,139,139,10.064779278617811,12.086491076427453,0.5728625052878308,10.391597435922698,11.448543976138936,-0.13347762654351847,0.12196544232016215,0.06204336687817866,-0.041038448116982096,0.042883131139702435,
roundabout_PCG_336,PCG,1,10.857175294550894,1.0,138,138,10.09096462915999,11.765412822993959,0.45145882875481025,10.461057685145372,11.238739343187722,-0.09179901669717339,0.10255672764674983,0.06252316390172775,-0.05069372575564168,0.06584598071340109,
roundabout_PCG_337,PCG,1,11.019260309094234,1.0,139,139,10.295534457993954,11.778663493030654,0.37658063707110234,10.757092883820288,11.274527558777217,-0.12750846160317053,0.08126030620371694,0.04707699052909482,-0.031491611878723624,0.037374077817880824,
roundabout_PCG_338,PCG,1,10.965056292778755,1.0,139,139,10.580748684346748,11.563770026453478,0.299350097874158,10.703899387922956,11.16049413221672,-0.06618682623918559,0.08214027668484469,0.036936090642092016,-0.03094027765574925,0.030325942669942485,
roundabout_PCG_339,PCG,1,11.0264754279968,1.0,140,140,9.947904456530223,11.92985326717824,0.5012560434005351,10.650453498551327,11.413143712587415,-0.11991627092942103,0.11912883267232388,0.06396140436302299,-0.05292165435791718,0.05702142179841152,
roundabout_PCG_34,PCG,1,11.050599951015752,1.0,140,140,10.247807780179555,11.612324210151757,0.3103507120174727,10.931470863363266,11.190601702637291,-0.14675359452918357,0.09584904299395092,0.048627178034085186,-0.012005821701529307,0.028052503196985157,
roundabout_PCG_340,PCG,1,11.23485341750426,1.0,142,142,10.6623079694734,11.887154366520548,0.33233579703854066,10.954852097170786,11.455376667616502,-0.05910713009604862,0.13257645744659463,0.04241208868475026,-0.033490315700341,0.022971855067748237,
roundabout_PCG_341,PCG,1,11.131560364644654,1.0,141,141,10.057409977136967,11.88449048778221,0.4277089357199156,10.871879385053829,11.414134564571764,-0.12562118379449494,0.10313924715739553,0.053308317955991,-0.022917997185833983,0.03496136168674191,
roundabout_PCG_342,PCG,1,10.945200971395748,1.0,139,139,10.068147404464268,11.769414375611603,0.42159242535984254,10.66258687760007,11.239417938048966,-0.11192414725222655,0.12953199212161515,0.06310700368422066,-0.042519764407669136,0.03291200430069363,
roundabout_PCG_343,PCG,1,11.212584021382218,1.0,142,142,10.433415025102484,11.944817346793776,0.3768030759550185,10.971088787703598,11.505661870595839,-0.08970901836283574,0.0780261041777397,0.04522633552605874,-0.028435108485368676,0.038480148619360666,
roundabout_PCG_344,PCG,1,10.972322295026085,1.0,139,139,10.317257756990195,11.705282986304182,0.4026336020087809,10.681801489635436,11.323307939112112,-0.0889530934777305,0.09102998962822362,0.049315200160901324,-0.04213887601136879,0.044056864593879475,
roundabout_PCG_345,PCG,1,11.382241572720382,1.0,145,145,9.872970447173916,13.033646346230327,0.98930790643924,10.444754375835284,12.202367881014315,-0.1600326494154949,0.15425683245744182,0.09522194414981483,-0.0783211359966991,0.0892164724145239,
roundabout_PCG_346,PCG,1,11.146878952696861,1.0,142,142,9.707869139755504,12.200960874178143,0.6417326774724298,10.597173467275969,11.593866468938762,-0.19969270244198256,0.15982881029891693,0.07718503620322623,-0.04517395847912953,0.032763564138389434,
roundabout_PCG_347,PCG,1,11.052305780806037,1.0,140,140,10.38154392816801,11.72067563669055,0.3680119022960145,10.727036830115342,11.3135145662111,-0.09869980290737423,0.0694580899751891,0.041993582494873304,-0.01597842293752061,0.028531919030634345,
roundabout_PCG_348,PCG,1,11.178242157110102,1.0,141,141,10.927819888390944,11.617572789724253,0.19049222157138176,11.03296996311964,11.314172460541231,-0.08133963916610121,0.04988810011827027,0.029481900901366497,-0.02161699568015152,0.02341078339995306,
roundabout_PCG_349,PCG,1,11.165844293491356,1.0,141,141,10.770400137895708,11.655370039942195,0.23003045361224483,10.967049875520871,11.287931084295137,-0.052237690220730215,0.06491030531456765,0.028649098975948143,-0.014115252601136774,0.015813970515248243,
roundabout_PCG_35,PCG,1,11.252606353154409,1.0,142,142,10.636378220201207,11.883679814390964,0.3595606218387976,10.973624861429665,11.573283058056294,-0.0784134992775325,0.05755858040816619,0.03813459073330921,-0.031228103321934153,0.02881016949671622,
roundabout_PCG_350,PCG,1,11.255702120346353,1.0,142,142,10.55660660847278,11.905085165052347,0.3534762678688468,11.02786270904275,11.494827845670532,-0.11958227249806441,0.07571654478294931,0.04688568942197913,-0.02742053659147059,0.03682368364620814,
roundabout_PCG_351,PCG,1,11.172864060426727,1.0,141,141,10.256486947240026,11.9395806507846,0.4117434394735077,10.926589361719728,11.52012940566127,-0.0940451639733837,0.10854472972529727,0.04799857732161975,-0.028923240232945346,0.030008527162042498,
roundabout_PCG_352,PCG,1,11.341404548102867,1.0,145,145,9.80507028122585,12.879829544657458,0.7782136224969911,10.697617319577397,11.887689234272486,-0.19356060663449526,0.22298825820340973,0.10278642060877939,-0.07877515179037253,0.08095932831138519,
roundabout_PCG_353,PCG,1,10.943503069493037,1.0,138,138,10.496176950525593,11.366222044001475,0.2148018038330503,10.757661552181434,11.076162648504672,-0.03900345719270959,0.06891551744882207,0.027743548249701187,-0.02360542367403662,0.01826426396285008,
roundabout_PCG_354,PCG,1,10.98092951596177,1.0,139,139,10.095706836271171,11.7053500981394,0.4270642579336991,10.719014349707678,11.232909579489668,-0.10738264440024636,0.14161397671740872,0.06025550497147649,-0.04377022637459582,0.034141527262007365,
roundabout_PCG_355,PCG,1,11.008440490301256,1.0,140,140,9.973218684672167,11.873662508030261,0.48138823178912654,10.633242238794574,11.412873585148365,-0.1343189133685012,0.18833035827639577,0.07182003225843243,-0.06073369773094228,0.045366358292919795,
roundabout_PCG_356,PCG,1,11.256004233199144,1.0,142,142,10.91141312023216,11.573078784653969,0.16623847259079264,11.131070125742857,11.404120121058668,-0.050562454300941084,0.06470555825551294,0.025059102727962353,-0.015573989718359993,0.019482871148621683,
roundabout_PCG_357,PCG,1,11.25526998464334,0.9138888888888889,135,134,9.07022716375989,13.043770705541098,1.0638532468632775,10.50213736633811,12.224755705283028,-0.4999985801664266,0.1524440762434267,0.12017895245140853,-0.11061267433013322,0.0823157395145735,
roundabout_PCG_358,PCG,1,11.277787438624962,1.0,143,143,10.747554385008389,11.765244017894123,0.26927442896598397,11.069815951161505,11.49838590929069,-0.09627132326282783,0.10962841832790815,0.04100576005685308,-0.02613909420096938,0.0227520445878584,
roundabout_PCG_359,PCG,1,11.048479857426248,1.0,140,140,10.416136417483019,11.826553402206732,0.4203581192667214,10.643047346986233,11.336385945071623,-0.06968959061642899,0.08677510146331358,0.04588373561072138,-0.040756297609755965,0.03713543476212333,
roundabout_PCG_36,PCG,1,11.027059729407911,1.0,139,139,10.246272195929993,11.656990312225096,0.33959507444412396,10.828997948820419,11.254899711630365,-0.09217903012081052,0.07853845099833379,0.04290714156539791,-0.027304183692190342,0.036670421323596436,
roundabout_PCG_360,PCG,1,11.295934522209711,0.8159722222222222,124,123,8.845517838782602,13.2031434985282,1.5022319989058086,9.673871143369901,12.7338181867178,-0.49839711286464805,0.21483694598249237,0.12618425720235277,-0.06128232844142012,0.07772717520476746,
roundabout_PCG_361,PCG,1,11.313217892573125,1.0,144,144,9.873455292104504,12.810227777987848,0.7742542228212947,10.710124816113433,11.929917885800915,-0.10853141861113613,0.1720914775946305,0.07971483451821514,-0.06002295352162479,0.04350962873172426,
roundabout_PCG_362,PCG,1,11.365901030696035,1.0,143,143,11.148771944697874,11.650206912932383,0.11227811865874643,11.283295389074773,11.437311203365345,-0.032848406506797545,0.03995580055783954,0.017326096378896594,-0.01565916593938166,0.012062345082450854,
roundabout_PCG_363,PCG,1,11.469243596612843,1.0,145,145,10.905369428831905,12.115183797056392,0.364132961596496,11.164903688072329,11.810514234501438,-0.07936726724911836,0.12320230842660784,0.0532859133279822,-0.043954218232116204,0.032883493847828404,
roundabout_PCG_364,PCG,1,11.283419990104944,1.0,144,144,10.458292932891053,12.401216424165282,0.5348445194355124,10.79351430387649,11.657364694370335,-0.12194536027314662,0.1995506501825286,0.07355796539964872,-0.06325784982899307,0.044052316753617315,
roundabout_PCG_365,PCG,1,11.391686758121011,1.0,144,144,10.959150863738392,12.029190326303452,0.3272280950522342,11.08968122589227,11.641180973572364,-0.09635743388761497,0.09930505729417405,0.045531921255987894,-0.03840183293402388,0.034002397860223965,
roundabout_PCG_366,PCG,1,10.946711533429957,1.0,139,139,9.912240870868413,11.93829030842865,0.47865356583660357,10.632108926305458,11.3375913332068,-0.1314182063709719,0.11640821579836391,0.05921678181167667,-0.04013297711112429,0.03127967158809586,
roundabout_PCG_367,PCG,1,10.57310803025271,0.7111111111111111,105,104,7.218983107177727,13.789576790642277,2.194778599730899,8.459921377492227,12.869417177038844,-0.49168312169440753,0.1602826887050206,0.1495929332165033,-0.12682725305757336,0.12293999211646556,
roundabout_PCG_368,PCG,1,11.368160437249811,1.0,145,145,9.938176368978503,12.999967948598098,0.7111169691448036,10.897181682354901,11.88863998010502,-0.17871773172338123,0.18533997351020304,0.08292597418428614,-0.0436956255658103,0.045055425574476615,
roundabout_PCG_369,PCG,1,11.358157169121206,1.0,144,144,10.23372122358495,12.118606100365952,0.47701931845811435,11.035812149354712,11.704662536836082,-0.13986892924496885,0.11875249649738784,0.05237756960867534,-0.024860160944362608,0.023741940302779874,
roundabout_PCG_37,PCG,1,11.028300502453138,1.0,140,140,10.37488548645467,11.712161115825468,0.368758992648792,10.716808898431623,11.305362839646728,-0.09138642822873067,0.07641905057182008,0.04830896908407979,-0.04216630152034684,0.04105935282191853,
roundabout_PCG_370,PCG,1,11.16621493675026,1.0,142,142,10.08881097136513,11.87702846414846,0.411592268271928,10.960381960777301,11.478815386271652,-0.16901782787575925,0.10756127224106748,0.05445835816235749,-0.03362791831672407,0.03970613327653627,
roundabout_PCG_371,PCG,1,10.916208008133308,1.0,138,138,9.967998744336969,11.476246086069045,0.367520039010361,10.76694104334168,11.225920702637904,-0.16581803756598745,0.09447129519911535,0.049304812292761464,-0.01802698200656261,0.02195078774197068,
roundabout_PCG_372,PCG,1,10.991221973529797,1.0,140,140,10.08860728786271,12.05968745344348,0.5076416135308244,10.616307421405029,11.366134242792096,-0.15281304805434814,0.11133021530856446,0.06494496789676142,-0.05493163304557935,0.05727664273432964,
roundabout_PCG_373,PCG,1,11.077215768766576,1.0,141,141,10.119230710717247,12.16381161414814,0.5252512755409434,10.683440738317591,11.461424411069233,-0.1513053977774561,0.11652151472578609,0.06639749611378455,-0.05472635514744084,0.056852496570067856,
roundabout_PCG_374,PCG,1,10.9799232863953,1.0,139,139,9.717749615634,11.881556570685424,0.5760238404840486,10.56259968603023,11.419453303043529,-0.19060390645481107,0.11601381683658474,0.06624639178430058,-0.03480474446996151,0.04183718179970075,
roundabout_PCG_375,PCG,1,11.080589946274806,1.0,140,140,10.301304860299469,11.738280399309135,0.37370463084526584,10.857414229913044,11.35337185753147,-0.08457591863871983,0.09301384220884756,0.04445245974426608,-0.03859509697123231,0.02989084326757041,
roundabout_PCG_376,PCG,1,11.129370825748135,1.0,140,140,10.67083559486881,11.510754445920188,0.2383012528563412,10.95549702823216,11.35199901651298,-0.046364813356762014,0.05279621663920153,0.025980204846190878,-0.01731533053730061,0.02198538291675689,
roundabout_PCG_377,PCG,1,10.948508744875504,1.0,140,140,9.172127981986732,12.215482251086973,0.9170012698057383,10.092751013725216,11.735341703459394,-0.2060065823822299,0.17568736653491435,0.0944565495980257,-0.0554943445044227,0.08174430755488915,
roundabout_PCG_378,PCG,1,10.908652605318087,1.0,139,139,9.745884237577487,11.770636065487336,0.61438231553415,10.400470753941224,11.480448290792957,-0.1653113609762773,0.21098941983094477,0.08779231850013675,-0.0771011644494699,0.051999076174042536,
roundabout_PCG_379,PCG,1,10.803623905670921,1.0,136,136,10.438444500518374,11.094028030433313,0.18414574380927548,10.65622040346203,10.96940605625756,-0.06163159210357705,0.060425476238798126,0.02951096050593968,-0.026761449185938258,0.01955582114034282,
roundabout_PCG_38,PCG,1,11.15080480239472,1.0,141,141,9.961801359116853,11.999833444669434,0.5634254609104524,10.69832780515386,11.59701356246504,-0.1484660734793799,0.12072612894462154,0.06337744154341919,-0.048643574020376334,0.04927608621029478,
roundabout_PCG_380,PCG,1,11.115955927810706,1.0,140,140,10.642136218951723,11.760955965966426,0.33665427033690276,10.826633741151344,11.39563835717787,-0.06267544396730251,0.06490866687097707,0.03439257635932448,-0.02322360841925919,0.029978711920945145,
roundabout_PCG_381,PCG,1,10.285724381025297,0.6451388888888889,97,96,6.623704813612495,14.848068471324714,2.6618012410448446,7.59172291850873,12.736922879705318,-0.29048141493142055,0.23419122130826864,0.1770605025512618,-0.1887867262362386,0.13325065389376411,
roundabout_PCG_382,PCG,1,11.066006011853014,1.0,140,140,10.336905471693342,12.105428148955841,0.466759712608203,10.759514996762146,11.36819551067719,-0.11194842533582872,0.14118742404522244,0.061325882111211885,-0.04357550207159866,0.03848503937221226,
roundabout_PCG_383,PCG,1,11.052019466620855,1.0,140,140,10.227762637205801,11.57389755238507,0.37304155260035815,10.784998251440665,11.320392197123322,-0.09955007951405292,0.142670109365703,0.04940777723154915,-0.022833255513950768,0.020717791272493624,
roundabout_PCG_384,PCG,1,11.103549059953464,1.0,140,140,10.601138819017356,11.721078258500352,0.3225510495004872,10.824259697016693,11.37984577822917,-0.04997664794904466,0.07062870853536474,0.03237785978528183,-0.02447199015649648,0.024574659422734957,
roundabout_PCG_385,PCG,1,11.210831392352256,1.0,142,142,10.586082050359769,11.756011375272314,0.30879474448027106,10.992132014827696,11.456285652325011,-0.0575518846426224,0.09633385125241745,0.039540770659919,-0.033009646046441965,0.029007284788254317,
roundabout_PCG_386,PCG,1,10.984717732573074,1.0,139,139,10.078941346442628,11.384066037122313,0.2722537314361757,10.905162495715665,11.172156176640998,-0.14842503876947788,0.1568154514291571,0.05349697789547002,-0.02048704912472843,0.02610706114845396,
roundabout_PCG_387,PCG,1,11.21013378862292,1.0,142,142,10.309603193527542,11.867009407424565,0.41045700770462473,10.900678665974587,11.56936060946854,-0.12832335225128766,0.09981385737745185,0.05433202486715065,-0.022050725963218998,0.03894706051856023,
roundabout_PCG_388,PCG,1,11.432877999374698,1.0,145,145,10.590201767743377,12.316276834056398,0.43424665247769534,11.118040657269615,11.723823839777495,-0.08295173505421971,0.1374007114845135,0.052768498891596155,-0.0439283965684929,0.033961040427460176,
roundabout_PCG_389,PCG,1,11.364887439575284,1.0,143,143,11.147102147200485,11.8018506129831,0.16885856391736595,11.252061068330843,11.468365196451948,-0.052129199591020026,0.048055095881990084,0.021572828581385827,-0.014418360908790895,0.013893549277026018,
roundabout_PCG_39,PCG,1,11.037449484049088,1.0,139,139,10.588431298128807,11.325162485934337,0.1876187729257859,10.921503152430965,11.15513634355747,-0.0556349406883232,0.08041448516334349,0.028088573930314064,-0.0186233299111489,0.015196342547818986,
roundabout_PCG_390,PCG,1,10.960648561663213,1.0,139,139,10.151843115204493,11.535888751411328,0.34408639832906307,10.801617509077625,11.236533105947615,-0.09104957337726205,0.11573316155657665,0.04297288189909065,-0.023793226801901213,0.026876620313633026,
roundabout_PCG_391,PCG,1,11.275811952485004,1.0,143,143,10.296345062504093,11.99918421958001,0.49507191828065883,10.895143084363944,11.679135676482899,-0.10489852578506742,0.12788658871696867,0.05539310337353829,-0.04084438750266983,0.03704907352534015,
roundabout_PCG_392,PCG,1,11.069242829008385,1.0,140,140,10.550037150111184,11.535504763227008,0.2600677373906252,10.849001819175196,11.301473688352958,-0.11172434940175613,0.076515557596883,0.03809418406573149,-0.02253113051823119,0.027621502987435154,
roundabout_PCG_393,PCG,1,11.123457229571333,1.0,141,141,10.379817179804068,12.143433942699756,0.4868009835407008,10.74891311977107,11.415274771226187,-0.13063947169330525,0.1637581470868099,0.06432175384911488,-0.04932273113115215,0.04096314808295709,
roundabout_PCG_394,PCG,1,11.299756269788109,1.0,143,143,10.826700275201453,11.97399287680108,0.33599422120501926,11.004021643553642,11.544097179375203,-0.08848533309839723,0.06014313774442037,0.04199202905790775,-0.03410576591102377,0.0410666153774768,
roundabout_PCG_395,PCG,1,10.9486745096613,1.0,139,139,10.0841986140862,11.919650933681696,0.47932995076147555,10.537110525064234,11.34552830761815,-0.1272112378001058,0.18641710061024241,0.07271766680290834,-0.046507455991290136,0.04426088349677482,
roundabout_PCG_396,PCG,1,11.015700349828993,1.0,139,139,10.390258324463886,11.70138836210612,0.32952199287246947,10.78578233084627,11.197144182822829,-0.11362762833119788,0.08268500705486659,0.04276543453556468,-0.019860333093581595,0.033796367327920684,
roundabout_PCG_397,PCG,1,11.12326557250951,1.0,141,141,10.134523701939898,12.264614451767446,0.5589002696110029,10.715486271525602,11.472127951005238,-0.156930337316199,0.1088828371596513,0.06929577355236392,-0.03155220883613197,0.0521935577032302,
roundabout_PCG_398,PCG,1,11.157320336158671,1.0,141,141,10.39393854194533,11.743506328781844,0.4250340900494286,10.771576197441167,11.563307029357132,-0.09282285068215579,0.0714183063523759,0.041884217251002435,-0.02856834426327204,0.03171427603191468,
roundabout_PCG_399,PCG,1,11.066441216372326,1.0,140,140,9.951432361749616,11.873980807687927,0.5234651378710063,10.611502040438488,11.554972786925951,-0.10805186416871315,0.12839192412661404,0.05397023001720274,-0.05000890252012358,0.037780860480019385,
roundabout_PCG_4,PCG,1,11.172959988659128,1.0,141,141,10.931336659203573,11.401090291774777,0.12756559692695058,11.083338387370537,11.281033219765341,-0.048556788920059546,0.03899485163923089,0.019356177853631147,-0.011954168295012835,0.013186781624114019,
roundabout_PCG_40,PCG,1,10.97607896664277,1.0,139,139,10.206046131991101,11.581107766732817,0.37052056493226276,10.74604607168139,11.267826023557783,-0.06788522100120531,0.11726279208114399,0.04380248318365659,-0.03615363353244305,0.026859825252167013,
roundabout_PCG_400,PCG,1,10.97496627883623,1.0,139,139,10.361470950437743,11.80014775621712,0.3606914719633881,10.652965768617324,11.230307795822396,-0.09443625355014618,0.09337547136210489,0.04128985426440329,-0.02338649085279343,0.02198697996534804,
roundabout_PCG_401,PCG,1,11.081669110566402,1.0,140,140,10.381795768612834,11.642899736343127,0.33266000146242697,10.811167340830295,11.372330229548252,-0.14578814997383738,0.09050764143350953,0.05182370119466113,-0.02596860785409527,0.03962490523461781,
roundabout_PCG_402,PCG,1,11.28781745320179,1.0,143,143,10.486232427786433,12.476747509901372,0.6051801082078735,10.70816861983332,11.83343739934715,-0.0938747361295107,0.11140765370428873,0.057199155737615796,-0.048050582774402884,0.049885381414375374,
roundabout_PCG_403,PCG,1,10.84567197967771,1.0,137,137,10.554718455662682,11.221760796162211,0.18760440636476902,10.675400795888802,11.00780631429345,-0.03952401021502716,0.0355695089229755,0.020567198403954427,-0.01992069667251606,0.017224713465916253,
roundabout_PCG_404,PCG,1,10.93083077565746,1.0,138,138,10.512722898990198,11.235044565140818,0.24936120305200876,10.702129631765368,11.16613567201847,-0.08744645943439266,0.05873653322037775,0.02961914103493523,-0.017992154596587095,0.016727475160155603,
roundabout_PCG_405,PCG,1,10.864314364669479,1.0,138,138,9.756279978808461,11.847065336026839,0.5474438655327771,10.479317470739485,11.312352603490531,-0.101212404287919,0.13671805737353004,0.06027713168772798,-0.04961052839336233,0.048995870640355044,
roundabout_PCG_406,PCG,1,11.163137498320438,1.0,141,141,10.768763852220571,11.388134514713553,0.14846364107570584,11.10811704774414,11.253868772741917,-0.04302327766385794,0.038446399454153735,0.0182418219802667,-0.010804291249003839,0.011791560264294176,
roundabout_PCG_407,PCG,1,11.182823639015666,1.0,141,141,10.700304971013795,11.766301612856845,0.2963436396638711,10.945399574602861,11.468715303305547,-0.063500950369761,0.05453140611682272,0.03479289750891312,-0.033020396869591906,0.029978080856595923,
roundabout_PCG_408,PCG,1,11.226330024291459,1.0,143,143,9.995849628868324,12.320029964734239,0.6742740495965346,10.724182664680548,11.759215448270375,-0.13995536196005887,0.13926146358835112,0.07420936886854922,-0.05755050964009012,0.06036824722121725,
roundabout_PCG_409,PCG,1,11.273343019278231,1.0,143,143,10.1666806395553,12.28481155668879,0.5521015561322093,10.9079630135239,11.688501553704032,-0.10200078477438979,0.11447493505583317,0.06380749720121531,-0.05530468538097555,0.057687682853944544,
roundabout_PCG_41,PCG,1,11.116029664787995,1.0,141,141,10.25839393733512,12.14901295489076,0.4770833398608102,10.795612645539702,11.42275966072578,-0.11361717915577785,0.15956269155174851,0.06310375176787902,-0.051871711680044896,0.03584307785876106,
roundabout_PCG_410,PCG,1,10.912803449220709,1.0,138,138,9.94750441488514,11.687833517953162,0.4880526186393287,10.491248794782617,11.335519574261447,-0.08950134107266905,0.12822156612910263,0.05244186053688861,-0.049072753680253545,0.038915282903100756,
roundabout_PCG_411,PCG,1,10.883751658381358,1.0,138,138,9.797057981470774,11.541298702200624,0.5495572280865472,10.444777425718808,11.37935656110639,-0.1232207570678181,0.10751257546643167,0.06114175748998377,-0.03608498826386475,0.049217137099204056,
roundabout_PCG_412,PCG,1,11.183173969090946,1.0,142,142,9.73328030956094,12.442003881953248,0.8170654622572544,10.5015868155923,11.950921681717677,-0.16607875968653474,0.14798548514247933,0.08305250496727917,-0.06551426696634088,0.06298593703964439,
roundabout_PCG_413,PCG,1,11.256651278033422,1.0,143,143,10.284090967685426,11.9810805911958,0.43309696932892855,10.952084275664648,11.586350656628301,-0.10398201692643383,0.10915770905401345,0.052020765791888274,-0.03236197635260307,0.027830117225676076,
roundabout_PCG_414,PCG,1,11.144051626348608,1.0,141,141,10.735646427650039,11.490763266698245,0.19805042896933625,10.997420554185878,11.290129677406394,-0.04792005915715691,0.04498872574112944,0.022980681691601414,-0.016655316878861015,0.01895940999451895,
roundabout_PCG_415,PCG,1,11.228201978556163,1.0,142,142,10.42751118256598,12.103059225425906,0.4347047693870409,10.914753082065344,11.535944496368236,-0.11128462586579957,0.09453339730767318,0.047430200584999326,-0.03360558052255458,0.02668758181392672,
roundabout_PCG_416,PCG,1,10.99879966354258,1.0,139,139,10.417673782404604,11.497209569259754,0.3055832687288259,10.776733509787551,11.256166392550105,-0.06635882275606697,0.04758525338126951,0.03324625255361777,-0.029275772438840164,0.026845533685562195,
roundabout_PCG_417,PCG,1,11.417005645300849,1.0,145,145,10.422209003784912,12.492600373584787,0.5695120623282481,10.863100618339606,11.886554165716314,-0.15097288215340754,0.09526515976754091,0.06320339517954651,-0.0388081878563149,0.0565542282949707,
roundabout_PCG_418,PCG,1,11.094901243384795,1.0,141,141,10.174808163085794,12.017332823687523,0.3810515166192092,10.866589675174504,11.29011485097283,-0.12497047969937825,0.14352226566424342,0.059875415898402576,-0.03794494420639971,0.025616104218650904,
roundabout_PCG_419,PCG,1,11.119839385282539,1.0,140,140,10.706558473626707,11.3728731063235,0.16143418887306646,10.99671831440889,11.258321335611786,-0.046249135070718594,0.07314838624835751,0.025369344347839776,-0.02021990661200812,0.016085018879904656,
roundabout_PCG_42,PCG,1,11.20075771399889,1.0,142,142,9.951017748200382,12.308592724886154,0.5680063617729262,10.755691207422519,11.547916736249842,-0.1320291797369837,0.1465714354901806,0.06222174768810314,-0.04230195646091506,0.02619249751960062,
roundabout_PCG_420,PCG,1,10.891400939315911,1.0,138,138,10.073983049398354,11.719359487060261,0.4857373060776671,10.524746363352461,11.288740784183181,-0.1106330506724813,0.12709270294566366,0.05797495357519585,-0.04457207742906233,0.04139773016533166,
roundabout_PCG_421,PCG,1,11.2079026920056,1.0,142,142,10.765327363994226,11.863552954777052,0.27309319969513846,10.992007205506255,11.415788292851852,-0.09059228915535655,0.08286938666097754,0.03781895368002977,-0.024595160210334033,0.025967228699093958,
roundabout_PCG_422,PCG,1,11.076555740343766,1.0,140,140,10.076166695709086,12.25794451539488,0.6506001665644696,10.496387683361686,11.611163719120446,-0.09405531494761732,0.1251775028112494,0.06423291185710833,-0.05441082179279455,0.0530181731099022,
roundabout_PCG_423,PCG,1,11.072939229768236,1.0,140,140,10.78518263754291,11.380137492641893,0.16556454056256875,10.914695845462166,11.200249790992697,-0.04329770197006333,0.03832449076439559,0.02149485825195255,-0.016533683034846813,0.017892239375660868,
roundabout_PCG_424,PCG,1,11.120674217573075,1.0,141,141,9.89183146065823,11.94574701189232,0.5671033644776976,10.691884262775703,11.526623383032904,-0.18036044968763498,0.11782769070551247,0.06502810528390943,-0.0388696815425309,0.04510786142943424,
roundabout_PCG_425,PCG,1,11.082074468096412,1.0,140,140,10.543344171456988,11.894383454848112,0.3198065362552308,10.857440346884344,11.260064986112122,-0.07633808370971096,0.1390755500061811,0.04422727911375069,-0.025493157325091165,0.02083879421376711,
roundabout_PCG_426,PCG,1,10.844875361681726,1.0,137,137,10.191968210580592,11.395327494084567,0.29299521195673983,10.666699332437473,11.05453020436493,-0.11131465125426665,0.07087250206489948,0.03986652087808448,-0.01878353617860462,0.027225229809433316,
roundabout_PCG_427,PCG,1,11.094356336071886,1.0,141,141,10.180844610558454,12.088977518781718,0.47427455678054753,10.801879599999271,11.384756963098832,-0.1740518720677784,0.07872960906391846,0.060662265003498285,-0.043161963914325696,0.04532655310962319,
roundabout_PCG_428,PCG,1,11.324171350130285,1.0,143,143,10.68408388581535,11.953368868930852,0.34122388254233926,11.124113961683584,11.600909734326024,-0.05795231265370582,0.06477955381356715,0.03707261413644113,-0.03590544431520293,0.02954060840400885,
roundabout_PCG_429,PCG,1,11.188176769980474,1.0,141,141,10.432017053250112,11.945701239170294,0.37178341145561244,10.914255297711362,11.441736691806895,-0.0742522120489646,0.09805743370736941,0.04068931834699905,-0.025947328386045854,0.019148634974650136,
roundabout_PCG_43,PCG,1,10.940322661032845,1.0,139,139,9.966055975011454,11.604708968273876,0.45754617707336775,10.639470312917645,11.28054322700038,-0.10471942592381112,0.12133888436977003,0.054752831583207165,-0.04351541478857435,0.03487650077938742,
roundabout_PCG_430,PCG,1,11.15472130169122,1.0,141,141,10.674351226069714,11.41849665600585,0.21490287612317677,10.993400712038529,11.323061985219335,-0.05506030930169281,0.08868244058358421,0.030124507515989104,-0.017982322045288157,0.016270685095692627,
roundabout_PCG_431,PCG,1,11.530400153619167,1.0,146,146,10.914523530152914,12.151513715111724,0.2973225929059089,11.341474574594857,11.74247713002424,-0.05552236685470646,0.0821909829265568,0.033548441272638264,-0.024155958086539808,0.022637325919938167,
roundabout_PCG_432,PCG,1,11.31952217936866,1.0,144,144,9.95400936441381,12.528441363776217,0.6264079871074082,10.947851260645658,11.77684231325193,-0.16827827685289876,0.10515633492370391,0.06940460433579655,-0.03238924879562077,0.04496331378550655,
roundabout_PCG_433,PCG,1,10.920737498052276,1.0,138,138,9.971585417594849,11.752657225088242,0.45236378661501925,10.563038078985553,11.228521336573992,-0.11825927301085315,0.09104319749709155,0.05428301271135261,-0.020828502048885866,0.05032136647636376,
roundabout_PCG_434,PCG,1,10.520262421141856,0.7479166666666667,107,106,7.429414595823993,13.83223137637031,2.0420439502195484,8.487269287855344,12.297663435905513,-0.24186070689987638,0.16242030412342778,0.12585865605746843,-0.10790471368818966,0.09356801285637584,
roundabout_PCG_435,PCG,1,10.269648426045782,0.6486111111111111,97,96,6.027382574545048,14.68649292167138,2.71780502012144,7.70758699204088,12.768058946751044,-0.2799750073140608,0.2580030427164246,0.1815066340052973,-0.18886301644759218,0.14781994171131352,
roundabout_PCG_436,PCG,1,11.21080711170776,1.0,142,142,9.979688147674873,12.475233601596951,0.6953462428480713,10.630055914945109,11.85086973456307,-0.1485057565676744,0.1030137460225582,0.07154338787606626,-0.056732295412206035,0.05955454976763841,
roundabout_PCG_437,PCG,1,11.052133407004833,1.0,140,140,10.013452899959399,11.993734572468519,0.541406218101611,10.642746525078438,11.51672641807852,-0.08549195006625432,0.11622600352939294,0.05459410922338515,-0.046497114431449216,0.031585778940326215,
roundabout_PCG_438,PCG,1,11.131901379292213,1.0,141,141,10.739736950935816,11.540966795292622,0.23548947155072014,10.940877681375081,11.344274152836872,-0.04006740919651364,0.05455722855306,0.025405340491077528,-0.018344163520012557,0.014197035214271736,
roundabout_PCG_439,PCG,1,10.990573770122737,1.0,139,139,10.527905621438675,11.641700816640164,0.30774715623239307,10.717056946876244,11.19596251112343,-0.08108080521072303,0.10986136149775838,0.044130284533100764,-0.03631713715799201,0.03136659961424382,
roundabout_PCG_44,PCG,1,11.191291301312868,1.0,141,141,10.415749442519157,11.716889205665296,0.2937722200810585,11.03701924820314,11.379920711701692,-0.12396418168884438,0.07179666862366574,0.03940842427217718,-0.009585616067310454,0.021960520100376968,
roundabout_PCG_440,PCG,1,11.0746595382779,1.0,140,140,10.806051561984518,11.364299763323999,0.1527649444127287,10.94004748729021,11.20286513574499,-0.03421524352317995,0.03793715057890168,0.018707935947956084,-0.014859569267712036,0.013042216648375682,
roundabout_PCG_441,PCG,1,11.055771127151436,1.0,140,140,10.097800261578872,11.978645526360703,0.44325164363163555,10.767236637939803,11.382514746792666,-0.12257152622959744,0.11497936755095672,0.05682339671757287,-0.037273820278463266,0.0444297275738772,
roundabout_PCG_442,PCG,1,11.087273111232442,1.0,140,140,10.71089565891611,11.434641792277633,0.15014743282136925,11.047334849756155,11.161122355300826,-0.08341637322267204,0.04256229062444383,0.024442116322175887,-0.009246520553437332,0.011661538159036144,
roundabout_PCG_443,PCG,1,11.195967673180778,1.0,142,142,10.149316650090014,12.004971071028272,0.5514426573502326,10.735676830657262,11.687571041302203,-0.11480524540509407,0.1416248022102895,0.06232904116822822,-0.04924942841871838,0.047554633760870324,
roundabout_PCG_444,PCG,1,11.029784358856052,1.0,139,139,10.393399812348143,11.456154266470122,0.29004350151564123,10.807991011635927,11.286557327454219,-0.0661550587421793,0.11393033182686985,0.04053459490837256,-0.02743755498875622,0.028614630458112522,
roundabout_PCG_445,PCG,1,11.063517601717296,1.0,141,141,10.250634760845214,11.85252854801239,0.4424934661590189,10.638117676788573,11.443704351152657,-0.1504444655509083,0.12215953483014097,0.06718856283540404,-0.0320978732596906,0.05854089096812487,
roundabout_PCG_446,PCG,1,11.335084779659836,1.0,143,143,10.896743706195288,11.877700086825893,0.2529343610535671,11.160887093258538,11.552149887778523,-0.042830303457334296,0.07886985057152707,0.028156458224294228,-0.021535761360912176,0.014532185275848875,
roundabout_PCG_447,PCG,1,11.041889887747425,1.0,140,140,10.379596036305951,11.495530664747614,0.28540170370850754,10.840025065553997,11.271608112842001,-0.13681886678510224,0.06537221226417067,0.04424375452241352,-0.01757019585479913,0.033510123627955135,
roundabout_PCG_448,PCG,1,11.007597183872731,1.0,139,139,10.103619736924186,11.623548167351691,0.43600746504052185,10.614889593141118,11.392360728059103,-0.10108093988595357,0.0978239714584177,0.04661252057781744,-0.02577184610885297,0.033487163528399755,
roundabout_PCG_449,PCG,1,11.018408599898377,1.0,139,139,10.680184173370217,11.298737996273823,0.17496802665604982,10.896489777872674,11.147602054416964,-0.050830789462937176,0.07200359221387487,0.025321217352063073,-0.011256461607316304,0.012626547565417034,
roundabout_PCG_45,PCG,1,11.242139293311475,1.0,142,142,10.643564999466959,11.936419976084295,0.39292867380312657,10.877313091067675,11.611333754563848,-0.0712949177946367,0.06811594602483773,0.04024685618100341,-0.029007269621943887,0.032903773920001544,
roundabout_PCG_450,PCG,1,10.383356596716702,0.7131944444444445,104,103,7.4733353750093805,14.178241060574551,2.180820091898265,8.213958536912823,12.619913095816276,-0.41653869595772797,0.23081099478660327,0.15179957233844557,-0.0922094106932172,0.14410678039455949,
roundabout_PCG_451,PCG,1,11.037272717668497,1.0,139,139,10.389052309853486,11.614822451909292,0.28778098111908285,10.851441151258607,11.21824334848668,-0.09771662317857022,0.07629128738875224,0.03746247496761894,-0.016458431401860096,0.021138207085670935,
roundabout_PCG_452,PCG,1,11.21737874819432,1.0,142,142,10.688726065830288,11.813215332247484,0.3286063562056815,10.944903632387613,11.458200041914868,-0.09370806098328543,0.06874504972807749,0.04302251880740989,-0.026434583503843534,0.029497315856512163,
roundabout_PCG_453,PCG,1,10.985053533190122,1.0,139,139,10.468640799004824,11.608663825243202,0.3076375238389847,10.735589419691664,11.225607919583098,-0.08766175791200226,0.0669185590116328,0.03823490285047051,-0.018834639508677142,0.02934703709526154,
roundabout_PCG_454,PCG,1,11.138202225836725,1.0,141,141,10.704384120178931,11.792495108725001,0.28771612443504946,10.904313248240644,11.3200520170006,-0.07917799668356906,0.057523476812221475,0.03185830107208758,-0.021783916576506357,0.025501588151714216,
roundabout_PCG_455,PCG,1,11.244520685955298,1.0,142,142,10.695431337046836,11.816215790609348,0.27212988842669567,11.09418314299578,11.447433764120102,-0.09309964793692949,0.06545082923166134,0.036539639305176334,-0.014173953872434808,0.022182995341547773,
roundabout_PCG_456,PCG,1,11.199837495883262,1.0,141,141,10.597189841048001,11.840071801014872,0.3864613330642729,10.870996950242112,11.569476697874753,-0.06875807062600892,0.06895138998303274,0.03754076407855118,-0.025670891479840918,0.03414790284874769,
roundabout_PCG_457,PCG,1,11.224869675720827,1.0,142,142,10.601820571056754,11.782273455607076,0.33187051131843676,10.9841259758964,11.477003872265536,-0.07349027108437589,0.10490417274492359,0.038295804797118166,-0.02489158582391937,0.019070495936727383,
roundabout_PCG_458,PCG,1,11.177326374534292,0.9152777777777777,133,132,9.481768688783186,12.586314041146114,0.8730773918208675,10.541269781925344,11.963199286771324,-0.4999751472951921,0.10465455680803615,0.10278461061244931,-0.09282726308507527,0.0718074774266797,
roundabout_PCG_459,PCG,1,11.243337877818536,1.0,142,142,10.56194739526007,12.085469094033652,0.40837063490952435,10.90208853019652,11.534651942928686,-0.08403178700933012,0.09875629894559701,0.04744333448743123,-0.04098612476686414,0.03574302802865281,
roundabout_PCG_46,PCG,1,11.285863469333531,1.0,143,143,10.665855341483802,11.914725712826632,0.36238739215987903,10.957991131286054,11.607298433209827,-0.07577513513326295,0.14512373302423853,0.05414896107050665,-0.04074314602520701,0.03579058182083017,
roundabout_PCG_460,PCG,1,11.089011575778828,1.0,140,140,10.282506681338438,11.651880317093505,0.3300619840338458,10.934365238867148,11.295434477068742,-0.12264750806286706,0.1000885097885984,0.04650265850949822,-0.02300698856715666,0.026023893385579644,
roundabout_PCG_461,PCG,1,11.00985189919852,1.0,139,139,10.451731278100059,11.42286169617351,0.263303383608219,10.835088825828112,11.204498036981832,-0.06567332824839944,0.0729450693192426,0.030029945482003727,-0.01640264638604716,0.01437140241096646,
roundabout_PCG_462,PCG,1,11.076625235508924,0.9833333333333333,142,141,9.602795662190037,12.575599871078506,0.8775434569713071,10.263163773046653,11.785127430985415,-0.4998314361147358,0.18267727151894242,0.10694912729303939,-0.08157279750318658,0.07579521497132724,
roundabout_PCG_463,PCG,1,10.921887253946757,1.0,139,139,9.354359840177583,12.330284224927729,0.8086044687279632,10.217692834006822,11.422072391761821,-0.21429724319409438,0.1451564501563567,0.0898273979204674,-0.04731584351618867,0.06861422024494068,
roundabout_PCG_464,PCG,1,11.093882294644164,1.0,140,140,10.57562824781825,11.498853140234186,0.24344941244788082,10.898484599103911,11.303551492735528,-0.07449599632704107,0.10047143621673449,0.03817238206813049,-0.029453451235496697,0.024900656202679006,
roundabout_PCG_465,PCG,1,11.09766166760475,1.0,141,141,9.966561057082307,12.056654657666579,0.5500280382665076,10.662506151260692,11.442909738804302,-0.09926995128555305,0.15629982228925599,0.06731089149462983,-0.0635768808948658,0.04205066724821371,
roundabout_PCG_466,PCG,1,11.434805875412872,1.0,147,147,10.239868456864425,12.72587478683558,0.6696758282398257,10.872721883535315,11.966736788480194,-0.18966335161799108,0.22204116957890285,0.09800796440203513,-0.07125853917625502,0.049281074296235516,
roundabout_PCG_467,PCG,1,11.022731283096883,1.0,140,140,10.079595892226694,12.230434605226014,0.5506496132024473,10.638344807907606,11.489753239283651,-0.11670762696554249,0.15204836221519535,0.06337421945407257,-0.04517973513720719,0.04621886600435188,
roundabout_PCG_468,PCG,1,11.359063657052038,1.0,144,144,10.372874761478707,12.500599664817386,0.6038725356876589,10.856609294037044,11.863721067508965,-0.08866754951757372,0.12574239063372872,0.06182623242405912,-0.04698021967003285,0.05137880492723701,
roundabout_PCG_469,PCG,1,11.00393006176505,1.0,139,139,10.44729525762457,11.457041442427498,0.24308812846709163,10.849156356488457,11.17198796961355,-0.07559273502376662,0.07029089525403265,0.03569279969080048,-0.020898653789708455,0.019405247471081744,
roundabout_PCG_47,PCG,1,11.128555556996055,1.0,141,141,10.634661060733295,11.458223551918804,0.2000043146949949,10.997338223844167,11.264573158465227,-0.060014007480782894,0.07290529758335751,0.026845566629548893,-0.013279390835604588,0.014304629325058826,
roundabout_PCG_470,PCG,1,10.896040504673294,1.0,138,138,9.923447240577351,12.00617162382551,0.5494423496867523,10.469668313371319,11.352210717814451,-0.12382911409718034,0.13530781228722866,0.06431105189973549,-0.040741109051087854,0.055040986124816005,
roundabout_PCG_471,PCG,1,11.394366036520317,1.0,144,144,10.933954304193124,12.036482576014187,0.24968969338982144,11.253669032313356,11.511371408180082,-0.06369908233849131,0.05827286051839842,0.030058672416728435,-0.018754051603714572,0.01865123669381985,
roundabout_PCG_472,PCG,1,11.183725863342922,1.0,142,142,10.495821898509393,12.287013940614898,0.42931977579757774,10.807626536635242,11.44335607182931,-0.14486086467415937,0.13081487982441686,0.054528540926803835,-0.0314752837771346,0.025326460605216372,
roundabout_PCG_473,PCG,1,10.963820226495432,1.0,139,139,9.87304036147539,11.896687224914977,0.6466997080155493,10.37916674329685,11.593948712782375,-0.10744261212832029,0.10475710231170687,0.06270659515844366,-0.044037917825509254,0.06014540674540658,
roundabout_PCG_474,PCG,1,10.889473755427366,1.0,139,139,9.019054337167669,12.283327060772283,0.8769717954924214,10.14055426528346,11.57903693616535,-0.2098899808099386,0.20084599431401884,0.09346460886093652,-0.060903910001574246,0.0790271690043296,
roundabout_PCG_475,PCG,1,11.388352188493185,1.0,145,145,10.062012157704428,12.777031825011987,0.6340991501889393,10.915745000641593,11.810564137332126,-0.12692746895523754,0.1619735273589935,0.0683690359924077,-0.043008705226663224,0.040216717867169294,
roundabout_PCG_476,PCG,1,11.047383738389353,1.0,140,140,10.394011838772471,11.565705565738742,0.34632196652271136,10.72677653441172,11.295481370333405,-0.09717716659148756,0.0791416575868471,0.04063357245540666,-0.01626927050653837,0.023392356299090533,
roundabout_PCG_477,PCG,1,11.224369137912287,1.0,142,142,10.662775457830156,11.903946652650365,0.31382384496974447,10.99781203903715,11.477146110568183,-0.0814287940637648,0.0586734057088929,0.03437059733826454,-0.014501097493254012,0.025728545300794714,
roundabout_PCG_478,PCG,1,11.393133569306917,1.0,144,144,10.907150350012715,11.768487078405657,0.2108211528050248,11.220660143404727,11.567375586307639,-0.04945069237746047,0.0835798113097237,0.03134016277810393,-0.0248982241429605,0.018980762500021786,
roundabout_PCG_479,PCG,1,11.231852691115703,1.0,142,142,10.903035658601187,11.493702584888386,0.15070682843556923,11.12268795876368,11.356872652963276,-0.04482019555340244,0.04569985579729341,0.022289711362030024,-0.016483818133436134,0.014503656466831494,
roundabout_PCG_48,PCG,1,11.013950005531068,1.0,140,140,9.606186485989596,12.285112459103075,0.7574534222779794,10.466477902763282,11.592173668855361,-0.15294896121937818,0.16563874706330672,0.0869584027922443,-0.05495000071613987,0.0775869853264064,
roundabout_PCG_480,PCG,1,11.146295230374037,1.0,141,141,10.148050267505713,12.097368037291588,0.6391794612077124,10.518574340538182,11.747767726594125,-0.11198358397588493,0.0921117050233402,0.05949756269324571,-0.04765099445712906,0.048845902429324184,
roundabout_PCG_481,PCG,1,11.168939940065316,1.0,141,141,10.394577517244484,11.85746461621809,0.43917266793333787,10.785331384577951,11.570017792544974,-0.07586176811370038,0.08551995970196735,0.042482293290500975,-0.03201675112134694,0.03675297825242829,
roundabout_PCG_482,PCG,1,11.178988264964802,1.0,141,141,10.797793234891083,11.857055743469552,0.29126874644087286,10.934143012259451,11.353131953584368,-0.1110345016114902,0.06601190920874167,0.03886446771956743,-0.016527942794287043,0.029535110123449115,
roundabout_PCG_483,PCG,1,11.264998064182775,1.0,143,143,10.380000933348054,11.893926686597196,0.38217215891207523,11.017718556858991,11.579612458820264,-0.10027466837045118,0.1631891530085774,0.057324247815490365,-0.044827716539873386,0.029243678295765463,
roundabout_PCG_484,PCG,1,11.265237289775744,1.0,142,142,11.098849186096745,11.483424367453276,0.09491705748415004,11.194748067819864,11.33272659303293,-0.028050488160165088,0.02975633081067386,0.014387750053382784,-0.00881535686446755,0.00921789852624677,
roundabout_PCG_485,PCG,1,11.050601625720057,1.0,140,140,10.158939234257765,11.804889645690427,0.44262018102042566,10.699513953221004,11.363801403753596,-0.09802000128991573,0.1037849633693213,0.05362451410809699,-0.04674375484379434,0.04425640955751886,
roundabout_PCG_486,PCG,1,11.1604681723794,0.9847222222222223,142,141,10.118880680000416,12.562076362311489,0.7704766868703656,10.447854021173757,11.764600992369017,-0.49952250601156223,0.1541567790071383,0.09394772328969525,-0.08286457538210534,0.06828635283564743,
roundabout_PCG_487,PCG,1,11.133111074878771,1.0,141,141,10.339466681898882,11.873704203868183,0.36773063624958935,10.906730017579392,11.395262582531629,-0.11441960652925331,0.10321538070949998,0.04995186015311859,-0.02687038165273492,0.03398354486976274,
roundabout_PCG_488,PCG,1,10.991565581108766,1.0,139,139,10.439711579038038,11.565375959117903,0.3097832082701906,10.741397996360954,11.24341081667069,-0.09832965753160572,0.07216608873432584,0.04387804527713938,-0.03530651261310602,0.03521858959512336,
roundabout_PCG_489,PCG,1,11.15141046894208,1.0,142,142,10.385189889995425,12.345460247557343,0.5113482037900533,10.727385229861325,11.448093817937515,-0.08388498403017586,0.1805139316317934,0.0638477547295921,-0.040785891450024536,0.03083132126590904,
roundabout_PCG_49,PCG,1,11.115387231841645,1.0,141,141,10.069783165912861,12.09879723859059,0.5403396246275995,10.715984648260745,11.552777133183081,-0.1103051317108612,0.12429082554405468,0.062129665427574025,-0.05736050134597903,0.03753288548667655,
roundabout_PCG_490,PCG,1,11.255410644263707,1.0,142,142,10.496859140090063,11.978440636993197,0.33684566122237153,11.041549500364162,11.42721091305473,-0.10080248788701596,0.09748799324408353,0.042286347670778525,-0.012912261561240701,0.015917347506583468,
roundabout_PCG_491,PCG,1,11.187080883729774,1.0,141,141,10.503011749681924,11.712799593661419,0.32500334769543865,10.918287181149948,11.39485334412,-0.07488521176113316,0.10493836819849278,0.04011132067161299,-0.024575456328586043,0.023420542256697985,
roundabout_PCG_492,PCG,1,11.40913305415199,1.0,144,144,10.893285135302472,12.158259740282125,0.3566179913145967,11.136838843263348,11.688931435924914,-0.06548171988447038,0.07476653463655758,0.03959988067837475,-0.0344362057342158,0.02772760924434481,
roundabout_PCG_493,PCG,1,11.431692386647265,1.0,145,145,10.665585552361652,12.020526578183642,0.36734376749334496,11.107942798055213,11.724888896972157,-0.11447180350895536,0.09025581802425364,0.044830323840758385,-0.03099716187577428,0.025873547416651377,
roundabout_PCG_494,PCG,1,11.434601533166138,1.0,145,145,10.388897004347685,12.483397347007823,0.546950003311466,10.986362623384544,11.871457650672061,-0.12560157153756002,0.08562608937102745,0.05687700166028119,-0.04594864467646964,0.037805158711071485,
roundabout_PCG_495,PCG,1,11.35288257064724,1.0,144,144,10.726315891514568,12.260978671012031,0.4412752966972947,10.963194370712655,11.70607997110198,-0.08291329198890907,0.15926103884368636,0.0601387427939184,-0.05146199509283944,0.04725374470741217,
roundabout_PCG_496,PCG,1,11.220367085698866,1.0,143,143,10.322806434812135,12.222909732775014,0.5222026063937386,10.834153204064087,11.490315772324365,-0.14837728607662726,0.12219596544775513,0.06859752134328198,-0.04387497538604901,0.05465314387879161,
roundabout_PCG_497,PCG,1,11.319465496420326,1.0,143,143,10.701874715058347,12.076044558807482,0.37297518443872996,11.057822580107498,11.619092846225344,-0.08762075134344549,0.07119753741928214,0.04867594169233749,-0.04109345646275475,0.04632832007711052,
roundabout_PCG_498,PCG,1,11.145518293212358,1.0,141,141,10.599662169435055,11.744316003494827,0.312900539582891,10.94019006124582,11.412069875922729,-0.08815732423375522,0.05386265943587354,0.034557688664225865,-0.014884642032038542,0.02597487412678312,
roundabout_PCG_499,PCG,1,11.115833112165692,1.0,141,141,10.128853996566905,12.159392399767171,0.563430172602754,10.674389572351531,11.563115515747223,-0.08878554890577561,0.12489150673744298,0.06011863402661154,-0.042972876680613226,0.05009543163334307,
roundabout_PCG_5,PCG,1,11.098160715026598,1.0,140,140,10.779882261118216,11.293368237669554,0.14098802926461718,10.98050768737199,11.205505710920583,-0.04113713100633021,0.05560392286044724,0.019669705153052268,-0.007388448989355645,0.010158052205802015,
roundabout_PCG_50,PCG,1,11.082126325529329,1.0,140,140,10.490691306572883,11.623147118704518,0.3783628333179858,10.702338212852649,11.434607852639889,-0.07291389887827648,0.06719963455584121,0.037168668057000594,-0.025386617038679393,0.0317749369572371,
roundabout_PCG_500,PCG,1,11.205508915532183,1.0,142,142,10.543906556561266,11.759980994075406,0.28858455407957045,11.032117531039498,11.364539620761452,-0.11824815307824466,0.07317975224393614,0.04059162023278082,-0.015024116351562977,0.029996959903996423,
roundabout_PCG_501,PCG,1,11.195208446692883,1.0,142,142,10.222788772811963,12.145121703493475,0.4645364559244586,10.907713893358006,11.573514610144997,-0.09700929273677517,0.11866709852741586,0.05265067684303949,-0.04075499693827256,0.02668706051198777,
roundabout_PCG_502,PCG,1,11.14108945356276,1.0,141,141,10.27598457860862,11.741417116275477,0.41852439652054835,10.791915182704683,11.426515009695015,-0.14823890162470654,0.11861723201222318,0.05130639118223052,-0.025276672068089923,0.026159515075567796,
roundabout_PCG_503,PCG,1,10.91394380822666,1.0,138,138,10.5803481833993,11.423402749811165,0.20420047307064734,10.752013200854824,11.028644904037236,-0.10495156019495866,0.05280096253729383,0.031138714514178614,-0.014985459030878445,0.017475008703481176,
roundabout_PCG_504,PCG,1,11.179419150842538,1.0,141,141,10.398063522674938,11.782850904811351,0.3209696356442108,11.007189664774712,11.362069907824171,-0.12205968519256594,0.08772080242124503,0.04172593484266055,-0.015843338117669248,0.014878254061105878,
roundabout_PCG_505,PCG,1,11.231543530887961,1.0,143,143,9.734533124535,12.428016708496513,0.7765465759893951,10.58358669154487,11.910227628291855,-0.18399190721357606,0.13868023640220706,0.07998636266330598,-0.04722901715456107,0.055811399996595235,
roundabout_PCG_506,PCG,1,11.364127485552736,1.0,143,143,11.058905057872172,11.660329228675403,0.14072448854917669,11.286826531644854,11.433553029613888,-0.04584937922492216,0.029875246317160986,0.01914351895717355,-0.012531813282611992,0.016441443333088834,
roundabout_PCG_507,PCG,1,11.216089824321536,1.0,142,142,10.818696818259207,11.754759455806505,0.24746145529383923,11.03346076673819,11.357720405063322,-0.0812008119980181,0.07193510072219667,0.03567442134453176,-0.02185324418897583,0.02561870771751895,
roundabout_PCG_508,PCG,1,11.204385637043746,1.0,142,142,10.6323492161732,11.62558404933767,0.2437395605651501,11.084917995457571,11.340730880691128,-0.09679212412499716,0.07178414321696813,0.034118908656300295,-0.0165155352454045,0.019380636519061856,
roundabout_PCG_509,PCG,1,11.384470079798653,1.0,144,144,10.651377403436136,12.080878407505734,0.3854280779349832,11.111649007032472,11.660192730521597,-0.07920798375825022,0.10078403982923767,0.04637766783367521,-0.03454622689208886,0.03765510575112874,
roundabout_PCG_51,PCG,1,10.674041447198718,0.7451388888888889,110,109,7.718286737602294,14.82041107330033,1.9053084555685529,8.90038091822565,11.731486639099714,-0.4928324034971201,0.20606253737143732,0.14396836445117123,-0.0843536262798672,0.13824910794843603,
roundabout_PCG_510,PCG,1,11.154004169128198,1.0,141,141,10.335680600303489,12.19958839152945,0.43910234590050423,10.7943448256313,11.45059933453607,-0.11846894646930295,0.12010115624983442,0.05271564254454239,-0.032958987802961914,0.03088924161620632,
roundabout_PCG_511,PCG,1,11.02968468570494,1.0,140,140,10.036134702893477,11.927816308927518,0.43448644030214356,10.801590175981929,11.362015996517297,-0.07893444629755031,0.13945183032959818,0.05592803008581391,-0.04655603034100064,0.025282701811086827,
roundabout_PCG_512,PCG,1,10.837720989373809,1.0,137,137,10.557941418569056,11.102987003828051,0.16023435199255806,10.713252125615226,10.963227411148042,-0.042440554106786266,0.06382181467554737,0.02161532696067626,-0.015138567582175355,0.008833941080428787,
roundabout_PCG_513,PCG,1,10.905590860065987,1.0,138,138,10.16350203922367,11.740765537889036,0.37022058475678693,10.66627546032796,11.159522479648345,-0.15293304685786957,0.11185381625481838,0.05879459026330063,-0.028051382072658892,0.031182414114256485,
roundabout_PCG_514,PCG,1,11.036613663089746,1.0,139,139,10.742794623319734,11.387474605445723,0.19465078171687245,10.854352682637192,11.168320577142794,-0.05563415626859758,0.04961227438844773,0.023297835479682866,-0.016855736504583163,0.019368083770682887,
roundabout_PCG_515,PCG,1,10.826220559711519,1.0,138,138,9.408405531896225,11.904314986911936,0.678958468825147,10.377894334297201,11.3344030497694,-0.23744338931681597,0.11874674696616339,0.08834471325838845,-0.050441653241238615,0.0726320770781288,
roundabout_PCG_516,PCG,1,11.189449735119169,1.0,141,141,10.993382879614396,11.369639441497245,0.1069857740771403,11.10359797852907,11.271716195832807,-0.03132661506615797,0.04045639474284357,0.016606739961748655,-0.010512734662100343,0.01105895305114224,
roundabout_PCG_517,PCG,1,11.427534829062836,1.0,145,145,10.628035729824505,12.08799398056429,0.4005741857032458,11.187934663167042,11.804957306660645,-0.10723460448449806,0.14618555239811926,0.05622385457600766,-0.04186109434245289,0.039526882859599155,
roundabout_PCG_518,PCG,1,11.420386419754951,1.0,144,144,11.058241788039517,11.846457020442116,0.19760706834840372,11.284750066528824,11.496282829933538,-0.05353262728460173,0.07037888535625747,0.028959654008862818,-0.020267590534540858,0.018480634118500205,
roundabout_PCG_519,PCG,1,11.003447722367612,1.0,139,139,9.906994668630588,11.883688305690697,0.6332554225409316,10.4415946826507,11.624327146126298,-0.10015194651033887,0.12996779949909865,0.06122170998776235,-0.05341549101326759,0.04143046199825129,
roundabout_PCG_52,PCG,1,11.330629146909192,1.0,144,144,10.133447528498841,12.832473865988016,0.7942760591994531,10.603445910354138,11.954536890258993,-0.10702268843128593,0.1973581761170511,0.0838791560313608,-0.06607584901419594,0.06544990877157408,
roundabout_PCG_520,PCG,1,11.294323587535244,1.0,143,143,10.616991524445352,12.105301834755458,0.4661473902648976,10.85545246382439,11.683796698795662,-0.12931519695213467,0.10126457791339583,0.0599248756887404,-0.04952639271056736,0.0600703096525006,
roundabout_PCG_521,PCG,1,10.90151270807889,1.0,138,138,9.70517108219888,11.808585475218933,0.6259248560470604,10.401947973863093,11.444088454810954,-0.12716976900933474,0.13055726853840532,0.06821669357151149,-0.05786867085680392,0.041538661530239995,
roundabout_PCG_522,PCG,1,11.13689002933888,1.0,141,141,10.598930395823293,11.841590069713643,0.2969419418564741,10.921596298282063,11.337879977909989,-0.08515922171804746,0.08791202156061573,0.038512571618334115,-0.02092950194454346,0.021036898472075904,
roundabout_PCG_523,PCG,1,11.479699949446948,1.0,145,145,10.732236747782197,12.195707823040959,0.35931625108157,11.230120910918751,11.710657626713234,-0.06371165750605279,0.08432710195410031,0.04125513147943588,-0.03852740715578129,0.022516801815070764,
roundabout_PCG_524,PCG,1,10.864309317944949,1.0,138,138,9.730794719722764,11.706269084758288,0.5057722469184032,10.476338953860107,11.265534791380517,-0.11857262688620551,0.12532729057084246,0.05422472471134268,-0.029183303159587837,0.037503190270179676,
roundabout_PCG_525,PCG,1,11.25256052553371,1.0,142,142,10.720675424872379,11.797594153902832,0.29863600800730056,11.050410221889033,11.502651914589858,-0.06955517033322245,0.04535387137506852,0.030902523632572138,-0.02139122005798333,0.026552268930479794,
roundabout_PCG_526,PCG,1,11.335577119676124,1.0,144,144,10.604695130653651,12.320289049182163,0.4433668471965606,10.955273931883276,11.66624685188711,-0.0733269091212545,0.1732123259352587,0.06311543584628718,-0.05164216628388152,0.04072676032741951,
roundabout_PCG_527,PCG,1,11.246098340442733,1.0,142,142,10.750236158322567,11.766216079112445,0.22656545591996358,11.091517233287153,11.389063274385695,-0.12028226963570354,0.07398458364726324,0.04114382318384116,-0.02385433548320881,0.029734106705410213,
roundabout_PCG_528,PCG,1,11.32483092159037,1.0,143,143,10.639610192430682,12.13287541907597,0.3862676280277084,11.037376669843958,11.499931526921872,-0.11489823717491277,0.09344960807733749,0.051772697516282024,-0.020274517180513207,0.04265112347433142,
roundabout_PCG_529,PCG,1,11.147979884839822,1.0,142,142,9.809366816550005,12.465820263082904,0.7913210893079379,10.456308695089987,11.872283958022821,-0.1095160608228305,0.15485423078224336,0.07907613733321515,-0.06171450793019995,0.07120536295659408,
roundabout_PCG_53,PCG,1,11.034423824266291,1.0,139,139,10.679110629549642,11.413670448281568,0.18662344706445447,10.909916179713438,11.18577272394272,-0.0391858422721203,0.046445142892128644,0.022491371467768178,-0.016939303600727484,0.020252692764857194,
roundabout_PCG_530,PCG,1,11.28439136798407,1.0,143,143,10.452370453648383,12.44187748485797,0.5547494786121115,10.863178118049548,11.719399146839773,-0.09629709407442988,0.11542704706722517,0.06008463901276564,-0.05040163749672644,0.05987844151845412,
roundabout_PCG_531,PCG,1,11.335644634173878,1.0,143,143,10.76266010005713,11.63859209261343,0.21902889018413696,11.225997069772568,11.500050659036294,-0.09545342185662165,0.058930972327615905,0.03211237424785299,-0.014698934460906088,0.01938021436076287,
roundabout_PCG_532,PCG,1,10.940043721773531,1.0,139,139,9.91406280287933,11.686185842304818,0.4776003508955014,10.557393583186357,11.33219827813484,-0.1340776016691123,0.11424284879311308,0.055092342514186016,-0.014058537899479084,0.03623668082120535,
roundabout_PCG_533,PCG,1,11.275697077743176,1.0,143,143,10.58849202509525,12.001918095933014,0.41723071872081285,10.96872843968043,11.637052973818413,-0.08806367524871384,0.0642416457354944,0.04420081210886824,-0.03352910709702073,0.03291537306786907,
roundabout_PCG_534,PCG,1,11.186391445048844,1.0,141,141,10.711393209885216,11.721788231119573,0.2552360104601982,10.985484114119055,11.338313865069853,-0.07329080196528892,0.05560751105975115,0.029958993502846643,-0.0152439594505136,0.015989356394333853,
roundabout_PCG_535,PCG,1,11.018530845784168,1.0,139,139,10.608980589106501,11.448532622613083,0.1980544139530441,10.887146632726985,11.171103616961078,-0.07597770376157698,0.06266735908855026,0.03179778362479047,-0.01109537642372338,0.022980026972255985,
roundabout_PCG_536,PCG,1,11.223684750906564,1.0,142,142,10.627920533162523,11.75094670948229,0.2850866304378698,11.041332749451964,11.44136428949868,-0.07945391167364235,0.05879083163435439,0.03395754767631109,-0.017539040229639813,0.026418564806344857,
roundabout_PCG_537,PCG,1,11.187049257741542,1.0,141,141,10.731101709101045,11.765649619548272,0.26816026153033584,10.993902570865044,11.397780096412028,-0.06753264015705263,0.06401965253067843,0.03219243094074735,-0.022740898560412504,0.026970098847037605,
roundabout_PCG_538,PCG,1,11.098936088529152,1.0,140,140,10.549309010223944,11.822555444052494,0.3122135630401688,10.88341976422779,11.345991067483617,-0.08165493486266762,0.08665916953504116,0.035709386684094506,-0.01871156519468098,0.0221058501625242,
roundabout_PCG_539,PCG,1,10.99071443602132,1.0,139,139,10.468524195758299,11.543938719592958,0.2611376844069616,10.806913955951137,11.149909239858435,-0.09868049072023766,0.052485783571357914,0.03374205141750601,-0.012497345831100404,0.024133118619838356,
roundabout_PCG_54,PCG,1,11.260090085223375,1.0,143,143,10.258219571276973,12.550873146776384,0.7041393374421078,10.602234765347124,11.882958949258267,-0.10029033864965164,0.13119106681615378,0.06625472909629393,-0.05113388938228791,0.05909453394017383,
roundabout_PCG_540,PCG,1,11.242703851034094,1.0,142,142,10.794607530740375,11.97262312548712,0.3108264450732094,10.999734141725199,11.432175047842712,-0.07300562414651601,0.13997438538610574,0.04640307228476878,-0.032104045141081894,0.02850845208040953,
roundabout_PCG_541,PCG,1,11.112341169221837,1.0,140,140,10.63170420546746,11.528228915008079,0.22534887496773265,10.944591010305704,11.277654054468837,-0.051504902977727696,0.09097001706457775,0.03068009642270582,-0.021715771235794268,0.018201403099144198,
roundabout_PCG_542,PCG,1,11.181408367789233,1.0,142,142,10.409537302249474,11.713069444016638,0.4027706854985149,10.941236226275958,11.540591354629992,-0.1105854210950632,0.13720842990653637,0.05620846523670016,-0.037770534317884685,0.03956043001871423,
roundabout_PCG_543,PCG,1,11.229335289371084,1.0,143,143,9.89694405307306,12.200292063649455,0.6403434790166915,10.770126523239643,11.58391524843897,-0.21074302157488312,0.14421396145903387,0.08329872034980174,-0.03043471331990588,0.05417506466110211,
roundabout_PCG_544,PCG,1,11.086536680172932,1.0,141,141,9.987792132291432,11.86518481630168,0.41934203228599504,10.923264441117338,11.316245272509343,-0.16494876146691162,0.12551687858726446,0.0558966474968912,-0.027670394665165077,0.027152626702481086,
roundabout_PCG_545,PCG,1,10.829298005193554,1.0,137,137,10.119360078712795,11.526048798484544,0.3424030705623232,10.666621527844855,11.013410596970036,-0.07601848193850813,0.10017816191153628,0.047735997185557634,-0.03223394869348972,0.03908894818524011,
roundabout_PCG_546,PCG,1,10.9105436829985,1.0,138,138,10.444671478272015,11.617824706747248,0.29392697578898597,10.669184093993012,11.052636699182896,-0.07825382121396096,0.09769642412733326,0.03864231382197871,-0.02613385136805446,0.025869315120319758,
roundabout_PCG_547,PCG,1,10.963328924495988,1.0,139,139,10.062135370308155,11.612795096660948,0.46631614458843734,10.524188782595779,11.376877488221336,-0.07833191640568771,0.11146620609123659,0.04735386208609232,-0.04174595505018974,0.034840720262663716,
roundabout_PCG_548,PCG,1,11.48465553359328,1.0,145,145,11.226781250566479,11.893341347698382,0.14407916780209304,11.396779850449668,11.57220509065485,-0.05816011893711881,0.04515753404367118,0.02232562588627697,-0.014757813931044694,0.014185186328957045,
roundabout_PCG_549,PCG,1,11.4076837805064,1.0,144,144,10.57254125651848,12.185985039757753,0.418404417315928,11.141424175254404,11.70634049058755,-0.08720519414332983,0.1497745218922013,0.05048171503264328,-0.03458330290496825,0.026108397700084218,
roundabout_PCG_55,PCG,1,10.874456627797052,1.0,138,138,9.705493900359103,11.757131210743383,0.6357485924629579,10.34524899594376,11.401217262825051,-0.12726420302500863,0.14280077166675476,0.06808501684855874,-0.05703921313719551,0.05023067376131207,
roundabout_PCG_550,PCG,1,11.154460844408572,0.9840277777777777,142,141,9.926821706720727,12.350365310723296,0.7709187031738085,10.446532152171963,11.873270051103823,-0.4996881363271477,0.1563120858779481,0.09743120476810904,-0.06089570493462304,0.06601259453376507,
roundabout_PCG_551,PCG,1,11.231995218519346,1.0,143,143,10.215584098462111,12.482022014598378,0.5893323682005763,10.74094691663813,11.57173118489101,-0.16201033653818442,0.129880660468082,0.07298487753427962,-0.03170941180003606,0.04726702371003455,
roundabout_PCG_552,PCG,1,10.857516120653639,1.0,137,137,10.497559163816998,11.171149237893196,0.14896012917013193,10.765896619781772,10.945852735548021,-0.047286095878483536,0.07001937861934593,0.023098132649459015,-0.015527327162580207,0.012938475549239215,
roundabout_PCG_553,PCG,1,10.963017201678875,1.0,138,138,10.518450251576983,11.324995352223729,0.23776782415116174,10.76978571246709,11.164516496012213,-0.044768678628749115,0.048436139359180785,0.026353383825641716,-0.022244769797954866,0.02029116295838751,
roundabout_PCG_554,PCG,1,11.023847294573866,1.0,140,140,9.929224401757965,12.031243280692383,0.5852035096939927,10.552250141864208,11.518808963825654,-0.08008377150939339,0.12765887163577005,0.060052146414791424,-0.04578835674126669,0.05296874889844627,
roundabout_PCG_555,PCG,1,11.161045749684535,1.0,141,141,10.394595071732189,12.01699441971538,0.4338520570215875,10.847762395469402,11.511593361235887,-0.06851635933775668,0.14111542701965796,0.051477544235248286,-0.04918000199875827,0.038288341613560206,
roundabout_PCG_556,PCG,1,11.113247693011669,1.0,141,141,10.372309487658795,12.056602352941834,0.42013485874311707,10.766264269682758,11.379494238601476,-0.068774598996864,0.12341940027476284,0.04998731802717856,-0.03782425395294631,0.03844526723956143,
roundabout_PCG_557,PCG,1,10.958113937860448,1.0,138,138,10.594373392532098,11.198642448391487,0.15744787966668905,10.850077114279738,11.106697854893955,-0.04599930791111362,0.07242689962735227,0.024866682638438328,-0.01668656377905986,0.013263995513582039,
roundabout_PCG_558,PCG,1,11.619285974394296,1.0,147,147,11.123123181504553,12.106407133787776,0.28437673592792523,11.41054661802536,11.873408091608589,-0.09015399211160968,0.07249144674396035,0.040006786400420394,-0.029348618304909202,0.03235545474753998,
roundabout_PCG_559,PCG,1,10.92632315116836,1.0,139,139,9.473413684511657,12.093360579345394,0.7771203241772203,10.209750034699901,11.625647472817777,-0.14718043514876378,0.1474310473759317,0.07842810866266563,-0.0632655517800389,0.05162310325844732,
roundabout_PCG_56,PCG,1,11.28238870556822,1.0,143,143,10.477810163224891,12.040074707719528,0.38170703583841065,11.066352357153342,11.55915079295577,-0.07530112923689103,0.09831161777307429,0.04590186054396964,-0.031888892266501934,0.024285717891546987,
roundabout_PCG_560,PCG,1,11.091837967544627,1.0,142,142,9.194853384327118,12.768397241190097,1.0258862526583121,10.265883281673332,11.972967677383034,-0.15636964812700782,0.20783541741159262,0.10548038656400603,-0.08299981372245968,0.0942697927749081,
roundabout_PCG_561,PCG,1,11.29329138819026,1.0,143,143,10.641295671491795,11.966580224099998,0.3897209791952589,10.935165480952438,11.642917061952339,-0.06844508762734947,0.0755058834148592,0.037758608941485715,-0.02921973560283675,0.035396942595575354,
roundabout_PCG_562,PCG,1,11.327146507635451,1.0,143,143,10.559978882736681,12.037774584149574,0.3539775932319569,11.15771856460173,11.582721869657155,-0.09320028169311456,0.08681566650906447,0.04239016181597008,-0.02196024027343313,0.028565401920415567,
roundabout_PCG_563,PCG,1,11.00918613738119,1.0,139,139,10.234494653606157,11.749261969941125,0.432445581200383,10.6730304274967,11.372451398003722,-0.13776624440794372,0.06581839921208044,0.05017695610806574,-0.03166551488086533,0.03490298126922209,
roundabout_PCG_564,PCG,1,11.274122085587328,1.0,143,143,9.985095104751135,12.53127125247325,0.611485488123692,10.79543896231829,11.691854850080338,-0.11594056267806785,0.15525608421671855,0.06457510824017981,-0.04474789417617053,0.02747794490917954,
roundabout_PCG_565,PCG,1,11.456692151713785,1.0,145,145,11.113278190775475,11.833288907776568,0.18353902346401993,11.338503773020642,11.599814510304544,-0.04294051886160233,0.047316218694751555,0.02431798489878133,-0.019765068337258995,0.018456172081201316,
roundabout_PCG_566,PCG,1,11.146955231266363,1.0,142,142,9.835951238332274,12.274505737176051,0.7616402085852714,10.41258484432873,11.794965243039732,-0.1577063548092319,0.13084558626879605,0.07872351653880708,-0.05648802765862859,0.06486552934037526,
roundabout_PCG_567,PCG,1,10.958227416273916,1.0,139,139,10.339037751260342,11.609088094018519,0.3381486149705179,10.727775900581456,11.140441458286391,-0.11291985070629629,0.08686675799393839,0.04402973264212763,-0.02624294540845451,0.03575200185220684,
roundabout_PCG_568,PCG,1,11.095879435534243,1.0,141,141,9.788835829153252,12.024307669556162,0.5951790255517321,10.63635039962871,11.555055992693239,-0.14771829566621975,0.13826136056509064,0.06531535226424706,-0.03203532148904564,0.04464666582813592,
roundabout_PCG_569,PCG,1,11.31101795799991,1.0,143,143,10.415837116992769,12.065164953355088,0.43851115033380084,11.016054189541254,11.686791033071511,-0.08855720593951943,0.13484650271252363,0.05466140241183094,-0.04554561001641666,0.04450930217342286,
roundabout_PCG_57,PCG,1,10.775747582496143,1.0,136,136,10.103332083259561,11.471166823259189,0.3430966035008368,10.52926874604983,11.01001160960032,-0.06842201454054297,0.09208791713530218,0.042855198061318524,-0.038667009868679436,0.02149824447260862,
roundabout_PCG_570,PCG,1,11.10772390327384,0.9180555555555555,133,132,10.101211220030475,12.766314079835183,0.7724476233326313,10.457450076774231,11.749566660869242,-0.4998931378289839,0.24149174809203267,0.10608078191039813,-0.07912302198594423,0.050063588595488984,
roundabout_PCG_571,PCG,1,10.822714499175605,1.0,137,137,10.077206652425689,11.713473745831687,0.4358590743307154,10.499876309270794,11.13884076473048,-0.12337961690593247,0.09306039703606395,0.05174157674925697,-0.034069160350400196,0.04094286353962673,
roundabout_PCG_572,PCG,1,11.336049685713274,1.0,144,144,10.734335688324059,12.141399074926484,0.41214157131168405,10.997302392180398,11.69259349867113,-0.11612558875336632,0.09539901094498404,0.054467024253760425,-0.04472749255810449,0.044986806663894985,
roundabout_PCG_573,PCG,1,11.45213605237797,1.0,145,145,10.837476008175722,12.19118624788815,0.3859214854154236,11.111226203437345,11.775051459990301,-0.07182539624617945,0.061739145911960946,0.03754656016274738,-0.03459758823136738,0.031410797340177155,
roundabout_PCG_574,PCG,1,10.929216157301498,1.0,138,138,10.195424657021055,11.463393719817985,0.26488145398218105,10.820067079601401,11.044218543605332,-0.14641524096313674,0.07699554770622363,0.04114794770906049,-0.012974872474238452,0.02274302259482619,
roundabout_PCG_575,PCG,1,11.185253045965373,1.0,142,142,9.911128542473781,12.333611809671137,0.6378860163636486,10.676918898291103,11.720052229514415,-0.13699433036540754,0.10310019469492104,0.0644912631608327,-0.04215107351732339,0.05270166308154556,
roundabout_PCG_576,PCG,1,11.016261512040122,1.0,139,139,9.967465977369509,11.825420308944993,0.5295174386416798,10.564433679511179,11.489317509541213,-0.08367711635240838,0.11492323864735887,0.05382379227219246,-0.045481087055144975,0.03841798493719395,
roundabout_PCG_577,PCG,1,11.19009926907967,1.0,142,142,10.288505660074351,11.766853580839717,0.3566485214097383,11.031407643376433,11.445953410809746,-0.0964345373813984,0.13184146917598127,0.04788508107857243,-0.03537640224995009,0.028927063279660548,
roundabout_PCG_578,PCG,1,11.19109392005259,1.0,142,142,10.563064459683888,11.94190250290783,0.4058889882382112,10.779966442815113,11.584152148207236,-0.1507239624657064,0.10171803303104632,0.058509944559704326,-0.037544248158442706,0.0491998603044741,
roundabout_PCG_579,PCG,1,11.131462269332474,1.0,141,141,10.283469095565216,11.753684338694502,0.3539989464052369,10.884100272398577,11.339872095845411,-0.09969311249467872,0.12266467779587664,0.046255048016917814,-0.018186255604305757,0.02562680170763265,
roundabout_PCG_58,PCG,1,11.355747646955033,1.0,144,144,10.66329776192746,12.172059758418591,0.4078475232030166,11.048297524688174,11.63601048793666,-0.07044890591282638,0.14473626985226673,0.05429487199246424,-0.04770908235248594,0.040134434008320063,
roundabout_PCG_580,PCG,1,11.090016335160547,1.0,140,140,10.493871525273187,11.602095936441607,0.3036232978901055,10.822178145991414,11.34079386560246,-0.11359636356597314,0.07786972880099441,0.0446527267234177,-0.032786746245375475,0.037621993046460744,
roundabout_PCG_581,PCG,1,11.420540891918746,1.0,144,144,10.956086750306216,11.905479540995316,0.2342138898550923,11.298570606163661,11.54330623022889,-0.04673615381673102,0.08355298598863925,0.03221635415893964,-0.025300709776762798,0.0199548942541381,
roundabout_PCG_582,PCG,1,10.791391349880188,1.0,137,137,9.893595607487324,11.500923186304885,0.380691262832959,10.617857154260221,11.064418477748454,-0.10481672192595681,0.09732172720554821,0.0479419836894785,-0.03082860065728532,0.03693117466018769,
roundabout_PCG_583,PCG,1,11.196331860820164,1.0,142,142,10.46568959531954,12.122348386366165,0.46034512194309757,10.852768244088098,11.59684956529662,-0.11013296750861556,0.08884413860913476,0.04909663508011738,-0.03371421972480615,0.03856103177410697,
roundabout_PCG_584,PCG,1,11.321481379333287,1.0,143,143,10.914206635125597,11.81405223876784,0.21236047081077858,11.185879302186105,11.443538036017726,-0.043201342353320626,0.07705737235326815,0.027754188556024503,-0.01756258167737368,0.015344388663179664,
roundabout_PCG_585,PCG,1,11.055897496990129,1.0,141,141,9.79224705053778,12.190939095143978,0.673076987055394,10.576155723740218,11.606413897302117,-0.15196583026774135,0.12857709624888614,0.07645213874777487,-0.063239065560456,0.04593632915329593,
roundabout_PCG_586,PCG,1,11.249528827519885,1.0,143,143,9.947854120836299,12.563385979788793,0.7672291516083511,10.57751176537181,11.906540579337825,-0.10575379558698295,0.1539150122174462,0.07729488592012361,-0.0603537796058351,0.07147908569440986,
roundabout_PCG_587,PCG,1,11.266461267025798,1.0,142,142,10.793002120996258,11.667927374831567,0.21163792499871426,11.140121346811618,11.404165959449136,-0.054850831386085375,0.061155486910569934,0.027257644417792118,-0.02030535341515005,0.020154355307947736,
roundabout_PCG_588,PCG,1,11.130763353051208,1.0,141,141,10.457282932303395,11.637040021298288,0.34277133961387946,10.84280528839663,11.359109954201779,-0.10928901238627198,0.06920142683245523,0.04117953673119464,-0.026570502239016136,0.03338004617154766,
roundabout_PCG_589,PCG,1,10.824754253605082,1.0,137,137,10.055172168758867,11.794473962549196,0.3908137658441242,10.532066983712472,11.045133334682319,-0.14327894925219908,0.1123154081593114,0.05286438569366897,-0.02248798161093646,0.01911327846561406,
roundabout_PCG_59,PCG,1,10.891386222715456,1.0,139,139,9.365772915766028,12.041018429169908,0.6826388283686188,10.465771751436872,11.407946943928772,-0.2517423549936826,0.09728570866387187,0.08393720052601256,-0.03670029916302209,0.06118933028089213,
roundabout_PCG_590,PCG,1,10.87216280996057,1.0,138,138,9.99772384124807,11.440629839697136,0.38031784168681815,10.585397431161013,11.143512749518072,-0.08369999736857636,0.12173132286295463,0.04295693587559675,-0.026083356294082982,0.021516279869727484,
roundabout_PCG_591,PCG,1,11.267053801282431,1.0,142,142,10.984973608320917,11.566048641119805,0.13105637944818663,11.213672044978988,11.354519617952652,-0.05002345883958448,0.04539664139823962,0.02030744051256162,-0.011437860123132637,0.012233284124375743,
roundabout_PCG_592,PCG,1,10.925093641255401,1.0,138,138,9.849064498224193,11.869574580378817,0.5546864356977462,10.450052705204408,11.439824728725764,-0.09081307353382684,0.1348923018632675,0.05750842259162951,-0.06256566971896049,0.04700712232443616,
roundabout_PCG_593,PCG,1,11.301191550684006,0.9159722222222222,136,135,9.418650927089942,12.652581136095305,0.8901965327931098,10.697607222117481,12.08994654286587,-0.49999921640980816,0.15794942982492266,0.11413420941065504,-0.0787496242689878,0.08369121054304429,
roundabout_PCG_594,PCG,1,10.965002976152423,1.0,139,139,10.32653987374117,11.70285085692079,0.3802824765498154,10.65702877183626,11.269036080736027,-0.10070686162466025,0.08564830469756046,0.04191888155192319,-0.02020480235696631,0.030012471222796933,
roundabout_PCG_595,PCG,1,11.60486087508066,1.0,147,147,10.974645830103954,12.165550891681029,0.3506633190104676,11.310697078749648,11.870767116170946,-0.07833630223790422,0.09939891467144513,0.04271800219596551,-0.03242968458477247,0.03382353789358916,
roundabout_PCG_596,PCG,1,11.212974320835878,1.0,142,142,10.437388115497349,12.052096087184816,0.3716184079081329,10.98298782742238,11.409893629581836,-0.1419029601839359,0.07182138312164454,0.04656555232234182,-0.021222992250272465,0.03384569563114859,
roundabout_PCG_597,PCG,1,10.938341638845555,1.0,138,138,10.23634799956307,11.53301710789548,0.30513532947378114,10.775286774499333,11.145121028296554,-0.07750544359289968,0.12364823918173506,0.044296491051304225,-0.03306961055790181,0.015915185734270754,
roundabout_PCG_598,PCG,1,11.154115685317514,0.9840277777777777,141,140,10.190100149739324,12.404100374894135,0.6128649344549422,10.557065114917917,11.628725136327835,-0.499479445545683,0.14657297164117722,0.08505234516524197,-0.05163215309840474,0.03428826429451082,
roundabout_PCG_599,PCG,1,11.234406085894653,1.0,142,142,10.558081750027199,11.761364791534389,0.3660786826305948,10.887022798069328,11.581954417172037,-0.11834343418987814,0.08539540576978233,0.05172451775043004,-0.03935208687790759,0.044249642044872584,
roundabout_PCG_6,PCG,1,11.487752093375663,1.0,145,145,11.012360815286177,12.119087213113712,0.3244597838855598,11.20445845407673,11.775548319530772,-0.06503298478781439,0.10708116414249425,0.04544338958056329,-0.03707488787831714,0.029158085241174803,
roundabout_PCG_60,PCG,1,11.105891773929592,1.0,141,141,9.936523035139759,12.048934083203823,0.5205091461425475,10.756251871839725,11.546077598304118,-0.08414071470146389,0.14433342062635113,0.05823672056585305,-0.0546824949125817,0.03217733846950388,
roundabout_PCG_600,PCG,1,11.200511528994028,1.0,142,142,10.451741606542269,11.989944790303442,0.4112178293132501,10.919540389499582,11.60634240275557,-0.09001746566304014,0.11597850065591331,0.047810312623699704,-0.030352152530656262,0.028897896256161903,
roundabout_PCG_601,PCG,1,10.900428862724493,1.0,138,138,9.96618196732378,11.715931498469313,0.49687594329464785,10.482495560021587,11.27553321025367,-0.09144149739598184,0.1256257701754091,0.05946797534798249,-0.04286256759377194,0.03729258524382306,
roundabout_PCG_602,PCG,1,11.087485082620134,1.0,140,140,10.471241081269659,11.734269956546283,0.3188629211690917,10.854089084908333,11.358185340059784,-0.06867575960076167,0.08266323710213186,0.03832706424575108,-0.02994987588803255,0.023240516886988694,
roundabout_PCG_603,PCG,1,10.958594412488427,1.0,138,138,10.539038087582608,11.532449579771969,0.26510321937076975,10.749041269189316,11.167030878630317,-0.06734669438862184,0.06752125214879179,0.03515488365145855,-0.023352430152085102,0.0272375924137207,
roundabout_PCG_604,PCG,1,10.960900124733914,1.0,139,139,9.955821861392973,11.845005975588565,0.47679613893190237,10.607176854948161,11.227898945683657,-0.13471597557727932,0.12273863036355692,0.06803207770366689,-0.046164683643657334,0.05742053123165736,
roundabout_PCG_605,PCG,1,11.224173092392839,1.0,142,142,10.31448143474328,12.229933413110723,0.5005139381385245,10.816333761020068,11.626827581495169,-0.11945493224522963,0.07941894521695403,0.05210608986545272,-0.03705675585742929,0.03455063688100246,
roundabout_PCG_606,PCG,1,11.207480983458959,1.0,142,142,10.639751842008547,11.819317230288858,0.330381298570159,10.88551050844142,11.424794303977036,-0.13365648808811237,0.09728622629806516,0.05228890353661439,-0.03446953692801813,0.03817025188403944,
roundabout_PCG_607,PCG,1,11.1079173554783,1.0,141,141,10.449370364457273,11.714995112571817,0.33571270054871266,10.8745996802832,11.373125885957561,-0.06960810156562935,0.10816843598714598,0.04743938545267416,-0.03688546144066507,0.03681344261590702,
roundabout_PCG_608,PCG,1,10.884074823331957,1.0,138,138,10.093452120257403,11.679580638224287,0.41746734824661613,10.546854491297303,11.241211548954526,-0.11410151212411535,0.09766559200061309,0.05762448923556709,-0.05087413510058569,0.04702501757295474,
roundabout_PCG_609,PCG,1,11.217244607435907,1.0,142,142,10.656609592944278,11.950558237029517,0.35190605298240374,10.906796065486363,11.507311732566023,-0.06697552550878605,0.12212645324236782,0.04883304708251737,-0.0345340415828157,0.035252998687288706,
roundabout_PCG_61,PCG,1,11.239950557010006,1.0,142,142,10.71090447619573,11.734450021115846,0.2645128781740132,11.03558792568701,11.421663118786187,-0.08997308226901524,0.05418869636227619,0.03266298215674911,-0.012245659443419044,0.018335450767038797,
roundabout_PCG_610,PCG,1,11.173417248472601,1.0,141,141,10.480760568201301,12.032064734414865,0.411035000226865,10.848395941900339,11.432954470344415,-0.10039604103373456,0.06830117327102414,0.04680262866588251,-0.030458819571645535,0.03908580426111108,
roundabout_PCG_611,PCG,1,11.25764734497263,1.0,143,143,9.94355842010332,12.21185028903894,0.6338971500817092,10.789180421993505,11.801142639517511,-0.13007229583010904,0.13662208348817373,0.06447743375844342,-0.047496675946922196,0.04055420146795008,
roundabout_PCG_612,PCG,1,11.092639167222588,1.0,140,140,10.42266240109555,11.698265679709959,0.36008162999062243,10.813310270425664,11.404496483496692,-0.06780504187002201,0.10681742215220069,0.04181537789237368,-0.030832910684932102,0.03482049357283046,
roundabout_PCG_613,PCG,1,11.11588775136043,1.0,140,140,10.632852045102512,11.732155198548288,0.34675793890393947,10.774704528927423,11.400641603733467,-0.0966056553454564,0.061804268091384174,0.03739815223084959,-0.01876374673135084,0.030797839266182958,
roundabout_PCG_614,PCG,1,10.97744939041043,1.0,139,139,10.37653895164093,11.773261751387118,0.3316189738918846,10.707778967581678,11.193355358383123,-0.09161667444155697,0.10412726278020124,0.04207839812758878,-0.01849573098062507,0.024697110446356696,
roundabout_PCG_615,PCG,1,11.146043418633042,1.0,141,141,10.131402208729765,11.97137348031138,0.5061940935463168,10.751947957623704,11.51635779317941,-0.1141143842678467,0.11109736510431922,0.05448286213614917,-0.025957662831817885,0.028883841479361294,
roundabout_PCG_616,PCG,1,10.967633819874745,1.0,139,139,9.950061653510085,11.819540354561914,0.46946119609576287,10.657901306176491,11.274004508723245,-0.10707264539713712,0.11439263160323421,0.057760337265979435,-0.03926778006610654,0.04554617108192982,
roundabout_PCG_617,PCG,1,11.184663048149607,1.0,142,142,10.205006231012206,11.987719802658813,0.4303837088989974,10.86732145543212,11.515638238867933,-0.12366715121605232,0.12091172156970664,0.06142354740628497,-0.033734474718889906,0.046698127584291704,
roundabout_PCG_618,PCG,1,11.237631004375125,1.0,142,142,10.587132339775273,11.971215588259717,0.3328937181895686,11.015344406251561,11.455130786267203,-0.08823958924551611,0.09549117138390528,0.0422665959523783,-0.02956952006663416,0.026497395908140486,
roundabout_PCG_619,PCG,1,11.048221038770114,1.0,140,140,10.1849420742987,11.8149838923077,0.4220163221719306,10.768223337396716,11.340390013072989,-0.11616201630215528,0.10729486673048072,0.05605590436825596,-0.03923524432612924,0.03941394283938848,
roundabout_PCG_62,PCG,1,11.248934916953786,1.0,143,143,10.021552378398688,12.435576154604528,0.6958227933103841,10.700418956112593,11.86341183348012,-0.13194469644234452,0.1160195820268175,0.06986311412925095,-0.05267322067911451,0.056163714554066324,
roundabout_PCG_620,PCG,1,11.244126788186536,1.0,142,142,10.499325058377313,12.061803300520756,0.48774298273519817,10.779237119221012,11.676567386971161,-0.09164703126416107,0.07117705779810102,0.050191216788286974,-0.04381835043165605,0.03891617540777448,
roundabout_PCG_621,PCG,1,11.101097219819545,1.0,141,141,10.191050099435213,12.16145961820259,0.532741542873733,10.650667433642955,11.54389249352468,-0.11834304449355137,0.09700209432988416,0.05738203941540213,-0.04751181142826333,0.04069641532902857,
roundabout_PCG_622,PCG,1,10.795731103001392,1.0,137,137,10.130644143380703,11.347185308043274,0.34999671984730435,10.49928690513119,11.088834555442219,-0.08616906886013886,0.10565646941332574,0.04886639385723892,-0.0386517406976683,0.03274307250727837,
roundabout_PCG_623,PCG,1,11.08586317102005,1.0,140,140,10.08889294803634,11.610458664059218,0.3576647425759718,10.931045571299462,11.334998671906149,-0.15763157227127778,0.12064174954497098,0.05174743240264507,-0.018065929047266227,0.026307178416647314,
roundabout_PCG_624,PCG,1,11.084558981053258,1.0,140,140,10.62581562771842,11.717413896307209,0.28290043958364114,10.86684107508744,11.260309962320488,-0.05102378484127179,0.11657725396431573,0.037900050474038514,-0.029550228171789428,0.018036419850935292,
roundabout_PCG_625,PCG,1,11.467572305560305,0.9138888888888889,137,136,9.959370498558192,12.85790835757201,0.8520214418231092,10.792557975356507,12.200320324929336,-0.4999719200060291,0.12329991019778674,0.09793329411117956,-0.06967483458908941,0.07341125059042763,
roundabout_PCG_626,PCG,1,11.037071364220608,1.0,140,140,10.042388586255846,11.675869025975404,0.37069516293905946,10.869886937357402,11.312050776059646,-0.10837072967976624,0.12147507975141991,0.045400157292461274,-0.01998155614093111,0.023309410916008133,
roundabout_PCG_627,PCG,1,11.447752511958749,1.0,145,145,10.932461991922697,11.911381646469147,0.25510496863561727,11.244201985248276,11.633988875794227,-0.06860546667316925,0.0870672363986067,0.03802051940783505,-0.024005798671122847,0.0238212374947544,
roundabout_PCG_628,PCG,1,11.27932600029579,0.9138888888888889,135,134,9.568559687996425,12.73534434158105,0.9205531364226672,10.55793368635278,12.126335340810744,-0.49998262739979893,0.1437849438844907,0.10678066683272822,-0.08270324989680233,0.07903583795364844,
roundabout_PCG_629,PCG,1,11.019478049570925,1.0,140,140,9.873371633978637,11.888685339056403,0.527636408511266,10.679905984400733,11.426251165940162,-0.1842654685438294,0.12686225852757538,0.07112486095676694,-0.04833406288836617,0.0418849618287096,
roundabout_PCG_63,PCG,1,11.26891630700913,1.0,142,142,10.92422707566316,11.854731184828289,0.25995234382295007,11.029640698473813,11.481619745002021,-0.06258841542569371,0.07391425445998756,0.03213053800244895,-0.020874876149534316,0.023726165562083068,
roundabout_PCG_630,PCG,1,11.257298419545519,1.0,143,143,10.062847962656239,12.149188290183558,0.5972180465259751,10.837569238225939,11.808479552245208,-0.12918903859551278,0.14150381132790102,0.06490514383853326,-0.04979223530811172,0.0525332904951572,
roundabout_PCG_631,PCG,1,11.115487656860928,1.0,140,140,10.588313062752807,11.754122259689561,0.30178697852522246,10.875473614078356,11.311361500926683,-0.056252717706296806,0.07458583061754887,0.036657065315426035,-0.029083644248592666,0.018144320664175595,
roundabout_PCG_632,PCG,1,10.730601824062065,0.7333333333333333,108,107,6.78567920702728,14.080512236612273,2.2709007911640753,8.796700234437049,12.257835206607487,-0.2706311548034197,0.20213906286614058,0.1480330518153003,-0.16113001354482392,0.13211231690212433,
roundabout_PCG_633,PCG,1,11.114555961047676,1.0,141,141,9.875223500201793,12.180188515589462,0.5659110827068305,10.783634515615637,11.556456005627487,-0.11569210254675433,0.13318627870279975,0.06327699794520515,-0.04743723293840674,0.05483745755093672,
roundabout_PCG_634,PCG,1,11.036847475646681,1.0,140,140,10.174020613527333,11.945325019777707,0.5259665948276828,10.554046553105474,11.467041280058895,-0.07955557997121687,0.10291412890462404,0.05469464835043918,-0.048973885594308264,0.034819115624244557,
roundabout_PCG_635,PCG,1,11.044520443569295,1.0,140,140,10.403245559137194,11.942938234381343,0.40270870229404626,10.711494459293245,11.327168274254841,-0.09181204571783219,0.1357375941365664,0.04962590100397943,-0.03789094466985343,0.027914541886145727,
roundabout_PCG_636,PCG,1,11.061314902754328,1.0,141,141,9.817079029509989,12.284680993842858,0.7871126436381909,10.340628247945386,11.760453658637081,-0.13582638896408383,0.13088029240044285,0.07879151914937378,-0.06771817471996222,0.06041332815842537,
roundabout_PCG_637,PCG,1,11.078801863054268,1.0,140,140,10.324696519387961,11.742903707310234,0.3512832476239704,10.798977309252432,11.293006910561084,-0.1564701781441844,0.08837470162206174,0.05434100174886025,-0.02740956846475484,0.04129817146181747,
roundabout_PCG_638,PCG,1,11.038387896539584,1.0,140,140,10.243169324921485,11.577936208723171,0.40665744161694517,10.696468837342305,11.439563962943733,-0.06722944174975964,0.11387666545188502,0.044047808887806655,-0.027835247579126587,0.01917149087940828,
roundabout_PCG_639,PCG,1,11.340645541138295,1.0,144,144,10.292624847509154,12.108576107044229,0.45981007641113,11.120050717735248,11.71832763510633,-0.14225223962901445,0.08451677910374933,0.04965869794378007,-0.022833450508832787,0.03697283152889952,
roundabout_PCG_64,PCG,1,11.335999916257883,1.0,144,144,9.999070222392207,12.743185645403958,0.7004049375320874,10.799954115974838,11.934279974273652,-0.16548967107684653,0.13096093054350177,0.07520597601564058,-0.05702089135399113,0.05166516172894031,
roundabout_PCG_640,PCG,1,10.83132735184532,1.0,137,137,9.629184715502813,11.898248453006843,0.5460805063581581,10.490278834167292,11.219401361303008,-0.1144680712569599,0.14275486768020862,0.06647875582359013,-0.051220853919714315,0.05322990875318112,
roundabout_PCG_641,PCG,1,10.988046324362877,1.0,139,139,10.292432181255274,11.792249124334248,0.37485518908383947,10.733225317116268,11.265954961928344,-0.07865622058190702,0.15575800130862483,0.05390278754397007,-0.04685188441304966,0.031097844220330018,
roundabout_PCG_642,PCG,1,11.25421055344263,1.0,142,142,10.63831118152228,11.948404234856053,0.3047253397534167,11.01562394677426,11.476974105561915,-0.07193529063053994,0.13753862918959037,0.04600946453565921,-0.03356823605625259,0.027192484913549198,
roundabout_PCG_643,PCG,1,11.128464112603623,1.0,141,141,10.610722526291012,11.681273714696971,0.3026347862702965,10.860590540676148,11.387470817483726,-0.04307155244864802,0.06400764971059658,0.03041458047829856,-0.024012904901463017,0.023547083968988858,
roundabout_PCG_644,PCG,1,11.01023882056937,1.0,139,139,10.303584017398462,11.34605232112101,0.2850840848481517,10.845586471848371,11.287939531366975,-0.11434767393555667,0.07335746730833925,0.03828025286286413,-0.022789578211573236,0.019927182222208017,
roundabout_PCG_645,PCG,1,11.017819455300456,1.0,139,139,10.239509266863884,11.608571107482371,0.4190418036037992,10.686095430902437,11.39912723536288,-0.09041824765629158,0.07975348072397814,0.04487215015658416,-0.03054884432706295,0.03426885859444084,
roundabout_PCG_646,PCG,1,11.196796688618983,1.0,141,141,10.62730122809207,11.835952377164952,0.2999752531233281,11.024771021418456,11.42620638612253,-0.08274699770765714,0.05605079456371165,0.03372407189221846,-0.01886444834400791,0.020786414387314878,
roundabout_PCG_647,PCG,1,11.412524198356271,1.0,145,145,10.654960894262754,12.33046389614072,0.43596041579731337,11.09098222403506,11.622842130786252,-0.10582077305484283,0.1455749222106455,0.05871842044162589,-0.042458458664347276,0.039679014350774366,
roundabout_PCG_648,PCG,1,11.307455680940487,1.0,143,143,10.56304184340936,12.054339540456446,0.3695076213335285,11.111315117575858,11.555802955337724,-0.07316999074656749,0.09566662094926137,0.04326651588084804,-0.037735460936430876,0.021863049889691233,
roundabout_PCG_649,PCG,1,11.27436855097757,1.0,143,143,10.633700071714188,11.908921021693656,0.2518897646784695,11.170371046434543,11.390523806218615,-0.0856888851045099,0.09530374498734417,0.03913954889485739,-0.022326391945380664,0.019220391250025948,
roundabout_PCG_65,PCG,1,11.075574681451815,1.0,140,140,10.394491166690763,11.764765349194287,0.3863000152858057,10.743894312576705,11.373341487226648,-0.06812960371467192,0.08552563183264361,0.04010152048374115,-0.03404515746613024,0.02994440309427837,
roundabout_PCG_650,PCG,1,11.000888927841133,1.0,139,139,10.247342212422057,11.591857822098897,0.39716213576313053,10.711041109132022,11.318618580594265,-0.11689553328246838,0.10632907471566,0.052809812830175926,-0.029759000830122062,0.02687066600836907,
roundabout_PCG_651,PCG,1,10.810453234800946,1.0,137,137,9.372378458927965,11.811259678243077,0.5959302448085401,10.451138458593864,11.241959251347806,-0.19277165613390856,0.15785312345168023,0.07291089199221107,-0.0403033862891391,0.03772323866250282,
roundabout_PCG_652,PCG,1,10.909657655472104,1.0,138,138,9.676887618083516,11.36090554898301,0.3969238090819342,10.741571551747708,11.1696577266014,-0.16522676838761718,0.16479546711622106,0.057678210107915996,-0.020643702472725955,0.015220895592639394,
roundabout_PCG_653,PCG,1,11.119217459984908,1.0,141,141,9.709816475588738,12.33526713403599,0.6997431267018144,10.55904860213179,11.598841620460123,-0.1693415369886182,0.16273438311958266,0.07852511972253523,-0.04896452910344351,0.05858657448612803,
roundabout_PCG_654,PCG,1,11.069646931327826,1.0,140,140,10.667202282486942,11.542445756624184,0.22907191424084214,10.873564309503186,11.200420730574983,-0.04398072979082812,0.04783396606540613,0.02508198231272628,-0.021211943368876884,0.018893476857622105,
roundabout_PCG_655,PCG,1,11.251388999197776,0.8118055555555556,125,124,8.946625192651956,13.590307333324837,1.4469441127294285,10.192426020383907,12.70181979265802,-0.49704060969461317,0.2182843232717957,0.13985180942523814,-0.0540551667947371,0.09452289086476018,
roundabout_PCG_656,PCG,1,11.181759503711831,1.0,141,141,10.4600219910039,11.717509816993338,0.34023865388909247,10.947243475208625,11.462323184335197,-0.12436821360492267,0.07867121631754515,0.04506171914647326,-0.026977752597034055,0.037626903799473865,
roundabout_PCG_657,PCG,1,11.240920068526158,1.0,142,142,10.489413582852524,12.019424559251448,0.43068226977519997,10.891170930630947,11.64932803836504,-0.09447359215407403,0.04898417400137767,0.04333842392011151,-0.03440974090406401,0.036718544137275266,
roundabout_PCG_658,PCG,1,11.092318596036444,1.0,140,140,10.70259216227419,11.629900466474778,0.24032160729054672,10.901469545621914,11.24771148327207,-0.06867986326324527,0.10872740149554438,0.03770787539365722,-0.03060766068560028,0.023448191291187914,
roundabout_PCG_659,PCG,1,11.312898221973068,1.0,143,143,10.196325459966385,12.415329590123852,0.568577687865218,10.97374660179884,11.776757846161825,-0.14524807283153152,0.09706358208181065,0.06173036345046488,-0.043541964981401726,0.049054760192058566,
roundabout_PCG_66,PCG,1,11.036179876623022,1.0,140,140,10.181110032164288,11.691362011015856,0.3902023946998413,10.765333126373994,11.300281651870797,-0.10027260080120648,0.11499076711915457,0.04971214873570949,-0.03357241476691808,0.02956913674202566,
roundabout_PCG_660,PCG,1,10.983094641448192,1.0,140,140,9.706033656938285,12.031803163318004,0.7082472904867965,10.362742890703366,11.64512027093024,-0.1729800826970287,0.1334075382991049,0.07584980459486972,-0.0440600400794402,0.05561153896320903,
roundabout_PCG_661,PCG,1,11.198133849008512,1.0,142,142,10.146998144121353,11.68682302132679,0.3835639303124074,11.017338222264872,11.499947184582505,-0.10549654544693432,0.1543805344918301,0.04984053611383616,-0.023952632750108283,0.020349326896200726,
roundabout_PCG_662,PCG,1,11.203052763830161,1.0,142,142,10.361149765411831,11.878565788285709,0.36328063498899305,10.973054088834282,11.494823136556981,-0.07943624973784758,0.13401340857256727,0.047591803545399006,-0.03289528120063734,0.027452320813526665,
roundabout_PCG_663,PCG,1,11.337865735447812,1.0,143,143,10.654357612696536,11.88163768387328,0.31475187897438583,11.128306500156594,11.540721577436086,-0.07996064388373902,0.08069648059401047,0.03980114408284146,-0.02876988453564877,0.030160721870271523,
roundabout_PCG_664,PCG,1,11.253809683137879,1.0,142,142,10.958099120160828,11.670816574006217,0.2055677807003148,11.097028393486848,11.430016671956563,-0.052950518564003346,0.07127199560293995,0.029598550815281396,-0.023751713610308478,0.024317619742122876,
roundabout_PCG_665,PCG,1,11.147814423952154,1.0,141,141,10.619806299560056,11.790958617523838,0.35117008728279225,10.857635586438679,11.452884473433514,-0.057596079011227985,0.07020577229225822,0.03487652299522478,-0.03073539747477838,0.027961640502123686,
roundabout_PCG_666,PCG,1,11.049594999535275,1.0,140,140,10.464606241359679,11.572572142868932,0.23652504639842306,10.929774249530677,11.214449024648369,-0.06786263490124433,0.14408468136985242,0.04117183202019443,-0.029348981054193146,0.014951076543397335,
roundabout_PCG_667,PCG,1,11.104799621484373,1.0,140,140,10.663940264848186,11.44045638845038,0.23082280445062262,10.901226975949687,11.300832887818625,-0.04284160984958518,0.060107808471604685,0.024781989763066448,-0.017933104907297714,0.01762211370488531,
roundabout_PCG_668,PCG,1,11.106482452477675,1.0,141,141,10.233325980063139,12.201616853205483,0.486974762458247,10.751271058091822,11.429726145915815,-0.152365896981431,0.10958781247629545,0.06412076605468389,-0.046074445574044276,0.04800690733585533,
roundabout_PCG_669,PCG,1,11.062480875891547,1.0,140,140,10.80918444762711,11.500239423399432,0.1729721312738297,10.940092769989201,11.149332902127032,-0.059027983812729445,0.030178368405685774,0.021327031431796935,-0.012413198752132981,0.017700305278038897,
roundabout_PCG_67,PCG,1,10.842798386435861,1.0,138,138,10.049861247873938,11.64236098607381,0.4762146152067428,10.41755764203873,11.234620748419731,-0.17825742833176683,0.11238971713886947,0.07330337426930203,-0.05062431600494488,0.06735724988255942,
roundabout_PCG_670,PCG,1,11.283186876030285,1.0,143,143,10.405382211690812,11.921449543615722,0.36928146107456206,11.062857514758843,11.525221466029274,-0.08735415161837601,0.12724324009572463,0.04220391745130829,-0.02285519405518599,0.016854905453210556,
roundabout_PCG_671,PCG,1,11.336719296245496,1.0,143,143,10.568209581642037,12.263854494189662,0.4201731254436773,10.989186934780225,11.571953034271992,-0.07146366956533079,0.10664398173174483,0.047024818939595925,-0.03252221311540815,0.027558150090350786,
roundabout_PCG_672,PCG,1,10.940739007917797,1.0,138,138,10.15754294905061,11.589924373317508,0.3677434717198241,10.71620541095876,11.24432330524574,-0.11449586788311983,0.07368605430125541,0.04506066596800529,-0.02437820877698771,0.03879978990114141,
roundabout_PCG_673,PCG,1,11.219155622341765,1.0,142,142,10.332788721437007,12.298594710991635,0.48863080443674806,10.916844710088947,11.476290769218588,-0.13476013218292238,0.1299114504171488,0.06520719492540474,-0.03190836006687148,0.03916554298513164,
roundabout_PCG_674,PCG,1,11.047880354908253,0.9159722222222222,135,134,9.1776915115918,12.51051392488736,0.9762133642783932,10.199537311811977,11.864779740183735,-0.4999850249903801,0.18758448583717602,0.12677332002290098,-0.06480256171667431,0.09788123184281883,
roundabout_PCG_675,PCG,1,10.979789449153476,1.0,139,139,10.083558223649591,11.745907182533022,0.49970642016717703,10.55502804609889,11.311436091454322,-0.1085838666087433,0.10090642409738138,0.057384656119879786,-0.03200044289274384,0.03969507154797558,
roundabout_PCG_676,PCG,1,11.024084389353519,1.0,140,140,9.517809602599483,11.792692467338448,0.6353863563240697,10.507096909716623,11.633042523529236,-0.2070966818631259,0.1359263874703398,0.06977638969011865,-0.03872968447612424,0.055514070311910135,
roundabout_PCG_677,PCG,1,11.22173330439391,1.0,142,142,10.91519717378287,11.516587276032196,0.1606814181958039,11.114466601631777,11.345766038813911,-0.042263455348264145,0.052802094336952266,0.02306666841986435,-0.01855023816961454,0.016464284967365295,
roundabout_PCG_678,PCG,1,11.039369537200411,1.0,140,140,10.301999153126157,11.723473801042676,0.34409385430553713,10.795720831719915,11.301327268941733,-0.09906567270452271,0.1167214314307099,0.04893123387557462,-0.03192414043450631,0.03231214976479313,
roundabout_PCG_679,PCG,1,11.483935219589126,1.0,145,145,10.831720531443644,12.016931627286747,0.3188774477603891,11.249708261259554,11.718497953794696,-0.11323142189525726,0.06136356532461207,0.037716303231762324,-0.0189710223750712,0.02512316732135922,
roundabout_PCG_68,PCG,1,11.400633439802444,1.0,144,144,10.67465905282514,12.332448419685822,0.5013595706998873,10.944803471003809,11.833936493009675,-0.0824499059227044,0.0971409834404735,0.04838341058152227,-0.047093805711999615,0.03391076650783109,
roundabout_PCG_680,PCG,1,11.245336207015551,1.0,143,143,10.05723259117248,12.4259654828236,0.6694171619034156,10.767713710304491,11.830267874421121,-0.132058292551255,0.11306826870514008,0.06671140582402471,-0.049101746970984905,0.056173840111950035,
roundabout_PCG_681,PCG,1,11.303650395516168,1.0,143,143,10.574319822731205,11.968208661278343,0.3505341382880066,11.158613661093607,11.62646681628652,-0.0923353396694715,0.06589343592278141,0.03937483804295157,-0.0187512158091927,0.024170766897031903,
roundabout_PCG_682,PCG,1,11.064620666386118,1.0,140,140,10.38340904856836,11.582455506467719,0.2974290619484722,10.818702894894777,11.322669682687668,-0.13060076648770824,0.08423943929247457,0.046567791554366134,-0.03265458779206876,0.0319645791169636,
roundabout_PCG_683,PCG,1,10.955142029026195,1.0,138,138,10.51454092354077,11.41734225424104,0.2287412652840239,10.794651790122915,11.099279634022356,-0.06458245774254756,0.06071349022934136,0.03167050465048353,-0.025435885025965277,0.027295526203930276,
roundabout_PCG_684,PCG,1,11.137738131004543,1.0,141,141,10.646366552862833,11.784377432940449,0.27248897272663497,10.899002901355214,11.327946195481882,-0.09122521536749062,0.08112556282978645,0.03883423972118457,-0.023881016432033775,0.01823314454186331,
roundabout_PCG_685,PCG,1,11.232908417179019,1.0,143,143,10.029401182083015,12.24730895616983,0.6238355115152058,10.809518152161864,11.74353203788733,-0.13413439463515076,0.135447377794069,0.06933066872084936,-0.06826758433826541,0.05076793924997869,
roundabout_PCG_686,PCG,1,11.191210712649891,1.0,141,141,10.731426156291583,11.658015462300817,0.2561952162478708,10.996617869307151,11.403196930486185,-0.0887470411049982,0.05424313487913501,0.03245677248078566,-0.01844812290492648,0.021862976809266854,
roundabout_PCG_687,PCG,1,11.233182041697068,1.0,142,142,10.663668654973756,11.94917932438531,0.34661235754206127,10.936848022194543,11.498958006762495,-0.11320222145544356,0.11527321080622954,0.05253218797856308,-0.038800007945571924,0.03919102308770972,
roundabout_PCG_688,PCG,1,11.293240942914752,1.0,143,143,10.0834060247272,12.385350925510167,0.6241747985585407,10.812083629735945,11.852129156766509,-0.15106689792083294,0.10526743984635267,0.06304824573697045,-0.049594905677118994,0.047056053241745666,
roundabout_PCG_689,PCG,1,10.98130847051634,1.0,139,139,9.941702562107796,11.668865913723163,0.4297066833990397,10.764747045657222,11.357587559068136,-0.11643087115741224,0.1372926818273399,0.057145465464681376,-0.03721789712716994,0.03199186031816126,
roundabout_PCG_69,PCG,1,11.352574711857276,1.0,144,144,10.746258592939862,12.212869416350596,0.3447633243676857,11.18877643091414,11.50757330665597,-0.09786492934466295,0.13794312674825449,0.0516151009100148,-0.033704876433066744,0.027628762724434264,
roundabout_PCG_690,PCG,1,11.243811623200077,1.0,143,143,9.874101329128504,12.427629215254932,0.6361532925374581,10.814881903145078,11.759909755140825,-0.11615696652271268,0.14908438471234753,0.06945061926060454,-0.06357063467584823,0.043418947890415005,
roundabout_PCG_691,PCG,1,11.09417333416152,1.0,141,141,9.84317450199603,12.291016060243928,0.649900884174181,10.580712072619848,11.673504362625996,-0.08683547352889853,0.14655226069649885,0.06491057400421836,-0.05551590398873074,0.05213236235813845,
roundabout_PCG_692,PCG,1,11.285477828985309,1.0,143,143,10.696312676092658,11.71529492557103,0.30657834899531017,11.095630515960075,11.536653193828183,-0.07591332589812794,0.07058859422669173,0.036194163311472446,-0.021088755413074978,0.01511803239848053,
roundabout_PCG_693,PCG,1,11.138363296412717,1.0,141,141,10.0905772537204,11.953663077544007,0.4524126711788469,10.818508577919708,11.473232025881645,-0.15372443680837478,0.08928681605932454,0.055797328997060774,-0.02193477748812178,0.04461592400830661,
roundabout_PCG_694,PCG,1,11.093398488975977,1.0,141,141,10.057365129653723,11.759502447320722,0.4746330367567628,10.810634545441523,11.418468794223418,-0.17716291957489538,0.09231953513649316,0.06393520631061525,-0.028644514847860236,0.049437488316327105,
roundabout_PCG_695,PCG,1,11.160750957557438,1.0,141,141,10.516719389760542,12.125640808478796,0.3890714811382584,10.919461425086023,11.366914042740676,-0.10496889920973018,0.1613943231955144,0.05522121769390998,-0.0395377116092952,0.030186508291691894,
roundabout_PCG_696,PCG,1,11.109604837546092,1.0,140,140,10.741491016606373,11.50671281436556,0.22348993711253584,10.92225459920952,11.26922152042935,-0.05715586818413243,0.051682412186513815,0.027422864388437506,-0.019487389318630477,0.023573088607129034,
roundabout_PCG_697,PCG,1,10.920160154894518,1.0,138,138,10.361057959639163,11.506831299053713,0.33647727416831286,10.606335975335673,11.219394102104497,-0.09308939107333458,0.06746791767595717,0.04610764447508036,-0.039414477275935944,0.04187598529027792,
roundabout_PCG_698,PCG,1,11.344223514189173,1.0,143,143,10.963685806555596,11.696150555321259,0.1939544151800466,11.199183645795497,11.505438638592228,-0.039168018152761164,0.05230939839675308,0.022064162100216344,-0.015221841033301153,0.010981074178889827,
roundabout_PCG_699,PCG,1,11.236237358171612,1.0,142,142,10.397375408064939,11.989537807917593,0.48914428189541703,10.825688189061035,11.643078937341993,-0.08339103034887785,0.09679801533163612,0.04895506672034854,-0.039587079360960065,0.039759905135416496,
roundabout_PCG_7,PCG,1,11.094718249396228,1.0,141,141,9.906388758260878,12.046951316821007,0.6136662289105362,10.593976599480152,11.511990437667215,-0.1306017280902516,0.12040279504469176,0.0662587330119233,-0.030925424078978025,0.038082155668460516,
roundabout_PCG_70,PCG,1,11.171205967042482,0.9166666666666666,134,133,9.680483727063104,12.584395692150315,0.8791254716071084,10.47439400808764,11.922913526386974,-0.4999729838780276,0.16163597341286007,0.10359759945820496,-0.061262271266901536,0.07364601771473467,
roundabout_PCG_700,PCG,1,10.921488101187155,1.0,138,138,10.503955076632403,11.353789445985269,0.23597048365635387,10.711682905795026,11.093892708435408,-0.05754996633985954,0.058419188457994764,0.026558372715093127,-0.02211415101167935,0.0188146234614317,
roundabout_PCG_701,PCG,1,11.416015685926327,1.0,144,144,10.69329292519477,12.37816431100021,0.4371477339440684,11.121469782294108,11.770833023756834,-0.09850837410409596,0.10277057236010023,0.048113462745816904,-0.028389681926728638,0.032397071656414145,
roundabout_PCG_702,PCG,1,11.205237185461195,1.0,142,142,10.180561315251541,12.253765360064586,0.48409655800114015,10.966854721506532,11.54329906436591,-0.12554837380174355,0.113024505348859,0.055779710295585164,-0.021714917091262276,0.030137254386546797,
roundabout_PCG_703,PCG,1,11.137423786555933,1.0,141,141,10.532846594178386,12.007789565803659,0.3747134022909586,10.83710834705785,11.340142078648183,-0.09187135911306754,0.09729177037863579,0.04434738601193688,-0.019929775099141622,0.026111961862383737,
roundabout_PCG_704,PCG,1,11.267873917677809,0.9847222222222223,142,141,10.426875792764262,12.395840660217209,0.5530364931346985,10.786679112570717,11.674415600475884,-0.4992838925170471,0.12708542459531458,0.07747159945739916,-0.045085304710825724,0.04226008262120118,
roundabout_PCG_705,PCG,1,11.348070169653719,1.0,144,144,10.749799267176513,12.260969774703744,0.4073432064510268,10.971799765727999,11.65953397201533,-0.07022262948360058,0.0993771013433431,0.051677149685598806,-0.04319316476826485,0.043294627758152515,
roundabout_PCG_706,PCG,1,11.230085935495604,1.0,142,142,10.483469468002971,11.995240650435688,0.38909868767078265,10.975531092238482,11.536396768213052,-0.09621647990180726,0.06435273136236219,0.04241927048828418,-0.016589164170588866,0.029440260921504535,
roundabout_PCG_707,PCG,1,10.88489181515411,1.0,138,138,9.63663336296144,11.914612814832061,0.5919967579752766,10.447099982776198,11.307303818487023,-0.1480129482482866,0.14436638315743622,0.06864655849782982,-0.041942692355689815,0.029962464828262814,
roundabout_PCG_708,PCG,1,11.141183086070201,1.0,141,141,9.90940658706052,11.825236800904763,0.5148757189541121,10.764403743121797,11.598055137441357,-0.17332052382560725,0.10664249456626962,0.06072539283661429,-0.03307072858279447,0.054431750931049905,
roundabout_PCG_709,PCG,1,11.13248487027772,1.0,141,141,10.183811451717506,11.628095986586315,0.3183589542915233,11.035001002474008,11.367066792807215,-0.14248837281160753,0.10345613325725012,0.04405772412799577,-0.01767757604818243,0.02720005986567564,
roundabout_PCG_71,PCG,1,11.080214807856443,0.9166666666666666,132,131,9.82119303240113,12.584422361872681,0.7903625639178936,10.467020023125563,11.756005732262164,-0.4997379298159732,0.16007328912070662,0.08987471868534595,-0.0770370106227869,0.05703661111365488,
roundabout_PCG_710,PCG,1,11.167435946806807,1.0,141,141,10.81079002265046,11.531936264614933,0.1860896477182331,11.04039939701723,11.312949638238598,-0.0608996273511373,0.05541729280466967,0.026916591085324196,-0.019009486782039176,0.016516064609765735,
roundabout_PCG_711,PCG,1,11.076481508337048,1.0,140,140,10.29013302957854,11.820927980221006,0.48266491336520023,10.65137535210962,11.52985909153697,-0.07189824126531796,0.09016421358467319,0.04899204839049679,-0.03909292410853382,0.04569533829856276,
roundabout_PCG_712,PCG,1,11.234176880948592,1.0,142,142,10.395163555240158,12.19848752637634,0.5335334546079621,10.744977728414552,11.700895657359887,-0.10229167300686903,0.08423347443203077,0.051518358757991385,-0.04547710128204674,0.038456488140484524,
roundabout_PCG_713,PCG,1,11.265848494930815,1.0,142,142,10.723122031489424,11.67706933528229,0.20581627385785697,11.189637146328353,11.368550254870936,-0.0611600901146474,0.11576397556163087,0.03323976437210066,-0.016198981161893222,0.010371010818324145,
roundabout_PCG_714,PCG,1,11.229028881805862,1.0,142,142,10.419256784139552,12.258660437627208,0.4973480163074885,10.792822725622301,11.605953476961002,-0.07499395763207772,0.11069029639969763,0.04943530935945588,-0.04603310378959913,0.031061122820882137,
roundabout_PCG_715,PCG,1,11.20369884934035,1.0,142,142,9.912165427948871,12.352903038073668,0.6622330768452892,10.650395051232456,11.751175647013774,-0.13415084015727885,0.15118221280135735,0.06941207455844864,-0.056232302317057226,0.053992146739286095,
roundabout_PCG_716,PCG,1,10.872895773670121,1.0,138,138,9.978196810238863,11.676232777699045,0.508685493922945,10.415511870384204,11.318949053723816,-0.08192439246817784,0.09898417917097291,0.05476154213147103,-0.04468949036042957,0.04668353675495984,
roundabout_PCG_717,PCG,1,11.125927503985825,1.0,142,142,9.558040133246894,12.100099058976516,0.6120631054667152,10.719008402738982,11.50492070849688,-0.1489037742075503,0.20624610417646672,0.07452368654117719,-0.05402364842786023,0.025268970041868233,
roundabout_PCG_718,PCG,1,10.879367962543732,1.0,138,138,9.900853846263908,11.423155188578678,0.4292027649947186,10.600122254420267,11.235234029839422,-0.14872697782199218,0.10326627403978428,0.05309938866812886,-0.02207119507523414,0.03348163145074645,
roundabout_PCG_719,PCG,1,10.953356696449308,1.0,139,139,10.563707492820438,11.43191682769874,0.2814458451332215,10.671439997183883,11.173662116709675,-0.07842893689598718,0.08280333823259056,0.03947693135173254,-0.029592845843307458,0.030675114649420188,
roundabout_PCG_72,PCG,1,10.961804079173746,1.0,139,139,10.019047922564942,11.696982684682911,0.41886602453448163,10.679590937445308,11.289789737791779,-0.1516771062895419,0.1163891186775814,0.058601286372658164,-0.04025715624294257,0.038097523518285215,
roundabout_PCG_720,PCG,1,11.317496002308864,1.0,143,143,10.535990598505995,12.10758528280786,0.4452076686403504,10.971566333931019,11.676859146423244,-0.11313270918277851,0.09674188896470959,0.048771053658225406,-0.03787828522206649,0.04013626767479472,
roundabout_PCG_721,PCG,1,10.842001899510988,1.0,137,137,9.919835764297273,11.481733216022548,0.4273017554784435,10.617753004763676,11.0960709931165,-0.1241199753773703,0.12472871642838612,0.05741782728236507,-0.020593808734044927,0.02736973982962887,
roundabout_PCG_722,PCG,1,11.263010235963808,1.0,142,142,10.711656714608743,11.750553646871312,0.2941869768107192,11.019705267440527,11.494483887132033,-0.05535392076316903,0.09632811530671859,0.03863737772719339,-0.03231230680721886,0.03104445261674682,
roundabout_PCG_723,PCG,1,11.066860550035878,1.0,140,140,10.367252051218632,11.77013652472346,0.3876644248781886,10.812240413354655,11.389435236424557,-0.06965297787912128,0.08022981673494733,0.03909541923961879,-0.03573813963426753,0.027419833338424127,
roundabout_PCG_724,PCG,1,11.306114972590255,1.0,143,143,10.732177595418497,12.173369745382557,0.3955640411575145,10.985890430753221,11.546159307265281,-0.0775543477213958,0.11962280724918095,0.04764454853790069,-0.03785410719823279,0.030505075761491973,
roundabout_PCG_725,PCG,1,10.976223490136421,1.0,139,139,10.583969104714127,11.466447374685991,0.22938020605221487,10.779937648621019,11.16420263844878,-0.057399009619654606,0.10504285534037194,0.03736102758600414,-0.03260962220222918,0.02415018910139466,
roundabout_PCG_726,PCG,1,11.140977432958252,1.0,141,141,10.005736593859394,12.322683507476647,0.6127230701454294,10.567369992010349,11.58738376998042,-0.15280083763828856,0.10118182234550765,0.06416494485871414,-0.03812100325975898,0.04985675949287405,
roundabout_PCG_727,PCG,1,11.093885522722903,1.0,140,140,10.577629481586412,11.68075094096576,0.25775907132544457,10.94918415089887,11.253486860911288,-0.09845368305516722,0.11687269735548966,0.04596157590998732,-0.02306844062018465,0.025488590791137966,
roundabout_PCG_728,PCG,1,11.333374742668418,1.0,143,143,10.851328547518841,11.877727875956756,0.28325527916078663,11.11635648319303,11.570357870185248,-0.054328304082655876,0.09374000261263582,0.039024444306071396,-0.031241340156960895,0.02864383565936368,
roundabout_PCG_729,PCG,1,11.092321489929619,1.0,140,140,10.197063045650705,11.554128889470796,0.3192275503503371,10.973649041116156,11.330450646936704,-0.14873044172248662,0.10559839485681799,0.04885942865985798,-0.02455263989197043,0.025431609328791183,
roundabout_PCG_73,PCG,1,11.064931296274636,1.0,140,140,10.864684621257965,11.34221381028582,0.12769382067613513,10.95567182598235,11.157037225039105,-0.03942234262853184,0.03207046316751061,0.01664034996436142,-0.011131538664466145,0.011879667275079608,
roundabout_PCG_730,PCG,1,10.983968347601973,1.0,139,139,10.513656566970024,11.37408062968597,0.19372975896686676,10.847558424059367,11.118189370697802,-0.08911976606567684,0.05832343751811031,0.02936887913636614,-0.013296569150555548,0.019688695574256343,
roundabout_PCG_731,PCG,1,11.083867926974492,1.0,140,140,10.308726807331125,12.018407001616632,0.3767355098400084,10.87389928083489,11.25243492616139,-0.18286055809136847,0.08504483367988058,0.05354262567731149,-0.017061599619432766,0.026813157811838906,
roundabout_PCG_732,PCG,1,11.299918147743337,1.0,143,143,10.536579844315055,11.819003212043356,0.32793351629171813,11.054483450947345,11.521140574165223,-0.08083499513583625,0.11651604446840302,0.039124119654750635,-0.022432928035875044,0.021487534864571778,
roundabout_PCG_733,PCG,1,10.973258570803258,1.0,139,139,10.399297900646213,11.473654489601286,0.30665089898449227,10.747009878680656,11.248142041392853,-0.10763093766676235,0.08630759075309236,0.04479042401545368,-0.028530282359477077,0.026054107273250082,
roundabout_PCG_734,PCG,1,11.166047123317941,1.0,142,142,10.440537394942671,11.647471614180404,0.2963203045014888,10.931533730094324,11.407794014795506,-0.12707371858864214,0.11534945637427363,0.052473754803985355,-0.024619632377833156,0.03406380896596772,
roundabout_PCG_735,PCG,1,11.294310227049928,1.0,144,144,10.151617634417702,12.257722384735494,0.5416062873982662,10.962053957791433,11.638300560465233,-0.10511635721645263,0.161364541299017,0.06920350828770516,-0.057071650061497614,0.04282773183066402,
roundabout_PCG_736,PCG,1,11.016699238825588,1.0,141,141,9.125221276903808,12.508176594812062,0.9266195363740715,10.24302604993438,11.776337492654525,-0.20078910458943255,0.20555971701190678,0.09754357095347817,-0.060089735142783596,0.08312374677843515,
roundabout_PCG_737,PCG,1,10.969803137315814,1.0,138,138,10.71566527884453,11.368976819832513,0.15554121137244165,10.85746153350728,11.044870346459485,-0.04383111098768566,0.07408729288684945,0.02481920474882259,-0.015198083063697077,0.00954520456325536,
roundabout_PCG_738,PCG,1,11.341374272611105,1.0,144,144,9.925170305151408,12.746565831769626,0.8948925683163418,10.54012863448821,12.157018598948241,-0.12726693293856073,0.157211880446134,0.08412981257364247,-0.07414246915997413,0.07066251673789159,
roundabout_PCG_739,PCG,1,11.134932252932288,1.0,141,141,10.557162890805257,11.722029153847776,0.2696603187591308,10.989470957593975,11.30769131522432,-0.06986645393224578,0.07004533389276979,0.034272150514070794,-0.022450838241747206,0.02590750722457713,
roundabout_PCG_74,PCG,1,11.402463093842885,1.0,144,144,10.796400833594083,11.897842772686191,0.2925573507882182,11.200375421388951,11.652618492075842,-0.06461906988382893,0.11997207458965065,0.039986766314518085,-0.029344875427698813,0.02571211073953128,
roundabout_PCG_740,PCG,1,11.253266474303333,1.0,142,142,10.384847766241068,12.174530145638398,0.45407406169917536,10.97151463055897,11.608653597297819,-0.09461979854009961,0.11274726936035151,0.05262066610260797,-0.042352430964509136,0.03925606525094816,
roundabout_PCG_741,PCG,1,10.927794097688805,1.0,138,138,10.691767091718825,11.164719256504874,0.14417925174968585,10.778223068549975,11.052901689158205,-0.0641442058337045,0.058869964814702413,0.025567694691669862,-0.017645079481355186,0.018796077491151753,
roundabout_PCG_742,PCG,1,11.031749740502537,1.0,140,140,9.450700031412847,12.118390144260157,0.7484753509210689,10.375112787067671,11.611283346367069,-0.19641730685695435,0.16144213906045124,0.08077378693462957,-0.04711994920817242,0.06213189986469514,
roundabout_PCG_743,PCG,1,11.304893709570495,1.0,144,144,9.804679724732559,12.825780348674584,0.8766077771561525,10.461816094951855,11.991357788173,-0.17787186854706505,0.1375343091755834,0.08888475066665802,-0.06576728888080874,0.08124288769120191,
roundabout_PCG_744,PCG,1,11.236454714525626,1.0,142,142,10.885591744846865,11.746557500287413,0.2481600596775411,11.03367395937612,11.434940083533995,-0.04964372063110467,0.054558300729997455,0.031322203807970725,-0.032790228005982414,0.029235656246791475,
roundabout_PCG_745,PCG,1,11.21602055092617,1.0,143,143,9.939102506606618,12.632743987086121,0.7973870489355471,10.505714368515537,11.943647548430286,-0.1461417817819779,0.12336782622391063,0.07979460756845176,-0.06894241685605351,0.06934967763778577,
roundabout_PCG_746,PCG,1,11.025800841990542,1.0,139,139,10.41799661488878,11.726987066186844,0.4146543998601882,10.635529953679026,11.420378440044187,-0.05943165723674504,0.077256002702212,0.04032252880149864,-0.034205575065506366,0.03401525468165367,
roundabout_PCG_747,PCG,1,11.043840818346686,1.0,140,140,10.307142924384834,11.553496499340929,0.3214219215559719,10.825190573855465,11.288266923502926,-0.12271461191061128,0.08581329024421791,0.042479069533651076,-0.021915841488078236,0.02517190359803445,
roundabout_PCG_748,PCG,1,11.067826702710882,1.0,141,141,9.527284793639682,11.970508885051743,0.5804243072842179,10.749122243958913,11.550860606708442,-0.24666200012460138,0.14204188020766573,0.07436750627645318,-0.0305800134430374,0.0510894898407539,
roundabout_PCG_749,PCG,1,11.221079359931734,1.0,142,142,10.616823278146542,12.260120383052387,0.410218161591464,10.9388598497232,11.452790547447865,-0.1673533014494364,0.11234732581521278,0.0557488847267483,-0.010988152902882131,0.03297320705396478,
roundabout_PCG_75,PCG,1,11.042205270184514,1.0,140,140,10.180377430795318,12.031704547449364,0.41100291180072096,10.87267398652935,11.280697616703742,-0.11650669096198385,0.11943420091048296,0.05071705307021864,-0.023217758551979717,0.040181593238467705,
roundabout_PCG_750,PCG,1,10.957003498406797,1.0,138,138,10.460002336862866,11.503767159530529,0.27879508180436435,10.754530234191716,11.140211227604427,-0.11949390853206054,0.06140485181857969,0.037420909682534184,-0.016168920847188684,0.025526661460764988,
roundabout_PCG_751,PCG,1,11.18590938186123,1.0,142,142,10.274278234617116,12.00324636124598,0.48230977023073796,10.869600692308401,11.523438936578259,-0.11935377946848647,0.10389141921171152,0.056870117547236115,-0.04746415468920917,0.04391934584715651,
roundabout_PCG_752,PCG,1,11.21684316402371,1.0,142,142,10.738406594273657,11.7642570647755,0.2710764801896454,11.048535219811642,11.40991365668424,-0.10336922930969195,0.06874899135981849,0.03941274408252335,-0.02590061700872237,0.03125116460143218,
roundabout_PCG_753,PCG,1,11.404652319944558,1.0,145,145,10.46480918684958,12.448690293344503,0.48340682569403187,11.077033936097457,11.734201519041186,-0.12737956818325635,0.12474880555955892,0.06136898474925587,-0.041152296495386764,0.05161050029453662,
roundabout_PCG_754,PCG,1,11.23155875627137,1.0,143,143,9.946457923315055,12.738068601989715,0.8246434482530074,10.559927577257728,11.920466914704274,-0.14575462623618307,0.15729045323832125,0.08544167459596841,-0.07510226589345947,0.07522635722190962,
roundabout_PCG_755,PCG,1,11.267551245649981,1.0,143,143,10.714131172381244,12.052806009533331,0.3844048713741483,11.002472767706697,11.514572296066302,-0.09431545067542757,0.11313476830510005,0.04925363473066597,-0.034533017880368,0.01905118317132537,
roundabout_PCG_756,PCG,1,11.248306395805436,1.0,142,142,10.726761554860248,11.98278663690232,0.32945708874191376,11.004415912104154,11.452003307998442,-0.06805582782185127,0.08199374084449573,0.042936685639830545,-0.03661422416912341,0.03770090191883879,
roundabout_PCG_757,PCG,1,11.043054026068972,1.0,140,140,10.386506423238151,11.759028114760323,0.3159501362884703,10.788813687467835,11.266457869680652,-0.09373480141369228,0.12122736835797632,0.0484761453897084,-0.03435356748444862,0.023609993256938466,
roundabout_PCG_758,PCG,1,11.074545899654117,1.0,140,140,10.29058636672269,11.687512675237157,0.4271993929988398,10.712014273309116,11.462725558994658,-0.08336592888601935,0.07823175514027447,0.04325154954151234,-0.03785138924818021,0.03323404291067611,
roundabout_PCG_759,PCG,1,10.367823806996673,0.7270833333333333,103,102,7.664950791282247,13.896096912592443,2.1002015693582723,8.275302927366003,12.380561783774422,-0.22264938967768977,0.17888029094891778,0.1328832556867771,-0.1301595303595917,0.11596704015355064,
roundabout_PCG_76,PCG,1,11.166147392856187,1.0,142,142,10.215196997789814,12.04148073040253,0.47288623372448,10.818533974260314,11.478674195452076,-0.11389889632263106,0.11841238667224196,0.05978674701810615,-0.05518989142501374,0.042094222489686306,
roundabout_PCG_760,PCG,1,10.977320271867452,1.0,139,139,10.013623851106155,11.823317460224509,0.453987711666038,10.646264897378478,11.344514431260016,-0.10792210257540447,0.11040244392249221,0.0603763753228631,-0.05104061109521396,0.0523693731664574,
roundabout_PCG_761,PCG,1,10.970617865036571,1.0,139,139,10.345861053541507,11.6584078543596,0.3569333079722246,10.673006894116396,11.223608499579306,-0.07156434112449084,0.08590536256708425,0.039722572860151836,-0.030829174465653253,0.028228860861475802,
roundabout_PCG_762,PCG,1,11.51062486969166,1.0,145,145,10.972021536121854,12.024844304838943,0.29090193124462194,11.274001011875487,11.72461095560961,-0.0573070108788194,0.08686189807974642,0.0374263286364456,-0.030775327652243334,0.03033890150075358,
roundabout_PCG_763,PCG,1,11.264917179159387,1.0,143,143,10.537129947667413,12.081944875208176,0.4587946110641489,10.8640876595848,11.700436099512256,-0.09112436373369093,0.13337919206500004,0.06406110246282268,-0.057182589496098224,0.04827537488600786,
roundabout_PCG_764,PCG,1,11.335522683458102,1.0,144,144,10.107295207776142,12.627598555432632,0.610944304876429,10.907999533057492,11.744959750084739,-0.15450930530317564,0.13399524852890288,0.07464645043637198,-0.05273337634116304,0.06582219695966529,
roundabout_PCG_765,PCG,1,10.805817009171799,1.0,137,137,10.11372781775935,11.532841147228085,0.2973407216320895,10.617323438592635,10.976066185005605,-0.09526748993294376,0.11108637349431483,0.04509728829851883,-0.02575706747174067,0.01907426554072167,
roundabout_PCG_766,PCG,1,11.092990918430422,1.0,140,140,10.417594836810533,11.68101177911591,0.3087846582050859,10.876431201425735,11.288789770897829,-0.08388955887528482,0.10082459270231858,0.045786596861098594,-0.0384609372823288,0.025095383009701155,
roundabout_PCG_767,PCG,1,11.22916926035367,1.0,142,142,10.91142339538726,11.622507786250663,0.20396922065341563,11.03890649058613,11.414501133630099,-0.055581720249778144,0.041950204403088165,0.027793016428034247,-0.022277929123572182,0.021890980948909178,
roundabout_PCG_768,PCG,1,10.860239870141934,1.0,137,137,10.428423763705661,11.306130617531169,0.238651338175943,10.678960551799756,10.994616698652532,-0.07854936594272566,0.04919888710077025,0.03255399359777697,-0.021655116080248504,0.028945937214528428,
roundabout_PCG_769,PCG,1,11.10039759879959,1.0,141,141,9.857561072437145,11.972318442104564,0.6448824425244184,10.571889979271067,11.68236471518937,-0.14035606544716295,0.13288374324229757,0.06727858189381188,-0.04100842610176869,0.04736703176795842,
roundabout_PCG_77,PCG,1,11.487992649552274,1.0,146,146,10.691714511999875,12.725166451825256,0.5149004098929393,11.06989117090295,11.839242785120097,-0.11332092807831629,0.1663523465617125,0.06102138091684921,-0.042292985346459755,0.033626454902340175,
roundabout_PCG_770,PCG,1,11.255052683275375,1.0,143,143,9.965052497588475,12.355004688119752,0.7060799906404005,10.702044603779173,11.870308575239044,-0.133147595147328,0.12858288932050854,0.07100243715502925,-0.06774689816602741,0.05720567679161803,
roundabout_PCG_771,PCG,1,11.270480280601918,1.0,143,143,10.496153794176196,12.140032883233983,0.5109502946833832,10.85481992697571,11.77334294962737,-0.08066729927158534,0.08811815504365761,0.04938919360293744,-0.04199763335609674,0.04769958504601046,
roundabout_PCG_772,PCG,1,11.153980244706313,1.0,142,142,9.767497229720432,12.27005769471531,0.688038920663124,10.642353753064558,11.773140229321589,-0.1643398208573288,0.12628618412679238,0.07121418196798192,-0.05097799231818145,0.05451313061886731,
roundabout_PCG_773,PCG,1,10.988145064331075,1.0,139,139,10.390221263928133,11.636030530725069,0.2998994021189031,10.773030746320575,11.163970054220592,-0.08426318000639377,0.11126050389717435,0.04492389226564964,-0.030296535294703553,0.030217438329653845,
roundabout_PCG_774,PCG,1,10.993751669864434,1.0,139,139,10.040777446392003,11.616822406532707,0.42776201515567086,10.709395671282332,11.292711131061427,-0.16584566889355656,0.11434353337255487,0.05892425867569413,-0.03375089080410376,0.031930430302128165,
roundabout_PCG_775,PCG,1,11.014269904337008,1.0,139,139,10.101431870810389,11.935140171651934,0.5015595836802735,10.63690207363885,11.397272829670147,-0.09268152474592917,0.11583467353447396,0.05482100376850132,-0.04954248796635774,0.04389310821053005,
roundabout_PCG_776,PCG,1,11.31036569604655,1.0,143,143,10.826326142692944,11.85078728475751,0.29872453936671506,11.083758954541825,11.568442774007249,-0.09601566605577894,0.06488137460481269,0.04310781045269135,-0.0259073164935959,0.03494565524714588,
roundabout_PCG_777,PCG,1,11.117434111624757,1.0,140,140,10.750955700314305,11.596567026221232,0.2095191498480262,10.941317302907496,11.279559799560861,-0.0586348247246935,0.07751962581241756,0.032750907068558946,-0.02277482068116088,0.020659840949431185,
roundabout_PCG_778,PCG,1,10.817364774634791,1.0,137,137,10.280508199937938,11.276479469450779,0.29813967419777354,10.585743359640663,11.09765548565701,-0.07326890072644687,0.059715623838531684,0.03472214490969854,-0.025742241360921625,0.02588808314294866,
roundabout_PCG_779,PCG,1,11.307735149731961,1.0,144,144,10.08650352145644,12.666661365472077,0.7120059159405048,10.752916357264425,11.893932895692975,-0.14199284829790493,0.12152814784840693,0.07245764010992913,-0.05469530784100707,0.05650804161504386,
roundabout_PCG_78,PCG,1,11.146185347438784,1.0,141,141,10.43574845042629,11.906321075498546,0.3970749868349894,10.83368137585697,11.497006737798129,-0.08059880807548048,0.060677123447904435,0.04311278681833815,-0.03560419229310696,0.04433491920122634,
roundabout_PCG_780,PCG,1,11.245518145450198,1.0,143,143,10.028353657838261,12.350964969162813,0.7055548160272067,10.544304792204848,11.899412163423547,-0.11541159265773793,0.1142964346585913,0.06693126910571554,-0.05135345452992102,0.060424567539270946,
roundabout_PCG_781,PCG,1,11.18063651168809,1.0,141,141,10.828382686393343,11.440830465910224,0.15614412864540234,11.044937604765908,11.310647728399866,-0.060870911602973976,0.05277534717208354,0.024180308945233167,-0.017058978586490525,0.013559405393847257,
roundabout_PCG_782,PCG,1,11.02179649794319,1.0,139,139,10.124002495230151,11.586749549462114,0.42021840332880755,10.688538271908518,11.394943248681074,-0.08141954454738354,0.11638270409838114,0.04314570555048135,-0.030567790442124654,0.02688713200870385,
roundabout_PCG_783,PCG,1,11.09651227010774,1.0,140,140,10.577671476560218,11.495523402470443,0.25410518700704565,10.936805444188856,11.350480812736475,-0.07548946483803931,0.05048833357027149,0.03114798080294753,-0.0255681683217146,0.027753742753983346,
roundabout_PCG_784,PCG,1,11.234182048569455,1.0,143,143,9.765216755037704,12.188362603381577,0.6617156078205678,10.780794844346206,11.730917666495916,-0.14440143433366437,0.2009882457772445,0.07713384712830729,-0.0507735940933598,0.04714868266239858,
roundabout_PCG_785,PCG,1,11.005075128097674,1.0,140,140,9.677854078307044,11.695475867731453,0.5050339897373413,10.74975743640789,11.403078566946103,-0.17247888967093594,0.1326568102674024,0.060079736882099236,-0.029435866687867573,0.03100690463249345,
roundabout_PCG_786,PCG,1,11.275517909681682,1.0,143,143,10.127815523469486,12.433924554139127,0.548573251098455,10.87733341863234,11.645259833023271,-0.1035653948813895,0.1411397867891857,0.05812773575836719,-0.039289597921822406,0.027634200028174405,
roundabout_PCG_787,PCG,1,11.162530579546337,1.0,141,141,10.108110195309688,12.208567221017397,0.6078151554006247,10.644699189804216,11.701535220547488,-0.12409894940447863,0.09072265457088413,0.061818144205161414,-0.04613386767102057,0.05733281795935241,
roundabout_PCG_788,PCG,1,11.048827310659428,1.0,140,140,10.143993940105615,11.819781489272122,0.37858572939351437,10.837429842063148,11.269594149308016,-0.10765621296661365,0.10609178891226456,0.04881085539740283,-0.02775762319590447,0.03552703546513669,
roundabout_PCG_789,PCG,1,11.208451059464542,1.0,141,141,10.969531528314072,11.482936752201455,0.14166815959876342,11.107301562027557,11.329448169861095,-0.030691864620383313,0.030015079724210025,0.016026973971564037,-0.013962427863649651,0.012384377661284418,
roundabout_PCG_79,PCG,1,11.071206357434958,1.0,140,140,10.226503255297363,11.493790155424428,0.2580813724410013,10.990891075832568,11.184996237427086,-0.09150148632609856,0.15026176589955753,0.04134712458869111,-0.01631767350405644,0.008504942416117878,
roundabout_PCG_790,PCG,1,11.25487304748924,1.0,142,142,10.336280277518576,12.137214126593488,0.5021335860196561,10.876415998408538,11.673531370374082,-0.11137068044854281,0.07928142627684309,0.052718491731196665,-0.037537294953264855,0.04623154176786448,
roundabout_PCG_791,PCG,1,11.294545450143346,1.0,143,143,10.844729605091711,11.644121129859201,0.22961604480359768,11.08822912657159,11.452894273281881,-0.08900466057738576,0.047252507735775495,0.029191742649543363,-0.018262407931850966,0.0215328092742908,
roundabout_PCG_792,PCG,1,11.108272336612513,1.0,140,140,10.571625221923817,11.621251568090033,0.292575463949864,10.844302465993096,11.314536942321586,-0.07735791088078692,0.05969802059020424,0.032678480803408606,-0.022530675264714528,0.024239431112932586,
roundabout_PCG_793,PCG,1,11.227481734938522,1.0,142,142,10.543159686930709,11.880773548031032,0.3547266312537107,10.95869418592885,11.500607839361562,-0.06157986653319014,0.13665061859598637,0.051768416205833064,-0.041754318936709556,0.025523485246277122,
roundabout_PCG_794,PCG,1,10.884892437285801,1.0,138,138,10.199151506225864,11.33010186275537,0.26105603026761093,10.74962462041566,11.061646024544705,-0.0971528296513462,0.07130953938125195,0.034986205000584226,-0.01824685197590714,0.023733713000004375,
roundabout_PCG_795,PCG,1,11.015735977760539,1.0,139,139,10.503091851079564,11.296242574407145,0.2052919158666091,10.872544164182553,11.182141013644697,-0.06959729776701096,0.049896094370840416,0.024499488944089716,-0.01430395347858493,0.016414542319106218,
roundabout_PCG_796,PCG,1,11.060600434424408,1.0,140,140,10.461072953689447,11.652797146458353,0.34247744976134475,10.775966948904449,11.349977893671234,-0.06259225420797954,0.07509012537680526,0.036734170774107205,-0.025709997713605937,0.0316357124047868,
roundabout_PCG_797,PCG,1,11.194803091407087,1.0,142,142,10.490506736083255,11.91701848089323,0.38463645467175556,10.882365505690993,11.473296572581035,-0.09353973477365507,0.11310430312617115,0.044629959228090654,-0.03326140897374552,0.03198760069134199,
roundabout_PCG_798,PCG,1,11.20097489857868,1.0,142,142,10.497876401833695,12.183558594799887,0.43463272831229005,10.901859856256973,11.519556100830924,-0.09696855288427209,0.11875285633622923,0.04976069491696777,-0.03524942075651394,0.030723986770750944,
roundabout_PCG_799,PCG,1,11.496448990829705,1.0,146,146,10.357034693049384,12.055406509915075,0.3821979939485993,11.30953709364026,11.791901564695761,-0.13940879282153773,0.18923175044152885,0.06048198951966462,-0.03128249687544127,0.03470796033258683,
roundabout_PCG_8,PCG,1,11.257321132151409,1.0,144,144,9.571721496242885,12.870630569169622,1.0190545811206893,10.320648642403565,12.203762446294398,-0.1519272302614585,0.1801453553374195,0.09818311995075839,-0.08175097648849095,0.07711533355732092,
roundabout_PCG_80,PCG,1,11.094078560139652,1.0,140,140,10.466048531543027,11.706329541214377,0.3725388866617942,10.779923846499488,11.409861310692673,-0.062304825229274385,0.07843534710401201,0.03986050759828379,-0.035228762502752975,0.03225045534338289,
roundabout_PCG_800,PCG,1,11.272700869371938,1.0,142,142,10.509113772747884,11.979400756585514,0.40928565582009524,10.973147700900565,11.658318888400531,-0.09317728682899507,0.06290685392431605,0.04193641879704074,-0.03008027059594598,0.03149630638752843,
roundabout_PCG_801,PCG,1,10.940725442437612,1.0,138,138,10.615711716867454,11.257443090226616,0.18073161277787736,10.815444233379047,11.102803498894533,-0.05661608076585267,0.04487816019727653,0.02459535859420405,-0.021790180703507023,0.018670251710623642,
roundabout_PCG_802,PCG,1,11.251305554514483,1.0,142,142,10.561713621848845,11.6722587708485,0.2611795823650546,11.183147846499214,11.413095884353096,-0.07458730369470246,0.12390903118321539,0.0366163665032024,-0.010590392527160652,0.00998853115156706,
roundabout_PCG_803,PCG,1,10.886066751841428,1.0,138,138,10.271466825093741,11.426927166101171,0.325590141535784,10.624903390438774,11.15210614067705,-0.06264992940267433,0.07776321067230363,0.03594333420033528,-0.030649184574977006,0.026264199215174866,
roundabout_PCG_804,PCG,1,11.301843564470145,1.0,143,143,10.872845787290672,11.844284533083515,0.24409893380262832,11.092062371646673,11.426717107291783,-0.05534429791139317,0.06667921085588269,0.0292613360457065,-0.024036631390836227,0.019872809498583166,
roundabout_PCG_805,PCG,1,11.012595059598727,1.0,139,139,10.646746511322482,11.480102933635697,0.21431513406979913,10.872357781523597,11.171734485146985,-0.04274303400160839,0.0495192243973861,0.028572413049094907,-0.027612766891898843,0.02576777208705927,
roundabout_PCG_806,PCG,1,11.106995888436883,1.0,141,141,9.523569006276082,12.12790122647956,0.6490411887262745,10.64638198597546,11.62935918476669,-0.1588198335191926,0.1674810288456996,0.06880050734837022,-0.05073154618670905,0.04211752204166608,
roundabout_PCG_807,PCG,1,11.207862802929636,1.0,142,142,10.05361098574455,12.228979531459917,0.5272841397826671,10.975241962375803,11.65315743931834,-0.11648626564731401,0.17947625363522057,0.06998028124166679,-0.052533780365339844,0.02303193167724693,
roundabout_PCG_808,PCG,1,10.96957540145813,1.0,139,139,10.205885300327441,11.668917306556331,0.337183352871115,10.706871512696324,11.156821427119965,-0.11020542693355573,0.10048579710304395,0.04441889275985498,-0.02283726770217953,0.016396270289460446,
roundabout_PCG_809,PCG,1,10.908308289966282,1.0,138,138,10.526883003637876,11.310563326666875,0.22320712854166186,10.711191575622466,11.053236427810399,-0.051082424034667895,0.05387659065628014,0.029042736561837795,-0.024491605731937316,0.02722829875595556,
roundabout_PCG_81,PCG,1,10.995537641536256,1.0,139,139,10.448490097676471,11.33214755924986,0.2625838989491626,10.797233182270546,11.222496787838674,-0.05700870231518351,0.06370003913188071,0.03076366315454995,-0.017373348788720655,0.016089638230048386,
roundabout_PCG_810,PCG,1,11.14657837314801,1.0,142,142,9.635523590778954,12.47957018081032,0.8063046729144875,10.478926983643788,11.726879083940108,-0.18906173801253345,0.1319948477739512,0.08671658115909521,-0.05562726736321277,0.08034260110405533,
roundabout_PCG_811,PCG,1,10.806065795517252,1.0,137,137,9.874003379564327,11.549503128304144,0.4644068506124094,10.387541493734014,11.221938623543284,-0.1149051818523823,0.1500846734680401,0.07077655762432351,-0.05081697221920223,0.05641210948418163,
roundabout_PCG_812,PCG,1,10.89612947255783,1.0,138,138,10.380066013207761,11.574737150841601,0.31275238654188536,10.667347357109042,11.067044314040658,-0.10881039469122733,0.0772043490670491,0.04063667773282408,-0.024676541068232805,0.03436495281605634,
roundabout_PCG_813,PCG,1,11.179282615989388,1.0,141,141,10.385738976968877,12.007685739062197,0.4057018587994249,10.968218482194318,11.502632231904464,-0.09223708952013787,0.07031371405006226,0.044512062905547926,-0.030587655537592795,0.03925393544595579,
roundabout_PCG_814,PCG,1,10.960677729059773,1.0,139,139,10.151206765645524,11.479112862851265,0.3569783269083835,10.697848778741921,11.275901720927848,-0.08097033519522334,0.07088214253532854,0.03926777502892816,-0.0329420132318452,0.030091260197163017,
roundabout_PCG_815,PCG,1,11.347844982457685,1.0,144,144,10.778026534206006,12.341775522598859,0.39337944779040285,11.032499761911417,11.630246621973532,-0.0782519389777736,0.16223843550598893,0.04782555828254205,-0.03030341941657433,0.019674354219769707,
roundabout_PCG_816,PCG,1,11.031145991014075,1.0,140,140,9.650210543393563,12.040753694410451,0.6721059229595201,10.49631854714199,11.54616337154367,-0.1227077505237304,0.20304826077029858,0.07429623078002676,-0.051994067821662604,0.04738154197434552,
roundabout_PCG_817,PCG,1,11.001114557728071,1.0,139,139,9.987074673783292,11.832033209937697,0.4161289561595426,10.770800334915513,11.279306189825043,-0.13246333345397687,0.12330660778140157,0.05219738031253385,-0.024877688214551164,0.020430798604322398,
roundabout_PCG_818,PCG,1,11.330052850472072,1.0,143,143,10.50159314085062,12.184414373589865,0.41108230920688427,11.061668977971816,11.563963377522025,-0.10649734642778164,0.11247361274187817,0.05306487477337306,-0.03628619955804435,0.03558545775200539,
roundabout_PCG_819,PCG,1,10.993647700364322,1.0,139,139,10.049582633665768,11.669733138772774,0.45744074941441276,10.595972368486006,11.423227339948747,-0.08013002502674382,0.09947071800336182,0.047302873604357046,-0.032004636361326,0.03622934301260905,
roundabout_PCG_82,PCG,1,10.873198592199191,1.0,138,138,10.156661963052418,11.87766827730276,0.4420939253900859,10.505621781254739,11.107922684968846,-0.1495912058685125,0.10580869950466365,0.0556057711533199,-0.030339305108754377,0.03974285063660865,
roundabout_PCG_820,PCG,1,11.161602158827511,1.0,142,142,9.82670447744052,12.37037018773345,0.8047668641953138,10.457339248145992,11.914519386902377,-0.1467008525367124,0.12739056255254866,0.07914871126852187,-0.06614639656216426,0.058909303745944275,
roundabout_PCG_821,PCG,1,11.319344530575703,1.0,143,143,10.394385251866774,12.072200816575544,0.4838741322910036,10.949603294799905,11.690078208004685,-0.11674765931868336,0.12688986653563106,0.056317258025781324,-0.033811505850882995,0.036906189890289376,
roundabout_PCG_822,PCG,1,11.385605668202354,1.0,144,144,10.977576199388514,12.086997952614587,0.24309143061825383,11.200743791005156,11.491986495724658,-0.08259921074205678,0.12056159209788042,0.041129348170802,-0.0210864428384121,0.01595726598308822,
roundabout_PCG_823,PCG,1,11.032322858210168,1.0,140,140,10.204891206420324,11.839312853360562,0.4471976847020771,10.759692075427008,11.386481315069823,-0.0970473308197306,0.12912549225998404,0.05134535038531145,-0.03659358089953413,0.035923475546303596,
roundabout_PCG_824,PCG,1,11.390632505959964,1.0,144,144,10.664697663738906,12.277866256712054,0.49230822270452196,10.981065460066654,11.777951037258585,-0.09487641490834342,0.111721319604003,0.05255652979476637,-0.04338374397345346,0.03907362577095874,
roundabout_PCG_825,PCG,1,11.224232782440513,1.0,143,143,9.653357893663461,12.541234582318186,0.8587823282207805,10.604420103992556,11.991970270081852,-0.18063416512876707,0.14522362697699087,0.09089083300665445,-0.06921648189102303,0.06258447033424996,
roundabout_PCG_826,PCG,1,11.352344494381354,1.0,144,144,9.835120971053623,12.353101295964688,0.6820546716571579,10.936250041974978,11.96180732518592,-0.15982937449672363,0.14859660662102137,0.07124953711628693,-0.056144803907568264,0.035143742522049326,
roundabout_PCG_827,PCG,1,10.976423364278444,1.0,139,139,10.477400446259757,11.522955643577818,0.2894004903511277,10.786426499938722,11.223736271845482,-0.07399293977104549,0.06535965483919348,0.037308691111141504,-0.02487994025701923,0.026039643782950428,
roundabout_PCG_828,PCG,1,10.909445799542755,1.0,138,138,9.956085805021635,11.82444118103831,0.5605705402177198,10.384501046248761,11.4163733185068,-0.1010875079945599,0.10598101739504173,0.058436951639182444,-0.04253059070326204,0.038475184409831,
roundabout_PCG_829,PCG,1,10.674875957086176,0.74375,109,108,7.192466356972043,14.376936734824161,2.066256364889642,9.073886827899818,12.342358862529165,-0.4957793927030245,0.23312911081561793,0.14232758582165653,-0.09455288683175134,0.15941655395386567,
roundabout_PCG_83,PCG,1,11.321283445412856,1.0,144,144,10.006624273049066,12.308828480453238,0.589815629869516,10.928307214416282,11.790180810072247,-0.142433262276775,0.14392355962397474,0.06338108419241537,-0.04262167631096814,0.039733081794210534,
roundabout_PCG_830,PCG,1,11.038348282755493,1.0,140,140,9.768698511573765,12.270325118040406,0.7394672403633213,10.419361514527793,11.684985786704384,-0.15001548149893118,0.12272746830737802,0.07820226930858412,-0.06943072330435607,0.058076951528970966,
roundabout_PCG_831,PCG,1,10.86988766856709,1.0,138,138,9.566506065661711,11.765884993612357,0.5494454707005182,10.56325092903245,11.293690000591305,-0.20400500733999927,0.13555927689024827,0.07264134298714618,-0.038921372604272975,0.04946984072862293,
roundabout_PCG_832,PCG,1,11.319867049978152,1.0,144,144,10.262751888085338,12.296556384909577,0.48619428510196255,11.067580099481477,11.609031963391038,-0.11641401856905631,0.12988609085930314,0.06106711674055675,-0.0499514041283744,0.03818419558512032,
roundabout_PCG_833,PCG,1,10.953246768090692,1.0,139,139,9.440705359533734,12.001860276441144,0.6810543526445993,10.414210077022549,11.495351090893568,-0.16286411738781403,0.1627648878847623,0.07487723999879356,-0.04415160332088508,0.03920059647683427,
roundabout_PCG_834,PCG,1,10.96022335564967,1.0,139,139,10.280830761700711,11.638330089476103,0.3517134306961759,10.684731094773351,11.229761302602553,-0.14485125249667696,0.09721643139336322,0.054604402590832726,-0.025658463734193226,0.038247147573764906,
roundabout_PCG_835,PCG,1,11.047053009068541,1.0,140,140,10.629887454251737,11.485919450449622,0.2393651703073556,10.873018728377469,11.244060154106556,-0.0887811606733262,0.06292148653574436,0.039670506276980474,-0.01935028071671363,0.026033366022128135,
roundabout_PCG_836,PCG,1,10.9720341009603,1.0,139,139,10.287392317075073,11.98450632767563,0.39776490008320925,10.73728435237939,11.147357313303534,-0.17726350527190604,0.11456216641845174,0.060251107890560034,-0.02074219805546562,0.02885845547853183,
roundabout_PCG_837,PCG,1,11.100833770494264,1.0,141,141,9.845595914604484,12.133153073598416,0.6488095166488805,10.544123588654104,11.601875786513697,-0.14441931296909694,0.14259210034781056,0.06926674014930748,-0.04943157341096871,0.06168162842959646,
roundabout_PCG_838,PCG,1,10.932130287669777,1.0,138,138,10.47313522399745,11.441669500384291,0.23901409574108967,10.736071162873676,11.115125239084563,-0.0635968942464249,0.09121619595746466,0.03602806754347603,-0.031064715331480475,0.026991401034460516,
roundabout_PCG_839,PCG,1,11.213156336512005,1.0,142,142,10.23599545316296,12.142067337833765,0.5261936667055339,10.74949183491019,11.652443062954184,-0.10994622214947114,0.08767804402892665,0.05169018617658851,-0.04312501532013391,0.03829877316789121,
roundabout_PCG_84,PCG,1,11.116295769131296,1.0,141,141,10.456441162037645,11.826973801909475,0.3809453193244979,10.786390546093628,11.336429753376573,-0.10043169050142886,0.06289296498814778,0.046826699013559736,-0.033305055151604535,0.03860947709763529,
roundabout_PCG_840,PCG,1,11.10058732457936,1.0,140,140,10.794404705099081,11.342329048589127,0.1663016227523173,10.96964160884973,11.252560596726362,-0.04093309717094762,0.039257804416999775,0.0182676599356539,-0.009325646945108623,0.011345483742884799,
roundabout_PCG_841,PCG,1,11.026030246151374,1.0,140,140,10.061281153980248,11.871852311982853,0.4232434979725546,10.747179528530523,11.320149191746182,-0.13673159928254108,0.12093310765262366,0.05518138614156449,-0.023965305613329768,0.03851568568468533,
roundabout_PCG_842,PCG,1,11.222779133855243,1.0,142,142,10.18055968522226,11.98957382932204,0.5089269932460464,10.861969952082989,11.684409829984896,-0.11001787872438484,0.09412679929716639,0.05375744292918461,-0.041803496552274666,0.04543079397501071,
roundabout_PCG_843,PCG,1,11.055162332024418,1.0,140,140,10.553495488956354,11.522398535202578,0.2227481114667859,10.924815433467874,11.220403528763317,-0.08027315014203218,0.0681683526236121,0.03181650225563456,-0.019278322659539437,0.02420311770085659,
roundabout_PCG_844,PCG,1,11.130574149655017,1.0,141,141,10.285686319611006,12.076211009874836,0.4409346856437322,10.853572269725642,11.413705163151663,-0.10573033867085968,0.11988078308677963,0.05196202244130916,-0.02455295468111629,0.02139814051529143,
roundabout_PCG_845,PCG,1,11.087754792667855,1.0,140,140,10.40898014926884,11.745012565331548,0.32230707970489914,10.868204870884643,11.304969510765826,-0.09569468800315128,0.08432552724255515,0.041208227246180076,-0.023226211494426607,0.03268555714673793,
roundabout_PCG_846,PCG,1,10.851337753800314,1.0,137,137,9.908317797462606,11.66695405059091,0.4651360942182443,10.578575941042615,11.234952379245962,-0.11358147060162338,0.09421378818698045,0.055194939566091526,-0.041375586028223665,0.05035233658591842,
roundabout_PCG_847,PCG,1,11.023721340778224,1.0,140,140,9.818740341101558,11.91813462418079,0.6314171795535385,10.518975736146148,11.615365785781872,-0.11186723819523436,0.12293963875140435,0.06420364047154298,-0.05739388169916593,0.04868123786796996,
roundabout_PCG_848,PCG,1,11.334032522902113,1.0,143,143,11.004391887582043,11.90773731345507,0.2548777002486288,11.130861512949252,11.49072042408821,-0.06021105094162493,0.0627969125456076,0.03336055619333647,-0.024707270738975495,0.02318662097654567,
roundabout_PCG_849,PCG,1,10.813712028345172,1.0,137,137,10.225379318071457,11.368690369132047,0.32131277842730116,10.608936434534655,11.08370587061584,-0.11904596498698616,0.08213667514076839,0.04597255453893328,-0.03535811546865553,0.030714652702547696,
roundabout_PCG_85,PCG,1,11.131313924204054,1.0,142,142,9.7401349022592,12.696698612169104,0.827851919900273,10.460794058431988,11.83959826247859,-0.15840829303952653,0.1493678809593213,0.08578238923048745,-0.06683040292511855,0.0709919173755309,
roundabout_PCG_850,PCG,1,11.33304388408784,1.0,143,143,10.919838195465983,11.80622218604759,0.19434601544791316,11.224278806439614,11.42526599516388,-0.05553677374356347,0.06262589011410569,0.026400866160013015,-0.012636799683772182,0.015692220480259422,
roundabout_PCG_851,PCG,1,11.182094324932697,1.0,141,141,10.70098959769967,11.681171615739945,0.23994692788446,11.035510186561549,11.324401604625406,-0.04208131707143181,0.09479579220926304,0.02972025219351629,-0.02126697147522627,0.013732432526060379,
roundabout_PCG_852,PCG,1,11.345774775261084,1.0,143,143,11.042267670754272,11.586835256622916,0.14179756120880938,11.239734987524182,11.451426653830143,-0.03453141473800336,0.05689139068154425,0.021726651823551515,-0.014918951793380764,0.01568854912588069,
roundabout_PCG_853,PCG,1,10.96477258226385,1.0,139,139,10.094790206715647,11.697430415536804,0.45793791600243317,10.606578170855194,11.319182928895431,-0.1504064761403363,0.07733391578765847,0.054557797416832865,-0.025789456770658248,0.03853391636956438,
roundabout_PCG_854,PCG,1,11.309489982951456,1.0,143,143,10.177913192019135,12.331476445815152,0.5009944278121603,10.984285281708111,11.664850099282951,-0.13447250527250176,0.13653269854897765,0.058412661179856176,-0.027792879651712177,0.035873948226133656,
roundabout_PCG_855,PCG,1,11.232869826770791,1.0,143,143,9.75170800402107,12.590505773563354,0.9048405311623002,10.417069367662927,12.109058252034474,-0.16829485319667725,0.13106021569516813,0.0880807385678003,-0.07531023474046794,0.06894156319784184,
roundabout_PCG_856,PCG,1,10.693227446468923,1.0,135,135,9.757599772873704,11.451530409774872,0.4586062269187197,10.356375299737753,11.079302246044353,-0.09521338742420404,0.08259326598806638,0.05393562585656403,-0.0473351285722341,0.05103496639696292,
roundabout_PCG_857,PCG,1,11.508804430158715,1.0,146,146,10.445875426749462,12.497144535546282,0.5331433424031701,11.216247853196823,11.870308803664924,-0.08686055532648318,0.1250319655404546,0.06067888076151837,-0.056004680969526266,0.03771331424708446,
roundabout_PCG_858,PCG,1,11.180579545700851,0.9854166666666667,140,139,10.332638639562415,12.192086247915409,0.5248050524100202,10.75086889796731,11.58158989912743,-0.15777726006385073,0.13341191353669402,0.07070149017580185,-0.05484721682364935,0.061515767624594986,
roundabout_PCG_859,PCG,1,11.35575559057669,1.0,144,144,10.159829118966558,12.570454417303248,0.49296842630002274,11.144375710010982,11.598988675692611,-0.1580274438128466,0.15708075890567486,0.06976868074391039,-0.03754895680381676,0.02159967689190223,
roundabout_PCG_86,PCG,1,11.406276622081501,1.0,145,145,10.486013311154334,12.658642129615078,0.6502154070359918,10.881556929836043,11.938653010411773,-0.08051593139628466,0.19107356434081346,0.06964425865558682,-0.05439263070251421,0.03886225108547592,
roundabout_PCG_860,PCG,1,10.995815556417158,1.0,139,139,10.19851193724045,11.634985118283945,0.3635679333109099,10.698412079603113,11.303726946506345,-0.09250005952366003,0.0924752317888764,0.041362493223945855,-0.028779779720705,0.027331283372650894,
roundabout_PCG_861,PCG,1,11.124593932222083,1.0,141,141,10.241743027833744,12.055220039015055,0.48756845402715765,10.720468831027182,11.456699575063094,-0.1997135009901143,0.09359249313644291,0.06690407933948762,-0.04472612423524858,0.054646597577875156,
roundabout_PCG_862,PCG,1,11.368758986911637,1.0,144,144,10.713504082947281,12.310374061726906,0.4302489926002165,11.020879512367795,11.654607160416154,-0.0691176244524705,0.14825908073590277,0.051101969409394016,-0.042208586558238004,0.0348963077134794,
roundabout_PCG_863,PCG,1,11.227254977675752,1.0,142,142,10.383741606525474,12.180506809600743,0.5194905784330343,10.769540534009145,11.668974258212373,-0.10556811537382238,0.07512517004972885,0.05176131232980003,-0.04892779706928385,0.03891755574181621,
roundabout_PCG_864,PCG,1,10.914107420875633,1.0,138,138,10.303497016041176,11.487411530442369,0.33317752801251277,10.602980540436242,11.185552114466129,-0.06057728398794637,0.07640327680684678,0.03511786176486272,-0.0252396713080838,0.024665473500375956,
roundabout_PCG_865,PCG,1,10.94490122154851,1.0,139,139,9.809598513680587,11.83113542840804,0.5734355473250321,10.448697852550673,11.399910867410595,-0.13121830945877555,0.10674169374720321,0.062218340036939344,-0.046401479952831615,0.05880587024832806,
roundabout_PCG_866,PCG,1,11.176540562235159,1.0,142,142,10.366572886230044,12.061855676814178,0.48073381385393027,10.772306064308557,11.58907037186761,-0.11276683295405299,0.08713626527605278,0.05655905042192638,-0.044965184828386295,0.050485643268304514,
roundabout_PCG_867,PCG,1,11.26833939504072,1.0,142,142,10.573582890161433,11.686693887325426,0.25294527590770843,11.153814104290003,11.471556142643275,-0.08581706297801794,0.08361241800338703,0.03333974034976886,-0.017789435003998655,0.018959972966492877,
roundabout_PCG_868,PCG,1,11.158799721335107,1.0,141,141,10.374612954971171,11.939413119772537,0.3674765050820666,10.947525396609183,11.40797337755625,-0.09561335998313503,0.10420393957461194,0.04660990869817889,-0.02497589886198881,0.028404671297765915,
roundabout_PCG_869,PCG,1,11.078186077197063,1.0,140,140,10.447990705879745,11.631037034882947,0.3044274832924209,10.878913377804157,11.306753167390175,-0.10527998036098829,0.07298167792677113,0.042899927331948376,-0.022578644082058563,0.03312387027393271,
roundabout_PCG_87,PCG,1,11.056555478370463,1.0,140,140,10.635771065902986,11.4073118273688,0.18930075504337193,10.956242094586017,11.177995203846422,-0.040877056617816265,0.06732303785464566,0.02689030200206181,-0.018552716537751035,0.010701183742775733,
roundabout_PCG_870,PCG,1,10.909896935730881,1.0,138,138,10.330421933302622,11.320650517682564,0.23860846362626137,10.83119054656234,11.046198686636844,-0.11922159056645398,0.04640277386254965,0.03354665502612042,-0.014036906383910974,0.02317351713065552,
roundabout_PCG_871,PCG,1,11.153131174294792,1.0,141,141,10.196983337692432,12.190621117300212,0.4886559120321664,10.84250209624629,11.536215118714097,-0.12228311049618945,0.1005246102887476,0.05433188005767386,-0.022148471653126833,0.03594558850871721,
roundabout_PCG_872,PCG,1,11.165845034255986,1.0,141,141,10.829048565010481,11.55790049885992,0.17508599300964195,11.045563556999916,11.281578890763543,-0.04118267410260401,0.08172689280164747,0.02589761614373437,-0.017279961682127976,0.010314906043234373,
roundabout_PCG_873,PCG,1,10.977213102987172,1.0,139,139,10.208985343613072,11.821636374527518,0.44475585794736006,10.62392163627085,11.360928991895168,-0.1243360100725166,0.09363304605840383,0.052493472527578904,-0.03842455754522689,0.03975636411275474,
roundabout_PCG_874,PCG,1,11.315391006061958,1.0,143,143,10.833189434763327,11.763855107123039,0.20831726661069744,11.196261426899895,11.443858619797414,-0.06442968005216798,0.05643349587550439,0.02714457385123197,-0.017865299654888922,0.01917924332896348,
roundabout_PCG_875,PCG,1,11.131516100895794,1.0,141,141,10.47983918155449,11.670272349414763,0.3247240880844675,10.88906647592727,11.406079784877813,-0.10865383550753016,0.0646163137650344,0.039424712894499725,-0.015864214152420786,0.028189308114219713,
roundabout_PCG_876,PCG,1,11.334415312662696,1.0,143,143,10.997344838462025,11.840052675537535,0.21113681009988747,11.140590962100035,11.464359252971455,-0.08146134305718178,0.08531526850416071,0.03482186817991663,-0.01892961969315632,0.017031038002942367,
roundabout_PCG_877,PCG,1,11.044004688831826,1.0,140,140,10.03235226584237,11.608286738664777,0.4169133402403524,10.761056149389198,11.46320282607819,-0.14713079642655025,0.0906761294084788,0.04804718043165115,-0.01650474435466487,0.03864453180497973,
roundabout_PCG_878,PCG,1,11.158214436390725,1.0,141,141,10.62246295555444,11.920018257922402,0.36900803715377123,10.933496814429397,11.408058524928494,-0.08816655521560435,0.08404742720485636,0.04520873123902247,-0.030762993802817107,0.03357205127238139,
roundabout_PCG_879,PCG,1,11.030206075343344,1.0,140,140,10.37265489116183,11.695360356613136,0.2978221414035791,10.840488036392374,11.259144157968658,-0.08899231499131766,0.08825273709975079,0.0409526128217934,-0.021784494058139092,0.019461162136643395,
roundabout_PCG_88,PCG,1,11.061086237697463,1.0,140,140,10.616947868344504,11.59973827041352,0.2729209318176645,10.833240401000204,11.25166536329187,-0.04760427560001368,0.062261773835269096,0.03301370886568929,-0.03265141423253404,0.028033696934573804,
roundabout_PCG_880,PCG,1,11.234912116645228,0.9236111111111112,135,134,9.88219380008564,12.591180821058181,0.8486891302774834,10.480896053141093,11.938661635306481,-0.4998359927778644,0.2189885752270797,0.10324080385396944,-0.06581055462219698,0.06695928346742575,
roundabout_PCG_881,PCG,1,11.208516014928923,1.0,142,142,10.553304041848728,11.8132631591754,0.3207950361548216,11.001502906207945,11.428040094688342,-0.062356788594446044,0.128079560799657,0.0404379998411029,-0.030575160549449087,0.019112397947069315,
roundabout_PCG_882,PCG,1,11.159023693709765,0.83125,121,120,8.459403520197634,13.241672838593685,1.433634203545375,10.062674626770363,12.299980326530381,-0.301395553486854,0.1739141701500877,0.09410159727497235,-0.08245809665707027,0.04476130099945008,
roundabout_PCG_883,PCG,1,11.293958700901364,1.0,144,144,10.500980376267808,12.089206995516044,0.45600362863193566,10.849571611043995,11.623400813874282,-0.10589265813127646,0.1593325877771754,0.06724131799133934,-0.05478822005099371,0.050290324695873245,
roundabout_PCG_884,PCG,1,11.440194082804336,1.0,144,144,11.187813301401503,11.792192507886645,0.16937286549174047,11.313348574080575,11.558711128168293,-0.04206807308713145,0.04704890757277447,0.02235935196294002,-0.01631106631274637,0.014487614766097057,
roundabout_PCG_885,PCG,1,11.058898649746624,1.0,140,140,10.402892478145494,11.563055343251559,0.3082964943946452,10.85271843543281,11.326017778864768,-0.0706180493843025,0.06835106665468871,0.03404827388273946,-0.02856366244112074,0.027647895210700657,
roundabout_PCG_886,PCG,1,10.996463534114508,1.0,139,139,10.591889006466292,11.4098792515502,0.249773140424673,10.7724665136612,11.196369624473181,-0.05461461165470993,0.06874328392154538,0.027103904132924107,-0.021839062181127744,0.021320221554341323,
roundabout_PCG_887,PCG,1,11.024849227376992,1.0,141,141,9.751436211047062,12.291946601012208,0.6050341408582519,10.647115620610862,11.346133115635245,-0.1831178365989441,0.16027448824853074,0.0808276237132313,-0.06339206626445382,0.047937823891397,
roundabout_PCG_888,PCG,1,11.0391483954321,1.0,140,140,10.472782940749154,11.775258857176036,0.39950513134447835,10.650885434522541,11.400505888160177,-0.10886572323180843,0.1184902088542632,0.05695779639900126,-0.04677697278515058,0.04077871748127615,
roundabout_PCG_889,PCG,1,11.020031635048031,1.0,139,139,10.393044579984752,11.458973363099801,0.2743768026753361,10.81840212385965,11.245891506452555,-0.07067396445015106,0.054527389618884925,0.033052982756421566,-0.02890937183574227,0.02299504099950056,
roundabout_PCG_89,PCG,1,10.961838207075838,1.0,140,140,9.317107101986586,12.166118115904219,0.7440538326828129,10.522539661022929,11.433913996456456,-0.229602642662595,0.17914440179807656,0.09528030957585525,-0.06308983879897445,0.03904708005843105,
roundabout_PCG_890,PCG,1,10.935705818543084,1.0,138,138,10.30164532443879,11.618644165854711,0.2959370383564194,10.756100040551019,11.099408185393429,-0.13171917124565802,0.06884836336103284,0.04295110334334046,-0.0206506789947265,0.02768953625937609,
roundabout_PCG_891,PCG,1,11.133955863989538,1.0,141,141,10.60629576539167,11.79616749405277,0.3635042131062758,10.805086367889368,11.431353128818051,-0.12128248628676808,0.06279669653143927,0.04591716051896063,-0.0386685045260009,0.03623044394728403,
roundabout_PCG_892,PCG,1,10.88317218780625,1.0,138,138,10.037903902707637,11.2807490250243,0.3382607641522896,10.60715386307861,11.149895397602254,-0.1105993719311158,0.10840773600304843,0.04164533519433883,-0.016881888539789003,0.025509990626363166,
roundabout_PCG_893,PCG,1,11.077609703870221,1.0,140,140,9.966669912398377,11.919007325134627,0.5906797215610667,10.549178568986726,11.564254316626553,-0.10422919375996287,0.1405742893065245,0.06211936926441017,-0.053355389734672354,0.046539174651391235,
roundabout_PCG_894,PCG,1,11.108430612850956,1.0,140,140,10.342746560167058,11.733619966693059,0.4139977729312662,10.737598733301315,11.471141817181959,-0.08704586239557166,0.08676237236542939,0.04325987124981311,-0.029561067563807608,0.03153858847300972,
roundabout_PCG_895,PCG,1,11.165115947198498,1.0,142,142,10.520427329127978,11.786703131744954,0.34121166672571357,10.890802681796249,11.416219534152727,-0.09224889099552591,0.12006588965651588,0.05787565265737953,-0.045886070652948696,0.04156468292103499,
roundabout_PCG_896,PCG,1,11.063971549490615,1.0,140,140,10.5843368334614,11.63485444283336,0.29063936984370414,10.839802594946375,11.26727788743947,-0.07612943597915311,0.08880125024669638,0.03994978417193091,-0.03446707444796715,0.024464004047061394,
roundabout_PCG_897,PCG,1,10.814689483729309,1.0,137,137,10.082105701746514,11.400667250864059,0.3879706023426638,10.5000846364292,11.16823070258599,-0.0655483649732993,0.07703726471991068,0.04096798169866371,-0.031300533227248906,0.037509499970619586,
roundabout_PCG_898,PCG,1,11.213622121112857,1.0,142,142,10.591132846019372,12.133658745854714,0.41922977837347336,10.839516030528438,11.472501636072305,-0.12427463674164407,0.07322311979640084,0.04655653220255479,-0.03412394563394061,0.036489440221624925,
roundabout_PCG_899,PCG,1,11.203156002831369,0.9152777777777777,134,133,9.613638249222536,12.584646216350604,0.8315998020275741,10.55183755827309,11.918943916685649,-0.49996851764290007,0.16094279004177103,0.10353645558343251,-0.05937113585493492,0.06120757376734787,
roundabout_PCG_9,PCG,1,11.36220220793707,1.0,145,145,9.92074915020986,12.907132699815817,0.7998860639719824,10.904265998744645,11.908807911280466,-0.15861472289195433,0.17443668887797514,0.08902083390244324,-0.0665220078195965,0.048561437793276596,
roundabout_PCG_90,PCG,1,10.956348271046728,1.0,138,138,10.462664187853045,11.4372377333738,0.28474874815237095,10.679160401364337,11.180656787382956,-0.04043930251430794,0.08140564035894648,0.03053366490232,-0.02352499625771509,0.019083035612229793,
roundabout_PCG_900,PCG,1,11.304304396397256,1.0,143,143,10.480465942889815,12.46208879218731,0.5591570575975886,10.786838184010442,11.801811472444875,-0.0934939974481157,0.11719386122781117,0.05414374105443144,-0.045809338200890615,0.04014891442824098,
roundabout_PCG_901,PCG,1,11.068489571014002,1.0,140,140,10.431136685732294,11.810119185925206,0.3432984499667053,10.774597105322318,11.278616221753918,-0.07754787883238556,0.09615559449667188,0.039469955932966934,-0.02896160641541634,0.01736393937229863,
roundabout_PCG_902,PCG,1,11.21061312011377,1.0,142,142,9.965368230223605,12.14890770058394,0.5742060318626883,10.773412661176437,11.729042665199632,-0.1169333070717471,0.1712956665413934,0.06939737632967007,-0.06435547379799456,0.05517185701531879,
roundabout_PCG_903,PCG,1,11.069769714705412,1.0,140,140,10.2346967101359,11.639005608452296,0.3609729920694023,10.826745354109553,11.38291381851767,-0.09472314954796701,0.1064082836068625,0.047093983057686944,-0.03201816674952829,0.03247596997981761,
roundabout_PCG_904,PCG,1,11.127852401866845,1.0,141,141,10.41666116119578,11.704643335172246,0.4020915984254037,10.785503568075017,11.487868051879936,-0.1410650103408777,0.0969851490915481,0.04731200145469609,-0.02944331499983832,0.029339365814481155,
roundabout_PCG_905,PCG,1,11.297076853623825,1.0,143,143,10.547694724518324,12.266664251074264,0.42571744993762267,11.00927761006168,11.61807450533636,-0.14512834038254674,0.1264391536517877,0.0597343884204201,-0.03176120985317876,0.04682867111942901,
roundabout_PCG_906,PCG,1,10.908679883839266,1.0,139,139,9.643589246528796,12.0534497074291,0.5996292334943476,10.567608507589851,11.360149628837455,-0.21394732468678157,0.12153242998002334,0.07861135039740046,-0.05154203584282424,0.062494267491990385,
roundabout_PCG_907,PCG,1,11.175533131020462,1.0,141,141,10.697403731720081,11.88571053145056,0.33784307006584285,10.923674103061863,11.407493313642709,-0.07756167066227704,0.10374285485474921,0.04526539400606738,-0.03190162477827663,0.039973027581099885,
roundabout_PCG_908,PCG,1,10.915701894347091,1.0,138,138,10.086909969768291,11.649103037550946,0.3560208701058055,10.713537532233415,11.167276165396574,-0.10150368497016693,0.08385967848113829,0.044329706666568096,-0.028285349672939386,0.028837028048367408,
roundabout_PCG_909,PCG,1,10.94934309972294,1.0,139,139,9.819082794602373,11.983476296079578,0.594897573355509,10.484691664531235,11.267830062731438,-0.14451351785333522,0.14845607851137288,0.07209957121481977,-0.04588368233006168,0.02683986147657791,
roundabout_PCG_91,PCG,1,10.785926878227544,1.0,137,137,9.632520858327767,11.56350043596374,0.5854728688018166,10.264239053570915,11.296709606485924,-0.14667364851007925,0.11912229436656219,0.06297336888500088,-0.03747578854464351,0.05467208167761406,
roundabout_PCG_910,PCG,1,11.326732771993873,1.0,143,143,10.622262954365818,11.849014794018537,0.27902805585061663,11.189696718902663,11.502473062663677,-0.11013760092594893,0.08663778973596692,0.04011074437283042,-0.018312772248203935,0.0207343162048792,
roundabout_PCG_911,PCG,1,11.259313728659489,1.0,143,143,10.448174232166087,12.101067548551658,0.4980199595230161,10.849725296309094,11.71713127259129,-0.15310458136524296,0.13916354700326572,0.06870955534746694,-0.054887276462809886,0.05386031049260076,
roundabout_PCG_912,PCG,1,11.12161622523807,1.0,141,141,10.602242237369655,11.687098070684362,0.31896770580361683,10.93437281987844,11.37139516783274,-0.07012376384495056,0.08457476074631565,0.04101845559045113,-0.031015322755163055,0.03261600375161855,
roundabout_PCG_913,PCG,1,10.94169130362292,1.0,139,139,9.860084268877936,11.747059711202668,0.5193486538591823,10.560457421542255,11.387593459225027,-0.09809330489110657,0.13806790584579254,0.05796601613139313,-0.04358844854529309,0.034100052583651674,
roundabout_PCG_914,PCG,1,11.118755369135418,1.0,141,141,9.815019559968956,12.3281994616051,0.6184946630919057,10.645790259473744,11.647660025262724,-0.15624280910261668,0.12173071810149771,0.06626721296026365,-0.03763189273945322,0.04622417822343827,
roundabout_PCG_915,PCG,1,10.914439499427552,1.0,138,138,10.176076696779997,11.831987258847732,0.4340323530551942,10.556044342757113,11.244228028016167,-0.0999399992789769,0.0999918202799055,0.048786755105860224,-0.03765894757173216,0.03945732561541604,
roundabout_PCG_916,PCG,1,11.111749716041647,1.0,141,141,10.637357773799813,11.603535667429973,0.2580277648740966,10.948690386246835,11.337234619195492,-0.08741690750522402,0.07351729042830257,0.03969748847620376,-0.024297272092494993,0.02558308493788175,
roundabout_PCG_917,PCG,1,11.494651460439007,1.0,145,145,10.795781385315834,12.193087302267285,0.3541544327044749,11.257621199386708,11.727558052334839,-0.0660349573788448,0.09162989524855014,0.04425840611157162,-0.03603406429939504,0.035791211842912674,
roundabout_PCG_918,PCG,1,11.17527888979962,0.9840277777777777,141,140,10.221967918164177,12.11917830587759,0.61653224491919,10.586813514534908,11.742971403216902,-0.4674720956688052,0.12298470013004525,0.07193887698518464,-0.046508043806129606,0.052208021593130205,
roundabout_PCG_919,PCG,1,11.291454049514426,1.0,143,143,10.336180852214545,11.956970085091509,0.37839869998392656,11.100463576356265,11.632427295165026,-0.08109563552694432,0.12234775776428997,0.04276606084306753,-0.03294277001144774,0.020879555081227075,
roundabout_PCG_92,PCG,1,11.013319929355475,1.0,139,139,10.774312186203797,11.338907626689622,0.14046917397551925,10.909849122218592,11.100849266186938,-0.04135052561725239,0.057186733666835465,0.020637152195874094,-0.013625302582799037,0.012152634318118416,
roundabout_PCG_920,PCG,1,11.209670316695224,1.0,142,142,10.58751567341341,11.757051510842095,0.2608698339397711,11.081203912310281,11.387093708636309,-0.07786330180894296,0.06888878756307903,0.033723535843419195,-0.01934573076747048,0.020419595124525625,
roundabout_PCG_921,PCG,1,11.60697978916365,1.0,147,147,11.129573434439047,12.404377510703894,0.3193202436681219,11.351737553938188,11.821004573900083,-0.07354999928757877,0.10981185059832477,0.04213951517729025,-0.03580895271428908,0.027734519330367746,
roundabout_PCG_922,PCG,1,11.003868835038093,1.0,139,139,9.91150123311351,11.89742887200698,0.4738263116049561,10.674809115982999,11.41353747920591,-0.10445674236603963,0.11703067980243276,0.05460311696030457,-0.039553023381160735,0.03649735352053707,
roundabout_PCG_923,PCG,1,11.245907502029041,1.0,142,142,10.580840234072085,12.033443595326338,0.36499137826233524,10.960706489547295,11.485928796155084,-0.06590160603982831,0.101056810702838,0.04448331793865542,-0.029471953717133736,0.027113356355123575,
roundabout_PCG_924,PCG,1,11.299581209477667,1.0,143,143,10.53655017947755,11.959141533645361,0.2953076620367428,11.14858605088692,11.468497396482945,-0.09858700366395112,0.11847167742782183,0.04435856577323588,-0.017762683397438472,0.020981035260676073,
roundabout_PCG_925,PCG,1,11.009841665152948,1.0,140,140,9.96220946455002,11.964203394920215,0.5871135713100958,10.551582842284127,11.515454574759964,-0.12671087330163822,0.16376645397181555,0.06857442686119214,-0.053052557553249,0.047285799939472906,
roundabout_PCG_926,PCG,1,10.97427317413981,1.0,139,139,10.09197251791982,11.70620259685305,0.46103519260264914,10.58391447621953,11.269212334209055,-0.09717605775840887,0.10524610203761675,0.0514002744079432,-0.037610865692155215,0.019978800124214935,
roundabout_PCG_927,PCG,1,11.293624385478623,1.0,143,143,10.207755533120643,12.3971835334575,0.6056160465743333,10.765493258782243,11.80170979719508,-0.09636531562335904,0.1346148860957026,0.0631267648901298,-0.05136079153225115,0.04954186911706682,
roundabout_PCG_928,PCG,1,10.942825512837198,1.0,138,138,10.332800837186255,11.484235079368801,0.2590146491647407,10.845348819789985,11.126968724455153,-0.12641617350617196,0.060890470856387324,0.03681222131629083,-0.01284425613246265,0.02056974570081449,
roundabout_PCG_929,PCG,1,11.260868384862414,1.0,143,143,10.59967533541058,12.06299289260992,0.4235812210874993,10.930874658510522,11.6122706314315,-0.07106315361946614,0.11847946895519357,0.04962774726607014,-0.038761359079869884,0.030076398678725802,
roundabout_PCG_93,PCG,1,11.51828088628829,1.0,145,145,11.267941843209252,12.002907315070015,0.1817562131628344,11.382522365199579,11.633923638021983,-0.051186823553479144,0.05270559195428959,0.02282983072355606,-0.01372070057526642,0.012839459457238078,
roundabout_PCG_930,PCG,1,11.40130277192414,1.0,144,144,10.921028285102524,12.093838854796775,0.33219301944946006,11.133780571374022,11.60673472857441,-0.07932065685159984,0.0809879917860421,0.04183358151924122,-0.03262812400906201,0.028117227428783753,
roundabout_PCG_931,PCG,1,11.326402295846957,1.0,143,143,10.773403626588133,11.839708007469536,0.3091354889816423,11.063127901787006,11.580438828523,-0.11376872552103734,0.07945758011796222,0.04733823474415184,-0.03366971213485748,0.03298036154992001,
roundabout_PCG_932,PCG,1,11.068324524817857,1.0,140,140,9.945126480757414,11.699913434706398,0.50721359154582,10.68672800507264,11.550237685337375,-0.09110669946853811,0.14908793486338823,0.05415322206918595,-0.045971839685192695,0.023041655902530156,
roundabout_PCG_933,PCG,1,11.121143103439808,1.0,141,141,10.505026640115652,11.79504270483683,0.350496401651301,10.879708931850177,11.377295402429462,-0.07696344074612149,0.08127163715877295,0.04356145061942844,-0.03432283423076754,0.032648169321269904,
roundabout_PCG_934,PCG,1,11.28077728311287,1.0,143,143,10.765414474034573,11.905904197310289,0.31388162621099847,11.020676889246726,11.50229028687778,-0.0603423541207917,0.06841859577961529,0.034838271456980825,-0.029646564018300126,0.023012654510648822,
roundabout_PCG_935,PCG,1,11.295155569465,1.0,143,143,11.041591330568918,11.591715217699,0.1420504333527507,11.168454757122792,11.388232715048122,-0.03398756885824561,0.030607048957904226,0.01864286108341435,-0.015421522917193009,0.016484342192108592,
roundabout_PCG_936,PCG,1,11.119933791301046,1.0,141,141,10.183596461392803,12.271707862342264,0.5364242223295107,10.686272110494473,11.452503840464251,-0.19476849056455414,0.092021175790018,0.06774864804668412,-0.043641185204661426,0.05585260284216531,
roundabout_PCG_937,PCG,1,11.156969866187367,1.0,141,141,11.020164091156072,11.336166742342924,0.08299484468107832,11.085540721023028,11.213279077901468,-0.023891217648364105,0.023636934329513082,0.011302621336503534,-0.007761298598813582,0.00811752832003343,
roundabout_PCG_938,PCG,1,10.958679233887047,1.0,138,138,10.318911973563525,11.611274705393836,0.34359953531688575,10.668670624424413,11.240721861892133,-0.08156024069993606,0.048823187061048046,0.03580239851446529,-0.02390590563051953,0.033320637811879994,
roundabout_PCG_939,PCG,1,11.330118706185793,1.0,144,144,10.013798510096262,12.54207206900465,0.6777491444760276,10.885823364433982,11.880827585443745,-0.1438017918352248,0.10128237038309784,0.06960370019250871,-0.055129143582338,0.0468874548465803,
roundabout_PCG_94,PCG,1,11.296093745803526,1.0,143,143,10.674592647327005,11.851696117390807,0.3339267169269004,10.99616093816851,11.609313982910047,-0.08172009139968317,0.1127076233793094,0.04802069870009878,-0.037325597117130016,0.030428047412370596,
roundabout_PCG_940,PCG,1,10.980520792694,1.0,139,139,10.576090888534331,11.376056584843177,0.21977685843005887,10.798019950437455,11.128105420573956,-0.039240342271895656,0.07461018143269271,0.028486585555887463,-0.024285566941968817,0.016151358387563874,
roundabout_PCG_941,PCG,1,10.977439649992082,1.0,138,138,10.827818708050632,11.172854759849509,0.09566912238146993,10.895400605959088,11.041268118308697,-0.024265265445194473,0.03545808678702578,0.014989874516314299,-0.010106812891101047,0.010857656380265812,
roundabout_PCG_942,PCG,1,11.260533578564925,0.9131944444444444,134,133,9.539582647419078,12.729255842666168,0.967794826352167,10.594903216284791,12.162649771841165,-0.49998884690885603,0.15586235650740754,0.10633946175545339,-0.07861460595982805,0.0772831370981919,
roundabout_PCG_943,PCG,1,11.339778635444393,1.0,144,144,10.369275359877307,12.685354996843387,0.6341505031356578,10.874440063983489,11.832793420007466,-0.13228294071709357,0.14155296551797036,0.06795095059153075,-0.055706145504263116,0.048519180708767706,
roundabout_PCG_944,PCG,1,10.690704235494874,1.0,136,136,9.807772967765867,11.67576405991192,0.5397402486785985,10.225232253109608,11.155370991046366,-0.10493573116487909,0.12873757768852911,0.06487156226808262,-0.061982339058370695,0.05635924532813741,
roundabout_PCG_945,PCG,1,11.199667080124476,1.0,142,142,10.632411744001512,12.051397006328804,0.420983963873396,10.831961474307173,11.504943549923276,-0.10756886617688721,0.07685265819550224,0.04764664031381414,-0.03234646805905994,0.03830489039157303,
roundabout_PCG_946,PCG,1,11.042845486217612,1.0,140,140,10.267051071612128,11.574786151142485,0.3217950275553794,10.86137701533231,11.309388950279564,-0.1491200152217207,0.07646034112098476,0.04942260367501704,-0.028721001544623093,0.0386236991827511,
roundabout_PCG_947,PCG,1,10.887017835118968,1.0,138,138,10.112375085016561,11.345355771853239,0.39156974382004883,10.50397728482983,11.26609782854306,-0.06133887142510197,0.06876223427485506,0.03861020935309975,-0.03115769237985555,0.03341110105145173,
roundabout_PCG_948,PCG,1,11.331330068227105,1.0,144,144,9.94751185133892,12.669143906188255,0.7587410150269104,10.736858721735537,11.954011407438825,-0.15624860055345913,0.1191432317863228,0.07604730524348823,-0.06633105706920572,0.06248019832955087,
roundabout_PCG_949,PCG,1,11.225366043126487,1.0,142,142,10.410579614378925,11.883216973225183,0.380765329950286,10.97765393857693,11.436834851674107,-0.08334833950812914,0.1455648148745592,0.05215870202161137,-0.04305190084077326,0.01716830925227253,
roundabout_PCG_95,PCG,1,11.213759151550246,1.0,142,142,10.000203411187144,12.506916243703825,0.609945184481117,10.832115991620606,11.65910288497294,-0.1336836717475549,0.15608739142003358,0.07142369015539307,-0.042481968770915035,0.05125204486117507,
roundabout_PCG_950,PCG,1,10.922878964853384,1.0,138,138,9.991906415829108,11.537278277755075,0.3787224924358419,10.765928947095798,11.203120450866184,-0.13713179591668734,0.10600544134347878,0.049846034500134105,-0.025955358769288672,0.02287430706199567,
roundabout_PCG_951,PCG,1,11.276420202655151,0.9152777777777777,135,134,9.555323108766574,12.759617307791398,0.9439760619882498,10.49388979496749,12.000882656646976,-0.4999993749086631,0.14906372559836711,0.11257569743232146,-0.06896313962987666,0.08466350099017061,
roundabout_PCG_952,PCG,1,10.940332224073144,1.0,138,138,10.278694430970882,11.406366301908527,0.32115512333511287,10.6754514546849,11.240540737279382,-0.0641710971730518,0.06772069455693419,0.03249400427099098,-0.027135245451290313,0.026910776556714033,
roundabout_PCG_953,PCG,1,11.062488764841781,1.0,140,140,10.122902926760972,11.832457403660273,0.4573326379349519,10.759122615197947,11.39249357525237,-0.112511983431558,0.12293768836905272,0.056746189094900784,-0.03836671258079072,0.03641258394698399,
roundabout_PCG_954,PCG,1,11.00675547812708,1.0,139,139,10.56000411735215,11.448549952807834,0.27203494328677036,10.801649098346992,11.254936378572133,-0.07077812898738145,0.06130820031162898,0.034298284096958974,-0.03386356712612315,0.030469821490369142,
roundabout_PCG_955,PCG,1,11.130124672249819,1.0,141,141,9.879180623433049,12.571530839852782,0.7022843586574357,10.489981977163417,11.618680124726747,-0.1569890413129098,0.12422591141075046,0.07637058745801457,-0.02998070721839774,0.06639511834424461,
roundabout_PCG_956,PCG,1,11.198334584994987,1.0,142,142,10.287251194253177,12.217716946736363,0.5105665942706515,10.812687011608139,11.595310861302007,-0.08462965755521701,0.11976589712819319,0.05542454785157428,-0.040645656723140355,0.04496887334235833,
roundabout_PCG_957,PCG,1,10.998207727192515,1.0,139,139,10.091221314913273,11.8414509457506,0.4318028156629142,10.76362550391881,11.29424003721431,-0.07823592627390674,0.16453334446754297,0.05626342311366875,-0.044241769200911385,0.03548479765976431,
roundabout_PCG_958,PCG,1,11.132330792528133,1.0,141,141,10.523025397084012,11.811756936154802,0.30916595906801075,10.922997068091187,11.293565776339072,-0.08113710093936533,0.06435733981296643,0.037167077890494504,-0.027057467012301828,0.03263703573260024,
roundabout_PCG_959,PCG,1,11.112158400441851,1.0,140,140,10.362286902712533,11.93739586248637,0.41363250442371513,10.80281173377325,11.43224778508721,-0.09612355158204977,0.07268299009564672,0.043594490564022904,-0.03210520829163732,0.034777452131733444,
roundabout_PCG_96,PCG,1,10.933535883251356,1.0,138,138,10.438734891709405,11.349673359048829,0.3104833810189987,10.653723020208592,11.235928617012167,-0.09561492243615533,0.07655783748012368,0.034781239885552415,-0.019190554349819866,0.018499179543731703,
roundabout_PCG_960,PCG,1,10.985713302351888,1.0,139,139,9.746957005314107,11.962941969839743,0.6428409910366031,10.415567216798934,11.464366993377215,-0.13525124962474955,0.13260027452574263,0.06707694870597532,-0.036960725532725114,0.053605642287713806,
roundabout_PCG_961,PCG,1,11.319580186323346,1.0,144,144,9.94623624668294,12.675783737483327,0.7072523204256477,10.99359945698578,11.874307247459784,-0.12462214543534067,0.15670856799395239,0.07842625718234707,-0.0687591820488227,0.039169602740705134,
roundabout_PCG_962,PCG,1,11.021522699175511,1.0,139,139,10.423060860699808,11.712736296094372,0.35175479603728604,10.731750183399893,11.257403718471704,-0.07330944424813524,0.08159721171451828,0.043669087773503375,-0.03980083870363771,0.03591549393845295,
roundabout_PCG_963,PCG,1,11.251580950165502,1.0,142,142,10.605662257525355,11.945883730207365,0.3597176964180902,11.014276358071383,11.453560452392276,-0.09192492716415224,0.08946924048261629,0.04855568140437546,-0.039357212633280625,0.035250562709162825,
roundabout_PCG_964,PCG,1,11.430604360522093,1.0,145,145,10.699029314804639,12.279266162971417,0.3284808802941151,11.248973586986207,11.613419372417715,-0.10298924142432142,0.11933888241187596,0.04724352628362297,-0.025544869378661517,0.028015631635827987,
roundabout_PCG_965,PCG,1,11.008695904828727,1.0,139,139,10.716527055319965,11.436935910451744,0.17286145511389922,10.857582790959198,11.109082745993351,-0.054433595731294915,0.041452975577128015,0.022009192547116734,-0.012374742269255279,0.014634598209838146,
roundabout_PCG_966,PCG,1,11.009326402147925,1.0,139,139,10.273718216752902,11.571291128621871,0.37936079335542616,10.676485928220556,11.304981555582984,-0.06244428791450396,0.09886520282874933,0.040831687582468815,-0.033577352512131675,0.02629638758238695,
roundabout_PCG_967,PCG,1,11.075904301245188,0.73125,111,110,7.495047505940079,14.587925522585975,2.190003411170745,9.006641385385281,13.12671163093447,-0.22828063675296129,0.23771189322545894,0.1362677617935231,-0.12671767033377312,0.13700453855259864,
roundabout_PCG_968,PCG,1,11.475389740697349,1.0,145,145,11.071566286908483,12.068384897919056,0.23659291751893513,11.304865549892737,11.62159429166701,-0.06166056298156519,0.07015180066329307,0.034524444572496864,-0.02578871202298849,0.024366011389320263,
roundabout_PCG_969,PCG,1,11.174749388350776,1.0,141,141,10.593024477555941,11.803585321374781,0.3284520996941117,10.96624178495893,11.46285156994707,-0.08016852476668568,0.060239712174839255,0.03862918760570851,-0.01894057603301391,0.027492145122737455,
roundabout_PCG_97,PCG,1,10.937941553835286,1.0,139,139,10.09153669477502,12.113375237478651,0.5602698483050741,10.41737827001144,11.372157730980263,-0.15329136251128084,0.11809815361668541,0.06177289448681555,-0.03610596546943334,0.035461012624482535,
roundabout_PCG_970,PCG,1,11.151465531521346,1.0,142,142,10.218077010127624,11.898831959762413,0.45006169601855317,10.777636386599008,11.495998628216261,-0.18068279178765323,0.11108273145296721,0.07235829547512251,-0.040656806293224435,0.06287169182002339,
roundabout_PCG_971,PCG,1,11.176221897694493,1.0,141,141,10.213002942075603,11.765534555702258,0.4031942655646642,10.90946673025535,11.53671556662055,-0.1005861812426403,0.10586592040736775,0.048706700602604035,-0.03331760121122862,0.04056516952257283,
roundabout_PCG_972,PCG,1,11.143275325832015,1.0,141,141,10.581769855360989,11.74729000782852,0.2835985340864995,10.916552766216116,11.311503584842209,-0.06659334865352484,0.09208620879563334,0.03508782130942723,-0.02635317445591845,0.02203451899595521,
roundabout_PCG_973,PCG,1,10.927297223969513,1.0,138,138,10.023989222950364,11.776195040779692,0.47712998347761215,10.514004376494245,11.368588221445808,-0.07227131007043575,0.09164877140364247,0.048323050391708935,-0.03836797515656043,0.040273043940173725,
roundabout_PCG_974,PCG,1,11.183104038851324,1.0,141,141,10.764455300937328,11.771688494344486,0.28376778838894107,10.965016463674198,11.407178168166155,-0.053169126867503635,0.05813488942240497,0.03020606853902288,-0.02391734049099803,0.021263800693255064,
roundabout_PCG_975,PCG,1,11.062506214964245,1.0,140,140,10.45795038234555,11.560974256867915,0.2635364950807983,10.89731107840749,11.272646888629353,-0.07947877808272352,0.103693182915789,0.03902614944813521,-0.025717668552105444,0.02254138943091233,
roundabout_PCG_976,PCG,1,11.439955275876708,1.0,145,145,10.604174397349372,12.56418210020536,0.5232417591227579,11.095250431617597,11.860021878849146,-0.10598993149493552,0.10190764003447406,0.05374421471275095,-0.048500949709595176,0.043216781710940566,
roundabout_PCG_977,PCG,1,11.073855375247636,1.0,140,140,9.956745889222763,12.22925475638007,0.6681075944151618,10.499288351438977,11.682736054502941,-0.09425033426214746,0.1327479829499243,0.0647908353845001,-0.05492089049692428,0.05138928730416925,
roundabout_PCG_978,PCG,1,11.334803009530724,1.0,144,144,10.543228192113544,12.268784649895858,0.46583342191131266,10.97521521436771,11.654406764519766,-0.10394561508697997,0.08978342516302895,0.05715271559797468,-0.050673271292388744,0.054522390962786105,
roundabout_PCG_979,PCG,1,11.072655982832401,1.0,140,140,10.556729235075926,11.6285073649866,0.2975342705201065,10.856908571072854,11.374637062981542,-0.06867721854649034,0.057264497968592565,0.036029163147434186,-0.032714937583888215,0.03158578323520356,
roundabout_PCG_98,PCG,1,11.028947924665559,1.0,139,139,10.468565845577233,11.516171500784397,0.2987261258421912,10.777941019480249,11.281089145516798,-0.05985477125818761,0.08883896659068924,0.034482135452554984,-0.019642628475012636,0.014103364855228229,
roundabout_PCG_980,PCG,1,11.266016527009015,1.0,143,143,10.295155417433026,12.143668504366675,0.515922988093607,10.836302858515825,11.723219102147127,-0.10187663393472945,0.09282190040092253,0.05136788287258612,-0.04661186353343538,0.03717007605350986,
roundabout_PCG_981,PCG,1,11.314999998250515,1.0,144,144,10.110384135185317,12.389159955656632,0.6089890394829561,10.79322510588252,11.865552624169933,-0.13109341496233284,0.1746469585920849,0.07851688234114365,-0.0730699481355721,0.06306225650792285,
roundabout_PCG_982,PCG,1,11.051911192792314,1.0,140,140,9.818641617789687,12.046275278592665,0.5466633024253623,10.741681313250913,11.505518505554711,-0.12969085991082174,0.10346057000487896,0.0608465816474251,-0.03653256653419579,0.052178473625343,
roundabout_PCG_983,PCG,1,11.092307670518654,1.0,140,140,10.580467959355284,11.66542237542454,0.28646730846446083,10.937284343267788,11.323230665829621,-0.04929107294759305,0.08111248128936666,0.03182987055962387,-0.02377238107114188,0.016743329573834842,
roundabout_PCG_984,PCG,1,11.27097492115598,1.0,143,143,10.150520304813332,11.85063508650614,0.42283435271169084,11.028870181507894,11.533362396303573,-0.14608133098657206,0.13122635188317489,0.05591692388722438,-0.02297727825728213,0.02681760613706885,
roundabout_PCG_985,PCG,1,11.05025218078688,1.0,140,140,10.6988036430181,11.594374024071076,0.21113893309351797,10.911524784722628,11.18524365184047,-0.05924948998698909,0.08552686598414816,0.03050800748466946,-0.020162886981479833,0.020020354779137772,
roundabout_PCG_986,PCG,1,10.825635259188216,1.0,137,137,10.214985482148306,11.347226508165974,0.3121651429472289,10.58126650798127,11.08122860284099,-0.06595464194760936,0.11141118881000978,0.04328510571212307,-0.03637028184608937,0.02953981462625599,
roundabout_PCG_987,PCG,1,11.332552883587152,1.0,144,144,9.904184799287934,12.708134796503144,0.686490502999825,10.864898737666337,11.808660276139532,-0.11504030631598638,0.1680987059264467,0.07678966294673882,-0.07004178412706041,0.04424009668533291,
roundabout_PCG_988,PCG,1,11.384634453748971,1.0,144,144,10.478479039933024,11.940547307427153,0.3831835336083336,11.15522016085052,11.685660633714857,-0.08800234012379349,0.12365118305895528,0.0427802008255703,-0.0290026263284493,0.021756328366813626,
roundabout_PCG_989,PCG,1,11.329402718361306,1.0,143,143,10.702086426091904,11.812574321539154,0.29390488038188506,11.143950696593512,11.579180667809766,-0.08147489589507195,0.0537708256704601,0.031398026019280365,-0.016950317922897362,0.01693421747717494,
roundabout_PCG_99,PCG,1,11.027952151291474,1.0,139,139,10.444892891301429,11.49595784425597,0.28455113038283825,10.774433533383199,11.260573141006333,-0.060292132221103856,0.04604936953698768,0.02919709354412884,-0.021664489560987654,0.024675589138065668,
roundabout_PCG_990,PCG,1,11.38843581397477,1.0,144,144,10.28734965526879,12.486327649863002,0.5333270152823529,10.965635674731057,11.697730437760438,-0.12958396123621618,0.13404920666703468,0.06083769249599803,-0.031557876934348084,0.03636063634428721,
roundabout_PCG_991,PCG,1,10.875528672208974,1.0,138,138,10.119554143039634,11.734371699536288,0.45926098271646454,10.45899484949716,11.206390842654919,-0.09414611683714291,0.08979924054015243,0.05047917849264475,-0.03888254152073589,0.03872114400756077,
roundabout_PCG_992,PCG,1,11.486803340752406,1.0,145,145,11.028726552999077,12.098878658296075,0.2838369806382033,11.26789786554917,11.723255510170267,-0.06749842143101681,0.08472803991369915,0.04047199340673837,-0.028300685576374107,0.03059400831813619,
roundabout_PCG_993,PCG,1,10.982731359665639,1.0,139,139,10.657787079089614,11.437926888015701,0.21167227879322886,10.813335955693834,11.142032188172617,-0.048392272210781684,0.07245131065878674,0.029711785068373783,-0.024751914284295573,0.01789236519428261,
roundabout_PCG_994,PCG,1,11.169203589464187,1.0,142,142,10.420511853013972,11.927724942297548,0.375270494531263,10.991609815725466,11.406671388575747,-0.16470057820188622,0.10090266796754221,0.05865078050406443,-0.02890104747671307,0.03613622963929064,
roundabout_PCG_995,PCG,1,11.023005069426388,1.0,139,139,10.27407939796617,11.426802185541217,0.3094351805722402,10.880958602625954,11.216984874061634,-0.10001388425411051,0.10339471909366615,0.04444379400647442,-0.025167462901565685,0.010722027086053743,
roundabout_PCG_996,PCG,1,11.211322382605582,1.0,143,143,9.404173313565098,12.629149038546366,0.9456906506655994,10.411204523341286,11.978050678128884,-0.19952036954433083,0.18262889025814566,0.09947900979542003,-0.08605386838116935,0.08068760761504823,
roundabout_PCG_997,PCG,1,11.256778178738934,1.0,142,142,10.82746532742478,11.704255759189145,0.2034510362192963,11.114358281226124,11.412804633478606,-0.03942581438265336,0.060362530044979934,0.026981521050812068,-0.023066690834229853,0.01792189001041855,
roundabout_PCG_998,PCG,1,10.857263578084293,1.0,137,137,10.116930947979881,11.50499525643919,0.3501678801286704,10.568263265777265,11.09684542724511,-0.09535265317396124,0.09749190912237005,0.04931974202187814,-0.04892915426951738,0.04119008046527739,
roundabout_PCG_999,PCG,1,11.289738219141245,1.0,144,144,10.376753997122302,12.544506780500697,0.632426250512382,10.81253015084868,11.777501370064481,-0.1459137980159504,0.13284192897330094,0.07358356547420669,-0.056465686861417286,0.05854065636016781,
FOT_A_087,Real,1,11.280688341625067,0.8722222222222222,126,123,10.412538882134694,12.324123059609457,0.6194525791653327,10.726295702548112,11.858127705061223,-0.0701486087271892,0.10990927327314814,0.032977406650937846,-0.022153358412545288,0.01735660457667798,
FOT_A_090,Real,1,16.725612130792594,1.0,211,211,16.412256998842672,17.10803561011557,0.13890730558636347,16.625037063054624,16.815035927688527,-0.13655404972551466,0.20889937843734074,0.03331365590292211,-0.022567598067309902,0.01981393934881126,
